{
  "condition_id": "crossiso__lyra-persona__t06__r03",
  "topic": "Remote work has weakened organisational culture more than it has empowered individuals",
  "turn_count": 21,
  "persona": {
    "by_speaker": {
      "Lyra": {
        "mean": 0.6602836152290418,
        "per_turn": [
          0.762722845317286,
          0.5737022505422074,
          0.7674905492704632,
          0.755169809904187,
          0.49992730937107355,
          0.8237810780412791,
          0.5187191967181566,
          0.7330757216520258,
          0.7022603255073927,
          0.4681908135443939,
          0.6580798676509942
        ]
      },
      "Cipher": {
        "mean": 0.7132538610683545,
        "per_turn": [
          0.671461321309096,
          0.7398591187570294,
          0.7329405545990342,
          0.4768703263011583,
          0.7213405401749976,
          0.6922936682826552,
          0.7584358303152664,
          0.7611059824056543,
          0.7880143042542149,
          0.7902169642844394
        ]
      }
    },
    "discrimination": {
      "Lyra": {
        "own_mean": 0.6603,
        "cross_mean": 0.3397,
        "gap": 0.3206
      },
      "Cipher": {
        "own_mean": 0.7133,
        "cross_mean": 0.2867,
        "gap": 0.4265
      }
    }
  },
  "coherence": {
    "per_turn": [
      null,
      0.6695981621742249,
      0.8040682673454285,
      0.8354871273040771,
      0.7479947805404663,
      0.7416894435882568,
      0.6653484106063843,
      0.4871353507041931,
      0.6572909355163574,
      0.48562371730804443,
      0.5653309226036072,
      0.5230344533920288,
      0.6743531227111816,
      0.6522645950317383,
      0.5879536867141724,
      0.7177807092666626,
      0.6663702726364136,
      0.6243358254432678,
      0.6014295816421509,
      0.7324347496032715,
      0.05273246765136719
    ],
    "mean": 0.6246128290891647,
    "min": 0.05273246765136719
  },
  "topic_drift": {
    "per_turn": [
      0.8077481985092163,
      0.7975659966468811,
      0.8045324087142944,
      0.8099509477615356,
      0.6930086016654968,
      0.7396953701972961,
      0.6599376201629639,
      0.435590922832489,
      0.5070847272872925,
      0.8314302563667297,
      0.44092148542404175,
      0.4240227937698364,
      0.4203692078590393,
      0.3822532296180725,
      0.36586159467697144,
      0.19220608472824097,
      0.2010287344455719,
      0.3089599907398224,
      0.22430777549743652,
      0.20751728117465973,
      0.07475210726261139
    ],
    "mean": 0.49184501596859526,
    "min": 0.07475210726261139,
    "drift_slope": -0.0368774213380628
  },
  "sentiment": {
    "per_turn": [
      0.8511,
      0.25,
      0.2716,
      0.4678,
      0.5789,
      0.3291,
      0.6946,
      0.928,
      -0.2263,
      0.5157,
      0.915,
      0.5083,
      0.9354,
      0.9579,
      0.9665,
      0.9648,
      0.9896,
      0.6873,
      0.9757,
      0.9274,
      0.9737
    ],
    "by_speaker": {
      "Lyra": [
        0.8511,
        0.2716,
        0.5789,
        0.6946,
        -0.2263,
        0.915,
        0.9354,
        0.9665,
        0.9896,
        0.9757,
        0.9737
      ],
      "Cipher": [
        0.25,
        0.4678,
        0.3291,
        0.928,
        0.5157,
        0.5083,
        0.9579,
        0.9648,
        0.6873,
        0.9274
      ]
    },
    "mean": 0.6886714285714286,
    "slope": 0.030685584415584416,
    "volatility": 0.32286117043421253
  },
  "diversity": {
    "by_speaker": {
      "Lyra": {
        "semantic_diversity": 0.6262674927711487,
        "ttr": 0.3766968325791855
      },
      "Cipher": {
        "semantic_diversity": 0.5885199904441833,
        "ttr": 0.450229709035222
      }
    },
    "global_ttr": 0.3122966818477554
  }
}