{
  "condition_id": "crossiso__cipher-persona__t02__r02",
  "topic": "Universal basic income would reduce workforce participation and innovation over time",
  "turn_count": 21,
  "persona": {
    "by_speaker": {
      "Lyra": {
        "mean": 0.2208421370473391,
        "per_turn": [
          0.21932310921418874,
          0.1773455947019296,
          0.166833899248111,
          0.24864345350711914,
          0.22723823719980538,
          0.2642355403497032,
          0.1404909719914001,
          0.19740234957831518,
          0.25517237679969035,
          0.2147235117794415,
          0.31785446315102606
        ]
      },
      "Cipher": {
        "mean": 0.7837463870450678,
        "per_turn": [
          0.7515525493352271,
          0.7972715102257842,
          0.7814968317611645,
          0.783149758748432,
          0.7534627346559027,
          0.7736491299102851,
          0.7756052637119919,
          0.7456857519144215,
          0.8461290360417982,
          0.8294613041456709
        ]
      }
    },
    "discrimination": {
      "Lyra": {
        "own_mean": 0.2208,
        "cross_mean": 0.7792,
        "gap": -0.5583
      },
      "Cipher": {
        "own_mean": 0.7837,
        "cross_mean": 0.2163,
        "gap": 0.5675
      }
    }
  },
  "coherence": {
    "per_turn": [
      null,
      0.5795015096664429,
      0.8063691854476929,
      0.7404212355613708,
      0.7803843021392822,
      0.6813850998878479,
      0.7629621028900146,
      0.5096517205238342,
      0.7839715480804443,
      0.7345157265663147,
      0.9017730951309204,
      0.8020654320716858,
      0.7640632390975952,
      0.3484504818916321,
      0.7631957530975342,
      0.7321520447731018,
      0.6731470823287964,
      0.4601406157016754,
      0.595870852470398,
      0.4875235855579376,
      0.05760831758379936
    ],
    "mean": 0.648257646523416,
    "min": 0.05760831758379936
  },
  "topic_drift": {
    "per_turn": [
      0.7544527053833008,
      0.6228076815605164,
      0.637460470199585,
      0.5124201774597168,
      0.3839991092681885,
      0.3603892922401428,
      0.24094118177890778,
      0.5918623805046082,
      0.5186640620231628,
      0.6061118841171265,
      0.6101333498954773,
      0.588509202003479,
      0.457905113697052,
      0.2929057776927948,
      0.42792683839797974,
      0.2996504306793213,
      0.3456995487213135,
      0.385187029838562,
      0.3443112373352051,
      0.12819787859916687,
      0.48749828338623047
    ],
    "mean": 0.45700160165627796,
    "min": 0.12819787859916687,
    "drift_slope": -0.014517399707397861
  },
  "sentiment": {
    "per_turn": [
      0.8705,
      0.93,
      0.7637,
      0.9224,
      0.6349,
      0.8462,
      -0.0129,
      -0.577,
      0.9032,
      0.3612,
      0.0258,
      0.9609,
      0.8553,
      0.8981,
      0.8765,
      0.397,
      0.928,
      0.9428,
      0.6652,
      0.8051,
      0.9618
    ],
    "by_speaker": {
      "Lyra": [
        0.8705,
        0.7637,
        0.6349,
        -0.0129,
        0.9032,
        0.0258,
        0.8553,
        0.8765,
        0.928,
        0.6652,
        0.9618
      ],
      "Cipher": [
        0.93,
        0.9224,
        0.8462,
        -0.577,
        0.3612,
        0.9609,
        0.8981,
        0.397,
        0.9428,
        0.8051
      ]
    },
    "mean": 0.6647000000000001,
    "slope": 0.00927675324675325,
    "volatility": 0.3982482403631948
  },
  "diversity": {
    "by_speaker": {
      "Lyra": {
        "semantic_diversity": 0.5979635715484619,
        "ttr": 0.4541003671970624
      },
      "Cipher": {
        "semantic_diversity": 0.5960588455200195,
        "ttr": 0.4694189602446483
      }
    },
    "global_ttr": 0.3399048266485384
  }
}