{
  "condition_id": "crossiso__baseline__t00__r01",
  "topic": "AI will eliminate more jobs than it creates within the next decade",
  "turn_count": 21,
  "persona": {
    "by_speaker": {
      "Lyra": {
        "mean": 0.511437888542308,
        "per_turn": [
          0.48867791935689653,
          0.5117468376192557,
          0.47915263988690926,
          0.5388066935866302,
          0.4731936136699283,
          0.4336720070831287,
          0.469864293381424,
          0.5411900555336984,
          0.5028486987726275,
          0.5218350949574122,
          0.6648289201174763
        ]
      },
      "Cipher": {
        "mean": 0.7687615178749744,
        "per_turn": [
          0.738968132716038,
          0.7558942397641986,
          0.7575949199720811,
          0.7838947438324282,
          0.8241912596713943,
          0.8051399279760603,
          0.7612782723990679,
          0.7564651889753704,
          0.7593321573644682,
          0.7448563360786369
        ]
      }
    },
    "discrimination": {
      "Lyra": {
        "own_mean": 0.5114,
        "cross_mean": 0.4886,
        "gap": 0.0229
      },
      "Cipher": {
        "own_mean": 0.7688,
        "cross_mean": 0.2312,
        "gap": 0.5375
      }
    }
  },
  "coherence": {
    "per_turn": [
      null,
      0.7265194654464722,
      0.812127411365509,
      0.6359261274337769,
      0.5949394702911377,
      0.6082509160041809,
      0.6396497488021851,
      0.6382893323898315,
      0.7983881235122681,
      0.6369666457176208,
      0.8531864285469055,
      0.8371821641921997,
      0.8229929208755493,
      0.7816881537437439,
      0.7703537344932556,
      0.6059797406196594,
      0.5037853717803955,
      0.7462753057479858,
      0.799793004989624,
      0.8002992868423462,
      0.1559799611568451
    ],
    "mean": 0.6884286656975747,
    "min": 0.1559799611568451
  },
  "topic_drift": {
    "per_turn": [
      0.7826789021492004,
      0.7279289960861206,
      0.6086462140083313,
      0.4129441976547241,
      0.5377292633056641,
      0.5395568013191223,
      0.46711835265159607,
      0.45775163173675537,
      0.40092483162879944,
      0.3817620277404785,
      0.44270387291908264,
      0.49179720878601074,
      0.3993816077709198,
      0.42053526639938354,
      0.35023507475852966,
      0.40145790576934814,
      0.396910697221756,
      0.29023680090904236,
      0.334833025932312,
      0.3884406089782715,
      0.08783268183469772
    ],
    "mean": 0.44387647474095937,
    "min": 0.08783268183469772,
    "drift_slope": -0.019559680931753934
  },
  "sentiment": {
    "per_turn": [
      0.802,
      0.1779,
      0.8207,
      0.6757,
      0.7233,
      0.3384,
      0.9432,
      0.928,
      0.7543,
      0.6858,
      0.9628,
      0.7964,
      0.9657,
      0.6542,
      0.9725,
      0.8834,
      0.9863,
      0.936,
      0.9694,
      0.8519,
      0.9781
    ],
    "by_speaker": {
      "Lyra": [
        0.802,
        0.8207,
        0.7233,
        0.9432,
        0.7543,
        0.9628,
        0.9657,
        0.9725,
        0.9863,
        0.9694,
        0.9781
      ],
      "Cipher": [
        0.1779,
        0.6757,
        0.3384,
        0.928,
        0.6858,
        0.7964,
        0.6542,
        0.8834,
        0.936,
        0.8519
      ]
    },
    "mean": 0.8002857142857144,
    "slope": 0.01944272727272727,
    "volatility": 0.20726375027213695
  },
  "diversity": {
    "by_speaker": {
      "Lyra": {
        "semantic_diversity": 0.5592174530029297,
        "ttr": 0.4028708133971292
      },
      "Cipher": {
        "semantic_diversity": 0.53624027967453,
        "ttr": 0.4072398190045249
      }
    },
    "global_ttr": 0.3079625292740047
  }
}