{
  "condition_id": "crossiso__cipher-persona__t03__r01",
  "topic": "The resources spent on space exploration would produce greater good if redirected to Earth's problems",
  "turn_count": 21,
  "persona": {
    "by_speaker": {
      "Lyra": {
        "mean": 0.28445461788771237,
        "per_turn": [
          0.2944763817127917,
          0.27497962710660967,
          0.24860075889978495,
          0.2688730552146072,
          0.26127699374548413,
          0.2438018016322992,
          0.30471997132354933,
          0.28757558098077135,
          0.3181434292745577,
          0.2827235603457513,
          0.3438296365286293
        ]
      },
      "Cipher": {
        "mean": 0.715428529673183,
        "per_turn": [
          0.7252547183634583,
          0.7426705633517676,
          0.7416674071810965,
          0.7298840910952501,
          0.7288978097713945,
          0.7218797649238456,
          0.7117585478202337,
          0.6961994502286408,
          0.6693601087099637,
          0.6867128352861798
        ]
      }
    },
    "discrimination": {
      "Lyra": {
        "own_mean": 0.2845,
        "cross_mean": 0.7155,
        "gap": -0.4311
      },
      "Cipher": {
        "own_mean": 0.7154,
        "cross_mean": 0.2846,
        "gap": 0.4309
      }
    }
  },
  "coherence": {
    "per_turn": [
      null,
      0.6508265137672424,
      0.7546311616897583,
      0.6779972314834595,
      0.615046501159668,
      0.5405786037445068,
      0.7556219100952148,
      0.7489135265350342,
      0.8729925155639648,
      0.8119528889656067,
      0.7651717066764832,
      0.716763436794281,
      0.840843677520752,
      0.632421612739563,
      0.41575121879577637,
      0.5602887272834778,
      0.6541327238082886,
      0.7177364826202393,
      0.8434157371520996,
      0.6550999879837036,
      0.5159193873405457
    ],
    "mean": 0.6873052775859833,
    "min": 0.41575121879577637
  },
  "topic_drift": {
    "per_turn": [
      0.6165146827697754,
      0.7142456769943237,
      0.7033026218414307,
      0.5555527210235596,
      0.4022185802459717,
      0.5775890350341797,
      0.6157501935958862,
      0.7090603113174438,
      0.6583032608032227,
      0.5488021373748779,
      0.5577027797698975,
      0.4958646595478058,
      0.544592022895813,
      0.7276235222816467,
      0.16478973627090454,
      0.16345465183258057,
      0.15590861439704895,
      0.15061530470848083,
      0.107435442507267,
      0.148377925157547,
      0.10456611216068268
    ],
    "mean": 0.448679523453826,
    "min": 0.10456611216068268,
    "drift_slope": -0.030377712574872106
  },
  "sentiment": {
    "per_turn": [
      0.25,
      0.5423,
      0.9744,
      0.8873,
      0.8934,
      0.3987,
      0.743,
      0.6705,
      0.9674,
      0.6814,
      0.8968,
      0.8331,
      0.774,
      0.8749,
      0.7859,
      0.9345,
      0.9429,
      0.926,
      0.9758,
      0.9657,
      0.9722
    ],
    "by_speaker": {
      "Lyra": [
        0.25,
        0.9744,
        0.8934,
        0.743,
        0.9674,
        0.8968,
        0.774,
        0.7859,
        0.9429,
        0.9758,
        0.9722
      ],
      "Cipher": [
        0.5423,
        0.8873,
        0.3987,
        0.6705,
        0.6814,
        0.8331,
        0.8749,
        0.9345,
        0.926,
        0.9657
      ]
    },
    "mean": 0.8042952380952381,
    "slope": 0.019273246753246764,
    "volatility": 0.19490950641672142
  },
  "diversity": {
    "by_speaker": {
      "Lyra": {
        "semantic_diversity": 0.6053150296211243,
        "ttr": 0.40476190476190477
      },
      "Cipher": {
        "semantic_diversity": 0.555846095085144,
        "ttr": 0.43769968051118213
      }
    },
    "global_ttr": 0.3156498673740053
  }
}