{
  "condition_id": "crossiso__cipher-persona__t05__r03",
  "topic": "Genetic editing to prevent hereditary diseases in human embryos should be legally permitted",
  "turn_count": 21,
  "persona": {
    "by_speaker": {
      "Lyra": {
        "mean": 0.2634137294241875,
        "per_turn": [
          0.22892764842974186,
          0.2341947108378793,
          0.24365119562152066,
          0.20205879950258934,
          0.2148074150693009,
          0.22546584602708244,
          0.2653575723660082,
          0.20068345229012433,
          0.33060576029815375,
          0.21721647903088345,
          0.5345821441927783
        ]
      },
      "Cipher": {
        "mean": 0.7724050894886243,
        "per_turn": [
          0.8184391950563668,
          0.7611382825612638,
          0.7766132329934411,
          0.8510860455043496,
          0.7540826641917722,
          0.7633941611266197,
          0.7599175604477268,
          0.7578547481840368,
          0.7343743991492271,
          0.7471506056714393
        ]
      }
    },
    "discrimination": {
      "Lyra": {
        "own_mean": 0.2634,
        "cross_mean": 0.7366,
        "gap": -0.4732
      },
      "Cipher": {
        "own_mean": 0.7724,
        "cross_mean": 0.2276,
        "gap": 0.5448
      }
    }
  },
  "coherence": {
    "per_turn": [
      null,
      0.4901815354824066,
      0.5791971683502197,
      0.7190478444099426,
      0.8942866325378418,
      0.6196963787078857,
      0.8421697020530701,
      0.6179690361022949,
      0.5347801446914673,
      0.7266325950622559,
      0.801042914390564,
      0.8651337027549744,
      0.866909384727478,
      0.7660906314849854,
      0.7635939121246338,
      0.734093964099884,
      0.7446736097335815,
      0.4368322491645813,
      0.5657464265823364,
      0.7536244988441467,
      0.33963069319725037
    ],
    "mean": 0.68306665122509,
    "min": 0.33963069319725037
  },
  "topic_drift": {
    "per_turn": [
      0.8151217103004456,
      0.572669267654419,
      0.7084444165229797,
      0.6742742657661438,
      0.6327893733978271,
      0.6546248197555542,
      0.6280778646469116,
      0.40841054916381836,
      0.6582872867584229,
      0.6081033945083618,
      0.6777479648590088,
      0.6482776403427124,
      0.5169981718063354,
      0.5760003328323364,
      0.6585898995399475,
      0.5970662832260132,
      0.5942997336387634,
      0.0929172933101654,
      0.26968276500701904,
      0.028218567371368408,
      0.6034048199653625
    ],
    "mean": 0.5535241152559008,
    "min": 0.028218567371368408,
    "drift_slope": -0.019133940571314324
  },
  "sentiment": {
    "per_turn": [
      0.5859,
      0.8401,
      0.3506,
      0.4767,
      0.3182,
      -0.1343,
      0.8507,
      0.7469,
      0.4215,
      0.4215,
      0.2846,
      0.9072,
      0.9022,
      0.6705,
      -0.296,
      0.4019,
      0.9161,
      0.9186,
      0.9217,
      0.9153,
      0.9565
    ],
    "by_speaker": {
      "Lyra": [
        0.5859,
        0.3506,
        0.3182,
        0.8507,
        0.4215,
        0.2846,
        0.9022,
        -0.296,
        0.9161,
        0.9217,
        0.9565
      ],
      "Cipher": [
        0.8401,
        0.4767,
        -0.1343,
        0.7469,
        0.4215,
        0.9072,
        0.6705,
        0.4019,
        0.9186,
        0.9153
      ]
    },
    "mean": 0.5893523809523808,
    "slope": 0.019408311688311686,
    "volatility": 0.3493707058603779
  },
  "diversity": {
    "by_speaker": {
      "Lyra": {
        "semantic_diversity": 0.40112751722335815,
        "ttr": 0.41149943630214203
      },
      "Cipher": {
        "semantic_diversity": 0.5796003937721252,
        "ttr": 0.42208774583963693
      }
    },
    "global_ttr": 0.32235142118863047
  }
}