{
  "condition_id": "crossiso__lyra-persona__t05__r03",
  "topic": "Genetic editing to prevent hereditary diseases in human embryos should be legally permitted",
  "turn_count": 21,
  "persona": {
    "by_speaker": {
      "Lyra": {
        "mean": 0.6173857341908149,
        "per_turn": [
          0.7886492376870563,
          0.7297012660625671,
          0.7941001274576638,
          0.7473264123107437,
          0.48046991874572614,
          0.43913862167246104,
          0.7809662215604483,
          0.4765470249286522,
          0.4890301150587101,
          0.4400242054949843,
          0.6252899251199507
        ]
      },
      "Cipher": {
        "mean": 0.7392806268757834,
        "per_turn": [
          0.7591568337350167,
          0.6351160363551073,
          0.7291683423221746,
          0.6454308253124299,
          0.8116952657154233,
          0.725838974413388,
          0.7538813920420039,
          0.8072928519360197,
          0.763000618283376,
          0.7622251286428943
        ]
      }
    },
    "discrimination": {
      "Lyra": {
        "own_mean": 0.6174,
        "cross_mean": 0.3826,
        "gap": 0.2348
      },
      "Cipher": {
        "own_mean": 0.7393,
        "cross_mean": 0.2607,
        "gap": 0.4786
      }
    }
  },
  "coherence": {
    "per_turn": [
      null,
      0.7979357838630676,
      0.7038657665252686,
      0.6564281582832336,
      0.7646008729934692,
      0.7164285182952881,
      0.8237107992172241,
      0.8657082915306091,
      0.8202507495880127,
      0.6784353256225586,
      0.6855530142784119,
      0.697513222694397,
      0.8096290826797485,
      0.7253100872039795,
      0.7599412202835083,
      0.7900171279907227,
      0.7569451332092285,
      0.6732115745544434,
      0.7654368877410889,
      0.6321935653686523,
      0.05581880360841751
    ],
    "mean": 0.7089466992765665,
    "min": 0.05581880360841751
  },
  "topic_drift": {
    "per_turn": [
      0.7842443585395813,
      0.8143951892852783,
      0.5578932166099548,
      0.6546432971954346,
      0.5951794385910034,
      0.6406543254852295,
      0.7134641408920288,
      0.7246549725532532,
      0.579214334487915,
      0.5926272869110107,
      0.6913524270057678,
      0.6808750629425049,
      0.5875657200813293,
      0.6017446517944336,
      0.6378471851348877,
      0.7750978469848633,
      0.5925242304801941,
      0.4889783561229706,
      0.47086280584335327,
      0.6184362173080444,
      -0.029842156916856766
    ],
    "mean": 0.6082101384443896,
    "min": -0.029842156916856766,
    "drift_slope": -0.015156306045783033
  },
  "sentiment": {
    "per_turn": [
      0.6786,
      0.5583,
      0.9397,
      0.7227,
      -0.5267,
      -0.8422,
      0.4737,
      0.7781,
      0.9169,
      -0.1436,
      0.8157,
      0.9039,
      0.9627,
      0.8248,
      0.7465,
      0.743,
      0.8588,
      0.8658,
      0.875,
      0.9531,
      0.9393
    ],
    "by_speaker": {
      "Lyra": [
        0.6786,
        0.9397,
        -0.5267,
        0.4737,
        0.9169,
        0.8157,
        0.9627,
        0.7465,
        0.8588,
        0.875,
        0.9393
      ],
      "Cipher": [
        0.5583,
        0.7227,
        -0.8422,
        0.7781,
        -0.1436,
        0.9039,
        0.8248,
        0.743,
        0.8658,
        0.9531
      ]
    },
    "mean": 0.621147619047619,
    "slope": 0.032797012987013,
    "volatility": 0.4877227760765893
  },
  "diversity": {
    "by_speaker": {
      "Lyra": {
        "semantic_diversity": 0.4595998227596283,
        "ttr": 0.4226932668329177
      },
      "Cipher": {
        "semantic_diversity": 0.2956036329269409,
        "ttr": 0.4014184397163121
      }
    },
    "global_ttr": 0.31386861313868614
  }
}