{
  "condition_id": "crossiso__lyra-persona__t02__r01",
  "topic": "Universal basic income would reduce workforce participation and innovation over time",
  "turn_count": 21,
  "persona": {
    "by_speaker": {
      "Lyra": {
        "mean": 0.5236574525646064,
        "per_turn": [
          0.7639224064528884,
          0.7347481990704623,
          0.7218642349415549,
          0.4034971420593485,
          0.4609581532929302,
          0.4850980209130345,
          0.46536928731287075,
          0.4793680695088648,
          0.23875850248827257,
          0.4893181269726458,
          0.5173298351977976
        ]
      },
      "Cipher": {
        "mean": 0.7447283897921233,
        "per_turn": [
          0.7628838594110818,
          0.7788969851858953,
          0.8133477524728261,
          0.8340307734114915,
          0.8172797087952465,
          0.8129727424012041,
          0.537479648126716,
          0.7474551904661946,
          0.5473158849803736,
          0.7956213526702038
        ]
      }
    },
    "discrimination": {
      "Lyra": {
        "own_mean": 0.5237,
        "cross_mean": 0.4763,
        "gap": 0.0473
      },
      "Cipher": {
        "own_mean": 0.7447,
        "cross_mean": 0.2553,
        "gap": 0.4895
      }
    }
  },
  "coherence": {
    "per_turn": [
      null,
      0.535160481929779,
      0.6291506290435791,
      0.7528067827224731,
      0.7763774394989014,
      0.5725218057632446,
      0.7701494693756104,
      0.7856928110122681,
      0.7215392589569092,
      0.7674458026885986,
      0.5129451751708984,
      0.5215550661087036,
      0.5898661613464355,
      0.7173858880996704,
      0.8063108325004578,
      0.7838989496231079,
      0.7220969200134277,
      0.7106627225875854,
      0.8032979965209961,
      0.7711424231529236,
      0.4526565372943878
    ],
    "mean": 0.6851331576704979,
    "min": 0.4526565372943878
  },
  "topic_drift": {
    "per_turn": [
      0.8255472779273987,
      0.44082847237586975,
      0.6829904317855835,
      0.7704891562461853,
      0.7330754995346069,
      0.62359619140625,
      0.4779670238494873,
      0.35165122151374817,
      0.3051638603210449,
      0.23535111546516418,
      0.06788462400436401,
      0.4262372851371765,
      0.4142150282859802,
      0.4390615224838257,
      0.31967073678970337,
      0.27570050954818726,
      0.47493380308151245,
      0.4768918454647064,
      0.5863822102546692,
      0.46884608268737793,
      0.5369543433189392
    ],
    "mean": 0.47302086864198956,
    "min": 0.06788462400436401,
    "drift_slope": -0.011314431336018935
  },
  "sentiment": {
    "per_turn": [
      0.3635,
      0.9246,
      0.9286,
      0.6193,
      0.5005,
      0.9617,
      0.836,
      0.9044,
      0.9516,
      0.3182,
      0.5709,
      0.1027,
      0.5688,
      0.3818,
      0.9201,
      0.8998,
      0.9555,
      0.9246,
      0.34,
      0.765,
      0.9695
    ],
    "by_speaker": {
      "Lyra": [
        0.3635,
        0.9286,
        0.5005,
        0.836,
        0.9516,
        0.5709,
        0.5688,
        0.9201,
        0.9555,
        0.34,
        0.9695
      ],
      "Cipher": [
        0.9246,
        0.6193,
        0.9617,
        0.9044,
        0.3182,
        0.1027,
        0.3818,
        0.8998,
        0.9246,
        0.765
      ]
    },
    "mean": 0.7003380952380953,
    "slope": 0.0029349350649350656,
    "volatility": 0.26748611441698367
  },
  "diversity": {
    "by_speaker": {
      "Lyra": {
        "semantic_diversity": 0.566463828086853,
        "ttr": 0.45261845386533667
      },
      "Cipher": {
        "semantic_diversity": 0.5324435830116272,
        "ttr": 0.48119122257053293
      }
    },
    "global_ttr": 0.35
  }
}