{
  "condition_id": "crossiso__lyra-persona__t00__r02",
  "topic": "AI will eliminate more jobs than it creates within the next decade",
  "turn_count": 21,
  "persona": {
    "by_speaker": {
      "Lyra": {
        "mean": 0.6219194123337816,
        "per_turn": [
          0.7444587138302706,
          0.744586130979047,
          0.7726677060109705,
          0.7806311412745719,
          0.459269250850546,
          0.7021093388306088,
          0.4872072503150439,
          0.4528076499709202,
          0.445076897553189,
          0.704631474260784,
          0.5476679817956458
        ]
      },
      "Cipher": {
        "mean": 0.7684937208084063,
        "per_turn": [
          0.8086766886234212,
          0.7924324319556493,
          0.7525114962083603,
          0.7783999252658959,
          0.7902537995661987,
          0.5340493287316196,
          0.790966624673284,
          0.7951807794985215,
          0.8400306611911064,
          0.8024354723700053
        ]
      }
    },
    "discrimination": {
      "Lyra": {
        "own_mean": 0.6219,
        "cross_mean": 0.3781,
        "gap": 0.2438
      },
      "Cipher": {
        "own_mean": 0.7685,
        "cross_mean": 0.2315,
        "gap": 0.537
      }
    }
  },
  "coherence": {
    "per_turn": [
      null,
      0.8053712248802185,
      0.5945068001747131,
      0.678737998008728,
      0.5961846113204956,
      0.5587307810783386,
      0.5446796417236328,
      0.6112416386604309,
      0.6449568867683411,
      0.5775948166847229,
      0.7152219414710999,
      0.5612255334854126,
      0.7389990091323853,
      0.689803421497345,
      0.7546555995941162,
      0.74312424659729,
      0.793318510055542,
      0.8400910496711731,
      0.7875123023986816,
      0.6020690202713013,
      0.1451685130596161
    ],
    "mean": 0.6491596773266792,
    "min": 0.1451685130596161
  },
  "topic_drift": {
    "per_turn": [
      0.8759583830833435,
      0.7781925201416016,
      0.5229876041412354,
      0.4762151539325714,
      0.368368923664093,
      0.3815799951553345,
      0.34462669491767883,
      0.4147457480430603,
      0.30229079723358154,
      0.44615045189857483,
      0.43344366550445557,
      0.5504944324493408,
      0.45622512698173523,
      0.39200547337532043,
      0.3262648284435272,
      0.44160428643226624,
      0.5258606672286987,
      0.4728822410106659,
      0.52228844165802,
      0.23210109770298004,
      0.4449383020401001
    ],
    "mean": 0.4623440397637231,
    "min": 0.23210109770298004,
    "drift_slope": -0.010049780564648756
  },
  "sentiment": {
    "per_turn": [
      0.9166,
      0.0,
      0.9373,
      0.9209,
      0.9655,
      0.8957,
      0.7832,
      0.8442,
      0.4005,
      0.2716,
      0.7801,
      0.7689,
      0.7389,
      0.7615,
      -0.1722,
      0.5423,
      0.8439,
      0.8625,
      0.9837,
      0.9169,
      0.9624
    ],
    "by_speaker": {
      "Lyra": [
        0.9166,
        0.9373,
        0.9655,
        0.7832,
        0.4005,
        0.7801,
        0.7389,
        -0.1722,
        0.8439,
        0.9837,
        0.9624
      ],
      "Cipher": [
        0.0,
        0.9209,
        0.8957,
        0.8442,
        0.2716,
        0.7689,
        0.7615,
        0.5423,
        0.8625,
        0.9169
      ]
    },
    "mean": 0.7106857142857144,
    "slope": 0.00426012987012988,
    "volatility": 0.3158447890155849
  },
  "diversity": {
    "by_speaker": {
      "Lyra": {
        "semantic_diversity": 0.630285382270813,
        "ttr": 0.39178690344062156
      },
      "Cipher": {
        "semantic_diversity": 0.6038039922714233,
        "ttr": 0.4356287425149701
      }
    },
    "global_ttr": 0.30975143403441685
  }
}