{
  "condition_id": "crossiso__baseline__t06__r02",
  "topic": "Remote work has weakened organisational culture more than it has empowered individuals",
  "turn_count": 21,
  "persona": {
    "by_speaker": {
      "Lyra": {
        "mean": 0.5764689430993384,
        "per_turn": [
          0.5995097498283174,
          0.5697947989595618,
          0.5984126865893561,
          0.5742345050148143,
          0.6073922907959621,
          0.5666459441226659,
          0.5290965306669305,
          0.5812089760933853,
          0.5370173628827415,
          0.5062571810191484,
          0.671588348119839
        ]
      },
      "Cipher": {
        "mean": 0.7057715301110374,
        "per_turn": [
          0.7610586350829777,
          0.5991825639019801,
          0.6718835935772747,
          0.6637268951487325,
          0.7004169265253514,
          0.6952378471277405,
          0.7508844668000086,
          0.7270739159965951,
          0.7312183385293913,
          0.7570321184203224
        ]
      }
    },
    "discrimination": {
      "Lyra": {
        "own_mean": 0.5765,
        "cross_mean": 0.4235,
        "gap": 0.1529
      },
      "Cipher": {
        "own_mean": 0.7058,
        "cross_mean": 0.2942,
        "gap": 0.4115
      }
    }
  },
  "coherence": {
    "per_turn": [
      null,
      0.7329176664352417,
      0.7584161162376404,
      0.7666045427322388,
      0.7797518968582153,
      0.766305685043335,
      0.8845003247261047,
      0.6781442165374756,
      0.750779926776886,
      0.7703874111175537,
      0.7192956209182739,
      0.7904751896858215,
      0.7320783734321594,
      0.7848389148712158,
      0.7597830295562744,
      0.7586781978607178,
      0.7820599675178528,
      0.5533316135406494,
      0.6316518783569336,
      0.6540244817733765,
      0.10779853910207748
    ],
    "mean": 0.7080911796540021,
    "min": 0.10779853910207748
  },
  "topic_drift": {
    "per_turn": [
      0.7929050922393799,
      0.7989221811294556,
      0.8168911933898926,
      0.6117587089538574,
      0.7724937796592712,
      0.6855976581573486,
      0.7869536876678467,
      0.7156766653060913,
      0.7683290243148804,
      0.7798758745193481,
      0.6781384348869324,
      0.5838144421577454,
      0.6834728121757507,
      0.6363809108734131,
      0.5318755507469177,
      0.5377523899078369,
      0.5432693362236023,
      0.2761683464050293,
      0.46451160311698914,
      0.5042238235473633,
      0.09955832362174988
    ],
    "mean": 0.6223128494762239,
    "min": 0.09955832362174988,
    "drift_slope": -0.02401619329080953
  },
  "sentiment": {
    "per_turn": [
      0.0258,
      0.8299,
      -0.2023,
      -0.6806,
      0.6597,
      0.6767,
      0.2732,
      0.6249,
      0.9053,
      0.9144,
      0.9779,
      0.9324,
      0.9476,
      0.9387,
      0.9756,
      0.2382,
      0.9412,
      0.0,
      0.9829,
      0.9346,
      0.9722
    ],
    "by_speaker": {
      "Lyra": [
        0.0258,
        -0.2023,
        0.6597,
        0.2732,
        0.9053,
        0.9779,
        0.9476,
        0.9756,
        0.9412,
        0.9829,
        0.9722
      ],
      "Cipher": [
        0.8299,
        -0.6806,
        0.6767,
        0.6249,
        0.9144,
        0.9324,
        0.9387,
        0.2382,
        0.0,
        0.9346
      ]
    },
    "mean": 0.6127761904761906,
    "slope": 0.03636649350649353,
    "volatility": 0.46833088618722996
  },
  "diversity": {
    "by_speaker": {
      "Lyra": {
        "semantic_diversity": 0.4367374777793884,
        "ttr": 0.37604456824512533
      },
      "Cipher": {
        "semantic_diversity": 0.4728800058364868,
        "ttr": 0.41798107255520506
      }
    },
    "global_ttr": 0.2998246639392168
  }
}