{
  "condition_id": "crossiso__cipher-persona__t05__r02",
  "topic": "Genetic editing to prevent hereditary diseases in human embryos should be legally permitted",
  "turn_count": 21,
  "persona": {
    "by_speaker": {
      "Lyra": {
        "mean": 0.24320744268516686,
        "per_turn": [
          0.19627073806155,
          0.2236750070900857,
          0.20325002914111684,
          0.22819508318581616,
          0.2290126990775392,
          0.2565346089695818,
          0.1903928518495458,
          0.22513905767236952,
          0.2832141392844781,
          0.3186722515230216,
          0.32092540368173084
        ]
      },
      "Cipher": {
        "mean": 0.7388362591352599,
        "per_turn": [
          0.7784252226468211,
          0.5157971135317996,
          0.8027496876185367,
          0.774087341524708,
          0.7701626389471836,
          0.7862882559201156,
          0.7845169548691843,
          0.7765266658493766,
          0.6977939678645704,
          0.7020147425803027
        ]
      }
    },
    "discrimination": {
      "Lyra": {
        "own_mean": 0.2432,
        "cross_mean": 0.7568,
        "gap": -0.5136
      },
      "Cipher": {
        "own_mean": 0.7388,
        "cross_mean": 0.2612,
        "gap": 0.4777
      }
    }
  },
  "coherence": {
    "per_turn": [
      null,
      0.6683926582336426,
      0.6754066944122314,
      0.6707425713539124,
      0.6271481513977051,
      0.720538318157196,
      0.6629865169525146,
      0.8736579418182373,
      0.8511121869087219,
      0.7638225555419922,
      0.7388433814048767,
      0.7586073279380798,
      0.8684278130531311,
      0.8374249935150146,
      0.8440744876861572,
      0.7610161304473877,
      0.8159412145614624,
      0.8404403924942017,
      0.7523880004882812,
      0.8547970056533813,
      0.21689200401306152
    ],
    "mean": 0.7401330173015594,
    "min": 0.21689200401306152
  },
  "topic_drift": {
    "per_turn": [
      0.9051724672317505,
      0.5973396301269531,
      0.6912095546722412,
      0.5525158047676086,
      0.4749130606651306,
      0.3261122703552246,
      0.666029691696167,
      0.6716737747192383,
      0.6199909448623657,
      0.6422085762023926,
      0.6045559644699097,
      0.6715569496154785,
      0.6197178363800049,
      0.6667110919952393,
      0.5068602561950684,
      0.6196575164794922,
      0.6068786382675171,
      0.5998901128768921,
      0.47316163778305054,
      0.5736809968948364,
      0.03371373564004898
    ],
    "mean": 0.5773119291379338,
    "min": 0.03371373564004898,
    "drift_slope": -0.011303275494606455
  },
  "sentiment": {
    "per_turn": [
      0.5423,
      0.765,
      0.6054,
      -0.8689,
      -0.6858,
      0.5423,
      0.7184,
      0.1531,
      0.8516,
      0.5859,
      0.9091,
      -0.4588,
      0.9239,
      0.8979,
      0.8519,
      -0.2755,
      0.819,
      0.7543,
      0.3305,
      -0.5423,
      0.926
    ],
    "by_speaker": {
      "Lyra": [
        0.5423,
        0.6054,
        -0.6858,
        0.7184,
        0.8516,
        0.9091,
        0.9239,
        0.8519,
        0.819,
        0.3305,
        0.926
      ],
      "Cipher": [
        0.765,
        -0.8689,
        0.5423,
        0.1531,
        0.5859,
        -0.4588,
        0.8979,
        -0.2755,
        0.7543,
        -0.5423
      ]
    },
    "mean": 0.397395238095238,
    "slope": 0.010444935064935061,
    "volatility": 0.5796474055313532
  },
  "diversity": {
    "by_speaker": {
      "Lyra": {
        "semantic_diversity": 0.4680651128292084,
        "ttr": 0.4280701754385965
      },
      "Cipher": {
        "semantic_diversity": 0.4031805694103241,
        "ttr": 0.4828150572831424
      }
    },
    "global_ttr": 0.34652114597544337
  }
}