{
  "condition_id": "crossiso__baseline__t03__r01",
  "topic": "The resources spent on space exploration would produce greater good if redirected to Earth's problems",
  "turn_count": 21,
  "persona": {
    "by_speaker": {
      "Lyra": {
        "mean": 0.5318826222615671,
        "per_turn": [
          0.5743585898380195,
          0.5443471892748133,
          0.5372117966905305,
          0.5283517060204104,
          0.5086271022040891,
          0.5092656379559285,
          0.49192402649748346,
          0.4848588157372491,
          0.48723229100196364,
          0.5072805464706853,
          0.6772511431860653
        ]
      },
      "Cipher": {
        "mean": 0.753501342272618,
        "per_turn": [
          0.7174306199864847,
          0.7215301222318269,
          0.7387840166133044,
          0.7088635589546256,
          0.7666749813749861,
          0.7529236178752658,
          0.803772407405835,
          0.8109499166474727,
          0.762482501941365,
          0.7516016796950129
        ]
      }
    },
    "discrimination": {
      "Lyra": {
        "own_mean": 0.5319,
        "cross_mean": 0.4681,
        "gap": 0.0638
      },
      "Cipher": {
        "own_mean": 0.7535,
        "cross_mean": 0.2465,
        "gap": 0.507
      }
    }
  },
  "coherence": {
    "per_turn": [
      null,
      0.6239333152770996,
      0.8422918319702148,
      0.8254672288894653,
      0.7943176031112671,
      0.6902837753295898,
      0.8688406348228455,
      0.776483416557312,
      0.5256252884864807,
      0.6359590888023376,
      0.6294244527816772,
      0.7361904382705688,
      0.7762793302536011,
      0.686972975730896,
      0.7504974603652954,
      0.7181605100631714,
      0.7670729160308838,
      0.7606944441795349,
      0.7403428554534912,
      0.7521384358406067,
      0.22247423231601715
    ],
    "mean": 0.7061725117266178,
    "min": 0.22247423231601715
  },
  "topic_drift": {
    "per_turn": [
      0.7696743607521057,
      0.6603384613990784,
      0.6954734921455383,
      0.6733130812644958,
      0.6929214000701904,
      0.5820695161819458,
      0.5461380481719971,
      0.5628277063369751,
      0.30145224928855896,
      0.3321291208267212,
      0.3199462592601776,
      0.3038407266139984,
      0.3713725805282593,
      0.27944067120552063,
      0.31056177616119385,
      0.1777789145708084,
      0.15370012819766998,
      0.18961289525032043,
      0.41093069314956665,
      0.21246540546417236,
      0.027555566281080246
    ],
    "mean": 0.40826395491049405,
    "min": 0.027555566281080246,
    "drift_slope": -0.031236342476172883
  },
  "sentiment": {
    "per_turn": [
      0.7269,
      0.9306,
      0.7956,
      0.7346,
      0.961,
      0.7404,
      0.8979,
      0.624,
      0.9403,
      0.6639,
      0.9621,
      0.946,
      0.9538,
      0.8341,
      0.9789,
      0.9134,
      0.9684,
      0.9606,
      0.9729,
      0.8625,
      0.9686
    ],
    "by_speaker": {
      "Lyra": [
        0.7269,
        0.7956,
        0.961,
        0.8979,
        0.9403,
        0.9621,
        0.9538,
        0.9789,
        0.9684,
        0.9729,
        0.9686
      ],
      "Cipher": [
        0.9306,
        0.7346,
        0.7404,
        0.624,
        0.6639,
        0.946,
        0.8341,
        0.9134,
        0.9606,
        0.8625
      ]
    },
    "mean": 0.8731666666666668,
    "slope": 0.009061428571428576,
    "volatility": 0.11044687295723563
  },
  "diversity": {
    "by_speaker": {
      "Lyra": {
        "semantic_diversity": 0.5545716881752014,
        "ttr": 0.39282051282051283
      },
      "Cipher": {
        "semantic_diversity": 0.537683367729187,
        "ttr": 0.43103448275862066
      }
    },
    "global_ttr": 0.30440173589584624
  }
}