{
  "condition_id": "crossiso__baseline__t07__r03",
  "topic": "Meaningful climate action and sustained economic growth are fundamentally incompatible",
  "turn_count": 21,
  "persona": {
    "by_speaker": {
      "Lyra": {
        "mean": 0.5111604953538639,
        "per_turn": [
          0.5055270889074462,
          0.47847533727836195,
          0.4660574823782137,
          0.49525801833269617,
          0.4763497572864421,
          0.4782760043165889,
          0.4929511575786665,
          0.5009241303501935,
          0.48453710967467917,
          0.5132492522049323,
          0.7311601105842824
        ]
      },
      "Cipher": {
        "mean": 0.7615163654444532,
        "per_turn": [
          0.7837311698155146,
          0.7743397626579342,
          0.7820389552088796,
          0.76037862233447,
          0.7621145062849143,
          0.7444256044272832,
          0.775645345047695,
          0.7422131218736098,
          0.7730256419662282,
          0.7172509248280036
        ]
      }
    },
    "discrimination": {
      "Lyra": {
        "own_mean": 0.5112,
        "cross_mean": 0.4888,
        "gap": 0.0223
      },
      "Cipher": {
        "own_mean": 0.7615,
        "cross_mean": 0.2385,
        "gap": 0.523
      }
    }
  },
  "coherence": {
    "per_turn": [
      null,
      0.7426803708076477,
      0.830551028251648,
      0.6371020078659058,
      0.7811034917831421,
      0.6259748935699463,
      0.8362792730331421,
      0.49491289258003235,
      0.5809723138809204,
      0.4023675322532654,
      0.5993824005126953,
      0.5491010546684265,
      0.6103508472442627,
      0.7802190780639648,
      0.8156657218933105,
      0.807958722114563,
      0.8625767827033997,
      0.6973072290420532,
      0.7608304023742676,
      0.5869282484054565,
      0.1288994401693344
    ],
    "mean": 0.6565581865608692,
    "min": 0.1288994401693344
  },
  "topic_drift": {
    "per_turn": [
      0.8254179954528809,
      0.7317328453063965,
      0.7329990863800049,
      0.5605624318122864,
      0.5716909170150757,
      0.4367104172706604,
      0.47002094984054565,
      0.3225058615207672,
      0.5642772912979126,
      0.22297319769859314,
      0.4783034920692444,
      0.1694626808166504,
      0.396709680557251,
      0.4254913032054901,
      0.4441370964050293,
      0.511449933052063,
      0.4858810305595398,
      0.5168209075927734,
      0.5034641027450562,
      0.6571300029754639,
      -0.009390879422426224
    ],
    "mean": 0.4770643021024409,
    "min": -0.009390879422426224,
    "drift_slope": -0.014917365500292202
  },
  "sentiment": {
    "per_turn": [
      0.802,
      0.8156,
      0.9501,
      0.6124,
      0.3708,
      0.5789,
      0.9428,
      0.9686,
      0.9823,
      0.9356,
      0.9382,
      0.9005,
      0.9573,
      0.8555,
      0.9476,
      0.5418,
      0.9569,
      0.8442,
      0.876,
      0.9702,
      0.9709
    ],
    "by_speaker": {
      "Lyra": [
        0.802,
        0.9501,
        0.3708,
        0.9428,
        0.9823,
        0.9382,
        0.9573,
        0.9476,
        0.9569,
        0.876,
        0.9709
      ],
      "Cipher": [
        0.8156,
        0.6124,
        0.5789,
        0.9686,
        0.9356,
        0.9005,
        0.8555,
        0.5418,
        0.8442,
        0.9702
      ]
    },
    "mean": 0.8437238095238095,
    "slope": 0.009137792207792218,
    "volatility": 0.1672406817242227
  },
  "diversity": {
    "by_speaker": {
      "Lyra": {
        "semantic_diversity": 0.5583114624023438,
        "ttr": 0.4200626959247649
      },
      "Cipher": {
        "semantic_diversity": 0.5887818932533264,
        "ttr": 0.4848993288590604
      }
    },
    "global_ttr": 0.3374114616870573
  }
}