{
  "condition_id": "crossiso__baseline__t02__r01",
  "topic": "Universal basic income would reduce workforce participation and innovation over time",
  "turn_count": 21,
  "persona": {
    "by_speaker": {
      "Lyra": {
        "mean": 0.4135172404128046,
        "per_turn": [
          0.45936894964900726,
          0.4681923805318843,
          0.4209794007468167,
          0.38760717688848867,
          0.3732812204456384,
          0.3266033406902089,
          0.32756307815770785,
          0.39960091337017745,
          0.4514875690027975,
          0.42711470552918784,
          0.5068909095289359
        ]
      },
      "Cipher": {
        "mean": 0.8488391840546422,
        "per_turn": [
          0.8305962560780824,
          0.7976569366344384,
          0.8177013743666772,
          0.8230729020332084,
          0.8917406893253732,
          0.8959229823813608,
          0.8956727311676793,
          0.8589856679078367,
          0.83666322733076,
          0.8403790733210047
        ]
      }
    },
    "discrimination": {
      "Lyra": {
        "own_mean": 0.4135,
        "cross_mean": 0.5865,
        "gap": -0.173
      },
      "Cipher": {
        "own_mean": 0.8488,
        "cross_mean": 0.1512,
        "gap": 0.6977
      }
    }
  },
  "coherence": {
    "per_turn": [
      null,
      0.713914155960083,
      0.6554876565933228,
      0.6044613122940063,
      0.8187678456306458,
      0.6760156154632568,
      0.8147448301315308,
      0.6718066930770874,
      0.7836450338363647,
      0.8002914190292358,
      0.8424394130706787,
      0.6787289381027222,
      0.9079877138137817,
      0.789091944694519,
      0.8626227378845215,
      0.7098971605300903,
      0.8366928100585938,
      0.6502455472946167,
      0.7517256736755371,
      0.8148322105407715,
      0.19834285974502563
    ],
    "mean": 0.7290870785713196,
    "min": 0.19834285974502563
  },
  "topic_drift": {
    "per_turn": [
      0.8907291889190674,
      0.777610182762146,
      0.5411441922187805,
      0.52774977684021,
      0.6289896965026855,
      0.4213330149650574,
      0.36226212978363037,
      0.5068184733390808,
      0.4470936954021454,
      0.3804473280906677,
      0.32971248030662537,
      0.35072067379951477,
      0.31349676847457886,
      0.4094568192958832,
      0.3956447243690491,
      0.36981233954429626,
      0.39524251222610474,
      0.3104410171508789,
      0.23355865478515625,
      0.24162444472312927,
      0.6896418929100037
    ],
    "mean": 0.45350142887660433,
    "min": 0.23355865478515625,
    "drift_slope": -0.01679500233043324
  },
  "sentiment": {
    "per_turn": [
      0.6908,
      0.705,
      0.908,
      0.9663,
      0.969,
      0.8735,
      0.9487,
      0.8779,
      0.9753,
      0.8755,
      0.9061,
      0.7003,
      0.5106,
      0.9468,
      0.93,
      0.6908,
      0.9787,
      0.9545,
      0.9674,
      0.1027,
      0.9651
    ],
    "by_speaker": {
      "Lyra": [
        0.6908,
        0.908,
        0.969,
        0.9487,
        0.9753,
        0.9061,
        0.5106,
        0.93,
        0.9787,
        0.9674,
        0.9651
      ],
      "Cipher": [
        0.705,
        0.9663,
        0.8735,
        0.8779,
        0.8755,
        0.7003,
        0.9468,
        0.6908,
        0.9545,
        0.1027
      ]
    },
    "mean": 0.8306190476190475,
    "slope": -0.005341688311688314,
    "volatility": 0.20607343956544003
  },
  "diversity": {
    "by_speaker": {
      "Lyra": {
        "semantic_diversity": 0.530937135219574,
        "ttr": 0.39488117001828155
      },
      "Cipher": {
        "semantic_diversity": 0.5087935328483582,
        "ttr": 0.45022288261515603
      }
    },
    "global_ttr": 0.30843237125070744
  }
}