{
  "condition_id": "crossiso__lyra-persona__t07__r01",
  "topic": "Meaningful climate action and sustained economic growth are fundamentally incompatible",
  "turn_count": 21,
  "persona": {
    "by_speaker": {
      "Lyra": {
        "mean": 0.67708715690121,
        "per_turn": [
          0.7941539308379728,
          0.7266320840024612,
          0.7550823071521983,
          0.4926776025553792,
          0.7739079094224881,
          0.5859115184898576,
          0.5819630564406129,
          0.8102941932322774,
          0.6169643452620748,
          0.6040521913655555,
          0.7063195871524321
        ]
      },
      "Cipher": {
        "mean": 0.7133368733225744,
        "per_turn": [
          0.7750429067133162,
          0.7605763838334183,
          0.7784477007192071,
          0.7283520107175698,
          0.7146412106964704,
          0.6853312831411971,
          0.6834407168900378,
          0.6780030290467469,
          0.690979225287973,
          0.6385542661798078
        ]
      }
    },
    "discrimination": {
      "Lyra": {
        "own_mean": 0.6771,
        "cross_mean": 0.3229,
        "gap": 0.3542
      },
      "Cipher": {
        "own_mean": 0.7133,
        "cross_mean": 0.2867,
        "gap": 0.4267
      }
    }
  },
  "coherence": {
    "per_turn": [
      null,
      0.5629647374153137,
      0.8003731966018677,
      0.6979973316192627,
      0.7510404586791992,
      0.4654088616371155,
      0.7490365505218506,
      0.6507940888404846,
      0.34619659185409546,
      0.2664038836956024,
      0.349439412355423,
      0.6001543998718262,
      0.7142950296401978,
      0.7906237244606018,
      0.737702488899231,
      0.7254518866539001,
      0.5067565441131592,
      0.5387709140777588,
      0.5686768889427185,
      0.5714535713195801,
      0.4171145558357239
    ],
    "mean": 0.5905327558517456,
    "min": 0.2664038836956024
  },
  "topic_drift": {
    "per_turn": [
      0.5598954558372498,
      0.6846207976341248,
      0.5941206216812134,
      0.6489845514297485,
      0.6926293969154358,
      0.3513619899749756,
      0.3250707983970642,
      0.3193066120147705,
      0.1798095703125,
      0.21072208881378174,
      0.5536727905273438,
      0.23584896326065063,
      0.18569415807724,
      0.19890880584716797,
      0.4422442317008972,
      0.5141140222549438,
      0.2659655213356018,
      0.5907955765724182,
      0.2627241015434265,
      0.29258468747138977,
      -0.032427504658699036
    ],
    "mean": 0.38460224937824977,
    "min": -0.032427504658699036,
    "drift_slope": -0.018327112089503897
  },
  "sentiment": {
    "per_turn": [
      0.0396,
      -0.1984,
      0.6055,
      0.3657,
      0.9525,
      0.6408,
      0.6801,
      0.25,
      0.8312,
      0.9272,
      0.9593,
      -0.0511,
      0.9633,
      0.9032,
      0.965,
      0.3678,
      0.8428,
      0.9384,
      0.1524,
      0.8907,
      0.9746
    ],
    "by_speaker": {
      "Lyra": [
        0.0396,
        0.6055,
        0.9525,
        0.6801,
        0.8312,
        0.9593,
        0.9633,
        0.965,
        0.8428,
        0.1524,
        0.9746
      ],
      "Cipher": [
        -0.1984,
        0.3657,
        0.6408,
        0.25,
        0.9272,
        -0.0511,
        0.9032,
        0.3678,
        0.9384,
        0.8907
      ]
    },
    "mean": 0.6190761904761904,
    "slope": 0.02584142857142857,
    "volatility": 0.3765037278064511
  },
  "diversity": {
    "by_speaker": {
      "Lyra": {
        "semantic_diversity": 0.6577028632164001,
        "ttr": 0.4435994930291508
      },
      "Cipher": {
        "semantic_diversity": 0.6570024490356445,
        "ttr": 0.46111111111111114
      }
    },
    "global_ttr": 0.3551542513167795
  }
}