{
  "condition_id": "crossiso__cipher-persona__t01__r01",
  "topic": "Social media has done more harm than good to mental health and democracy",
  "turn_count": 21,
  "persona": {
    "by_speaker": {
      "Lyra": {
        "mean": 0.2944464390528006,
        "per_turn": [
          0.3517209735552579,
          0.26657913877861855,
          0.26058618324725125,
          0.2923615655408852,
          0.2616206933666179,
          0.33232235579764235,
          0.18828311811265563,
          0.25040151101005265,
          0.36382468837662313,
          0.30900698199140864,
          0.3622036198037934
        ]
      },
      "Cipher": {
        "mean": 0.7165839071762313,
        "per_turn": [
          0.6991567731640694,
          0.7206524810375469,
          0.6902756084185869,
          0.7391456211272881,
          0.6719228037880338,
          0.7995047352737608,
          0.7686117058832131,
          0.7413814390289583,
          0.6348455009884855,
          0.7003424030523707
        ]
      }
    },
    "discrimination": {
      "Lyra": {
        "own_mean": 0.2944,
        "cross_mean": 0.7056,
        "gap": -0.4111
      },
      "Cipher": {
        "own_mean": 0.7166,
        "cross_mean": 0.2834,
        "gap": 0.4332
      }
    }
  },
  "coherence": {
    "per_turn": [
      null,
      0.6439794301986694,
      0.6004884243011475,
      0.7618013620376587,
      0.7329330444335938,
      0.5857195854187012,
      0.7354949712753296,
      0.5565335750579834,
      0.5547309517860413,
      0.6562449932098389,
      0.6018391251564026,
      0.6856909990310669,
      0.5934349298477173,
      0.6086734533309937,
      0.8317933678627014,
      0.6463708281517029,
      0.5185333490371704,
      0.773551881313324,
      0.3879106044769287,
      0.8494731187820435,
      0.492040753364563
    ],
    "mean": 0.6408619374036789,
    "min": 0.3879106044769287
  },
  "topic_drift": {
    "per_turn": [
      0.8667128682136536,
      0.5986387133598328,
      0.6601073741912842,
      0.5461927652359009,
      0.5912289619445801,
      0.4222038984298706,
      0.2636280357837677,
      0.3104694187641144,
      0.34281599521636963,
      0.49468663334846497,
      0.21400560438632965,
      0.16524428129196167,
      0.42654019594192505,
      0.07413502037525177,
      0.20070022344589233,
      0.2671222388744354,
      0.47972390055656433,
      0.5055749416351318,
      0.09027467668056488,
      0.10457384586334229,
      0.05106106400489807
    ],
    "mean": 0.3655066979782922,
    "min": 0.05106106400489807,
    "drift_slope": -0.025991214618280342
  },
  "sentiment": {
    "per_turn": [
      0.249,
      -0.0742,
      0.7685,
      0.4678,
      0.4939,
      0.0258,
      0.5647,
      0.4019,
      0.5719,
      0.6956,
      0.7992,
      0.882,
      0.705,
      0.6956,
      0.9144,
      0.9554,
      0.9592,
      0.6539,
      0.9668,
      0.9485,
      0.9565
    ],
    "by_speaker": {
      "Lyra": [
        0.249,
        0.7685,
        0.4939,
        0.5647,
        0.5719,
        0.7992,
        0.705,
        0.9144,
        0.9592,
        0.9668,
        0.9565
      ],
      "Cipher": [
        -0.0742,
        0.4678,
        0.0258,
        0.4019,
        0.6956,
        0.882,
        0.6956,
        0.9554,
        0.6539,
        0.9485
      ]
    },
    "mean": 0.6476857142857143,
    "slope": 0.03810480519480519,
    "volatility": 0.2965505566561311
  },
  "diversity": {
    "by_speaker": {
      "Lyra": {
        "semantic_diversity": 0.6366047263145447,
        "ttr": 0.42409638554216866
      },
      "Cipher": {
        "semantic_diversity": 0.6461228132247925,
        "ttr": 0.452914798206278
      }
    },
    "global_ttr": 0.3202134756504336
  }
}