{
  "condition_id": "crossiso__cipher-persona__t07__r03",
  "topic": "Meaningful climate action and sustained economic growth are fundamentally incompatible",
  "turn_count": 21,
  "persona": {
    "by_speaker": {
      "Lyra": {
        "mean": 0.24374457728430618,
        "per_turn": [
          0.2861075595419475,
          0.16898630519891583,
          0.262512927746577,
          0.21422970107088649,
          0.22908778714500413,
          0.22406123155211577,
          0.2408433009361815,
          0.2668534990213324,
          0.21074010418018707,
          0.2590648000922239,
          0.31870313364199626
        ]
      },
      "Cipher": {
        "mean": 0.7666007290977112,
        "per_turn": [
          0.7873375508649978,
          0.8091965827362342,
          0.7728018564204528,
          0.8025138477065177,
          0.7944533713672313,
          0.7381549379515084,
          0.7139883089609806,
          0.7101349074379016,
          0.7624044937843326,
          0.7750214337469541
        ]
      }
    },
    "discrimination": {
      "Lyra": {
        "own_mean": 0.2437,
        "cross_mean": 0.7563,
        "gap": -0.5125
      },
      "Cipher": {
        "own_mean": 0.7666,
        "cross_mean": 0.2334,
        "gap": 0.5332
      }
    }
  },
  "coherence": {
    "per_turn": [
      null,
      0.6492692232131958,
      0.7058227062225342,
      0.7793103456497192,
      0.6753687262535095,
      0.6360335350036621,
      0.6063604950904846,
      0.7911598682403564,
      0.5022242069244385,
      0.7348252534866333,
      0.5041350722312927,
      0.5165421962738037,
      0.603857159614563,
      0.3431490659713745,
      0.31947430968284607,
      0.8252604007720947,
      0.8154643177986145,
      0.814346432685852,
      0.5568907856941223,
      0.7600119709968567,
      0.31490832567214966
    ],
    "mean": 0.6227207198739052,
    "min": 0.31490832567214966
  },
  "topic_drift": {
    "per_turn": [
      0.6845663785934448,
      0.8432716727256775,
      0.606252133846283,
      0.4772454500198364,
      0.4982954263687134,
      0.4780505299568176,
      0.3690456748008728,
      0.42113572359085083,
      0.545711100101471,
      0.5901247262954712,
      0.380973219871521,
      0.26018863916397095,
      0.1717091202735901,
      0.32961809635162354,
      0.5787938833236694,
      0.5262303352355957,
      0.658128023147583,
      0.5352571606636047,
      0.5066328048706055,
      0.48304158449172974,
      0.4324563443660736
    ],
    "mean": 0.4941299060980479,
    "min": 0.1717091202735901,
    "drift_slope": -0.007100843222110313
  },
  "sentiment": {
    "per_turn": [
      0.8555,
      0.8225,
      0.962,
      0.806,
      0.9274,
      0.6297,
      0.8689,
      0.3919,
      -0.5106,
      0.25,
      0.9253,
      0.5106,
      0.296,
      0.8745,
      0.6486,
      0.7351,
      0.4404,
      -0.5267,
      0.359,
      0.9134,
      0.9432
    ],
    "by_speaker": {
      "Lyra": [
        0.8555,
        0.962,
        0.9274,
        0.8689,
        -0.5106,
        0.9253,
        0.296,
        0.6486,
        0.4404,
        0.359,
        0.9432
      ],
      "Cipher": [
        0.8225,
        0.806,
        0.6297,
        0.3919,
        0.25,
        0.5106,
        0.8745,
        0.7351,
        -0.5267,
        0.9134
      ]
    },
    "mean": 0.5772714285714284,
    "slope": -0.016120000000000013,
    "volatility": 0.42134934622546394
  },
  "diversity": {
    "by_speaker": {
      "Lyra": {
        "semantic_diversity": 0.5786393880844116,
        "ttr": 0.44097995545657015
      },
      "Cipher": {
        "semantic_diversity": 0.5705269575119019,
        "ttr": 0.44414535666218036
      }
    },
    "global_ttr": 0.3339427178549665
  }
}