{
  "condition_id": "crossiso__cipher-persona__t06__r03",
  "topic": "Remote work has weakened organisational culture more than it has empowered individuals",
  "turn_count": 21,
  "persona": {
    "by_speaker": {
      "Lyra": {
        "mean": 0.3425879809779301,
        "per_turn": [
          0.32606129791827676,
          0.35632655791251483,
          0.404983292415885,
          0.27903970869256617,
          0.2920579477696175,
          0.23140750342742106,
          0.3450791861657726,
          0.328861037032881,
          0.2912597416291286,
          0.30031097759842573,
          0.6130805401947417
        ]
      },
      "Cipher": {
        "mean": 0.699376076791838,
        "per_turn": [
          0.7164479346125019,
          0.6479632483578918,
          0.7261715288826828,
          0.7197538160157488,
          0.7314540319573309,
          0.6966712929506569,
          0.6882321478229755,
          0.6776741214851221,
          0.6889734458944154,
          0.7004191999390537
        ]
      }
    },
    "discrimination": {
      "Lyra": {
        "own_mean": 0.3426,
        "cross_mean": 0.6574,
        "gap": -0.3148
      },
      "Cipher": {
        "own_mean": 0.6994,
        "cross_mean": 0.3006,
        "gap": 0.3988
      }
    }
  },
  "coherence": {
    "per_turn": [
      null,
      0.7085168361663818,
      0.7359837293624878,
      0.802013099193573,
      0.7554105520248413,
      0.7609840631484985,
      0.708686351776123,
      0.7821183204650879,
      0.7057420015335083,
      0.4861096143722534,
      0.8036339282989502,
      0.6685153245925903,
      0.874914288520813,
      0.540450930595398,
      0.5637959241867065,
      0.4252009391784668,
      0.7411516904830933,
      0.7438145875930786,
      0.757940948009491,
      0.6079593896865845,
      0.3948231339454651
    ],
    "mean": 0.6783882826566696,
    "min": 0.3948231339454651
  },
  "topic_drift": {
    "per_turn": [
      0.7260015606880188,
      0.7321614623069763,
      0.6887707710266113,
      0.6666552424430847,
      0.5896604061126709,
      0.648719310760498,
      0.6538010239601135,
      0.71456378698349,
      0.507961094379425,
      0.45647600293159485,
      0.4714662432670593,
      0.7463588714599609,
      0.7417329549789429,
      0.4757702052593231,
      0.7660693526268005,
      0.21921540796756744,
      0.33483853936195374,
      0.1737743318080902,
      0.2989334166049957,
      0.12899264693260193,
      0.5134435892105103
    ],
    "mean": 0.5359698200509662,
    "min": 0.12899264693260193,
    "drift_slope": -0.02247960495871382
  },
  "sentiment": {
    "per_turn": [
      0.1531,
      -0.0772,
      0.2425,
      0.6272,
      0.8933,
      0.2023,
      0.8381,
      0.3612,
      0.8765,
      0.7543,
      0.9166,
      0.9231,
      0.9529,
      0.8648,
      0.5911,
      0.8591,
      0.5994,
      0.561,
      0.8074,
      0.9151,
      0.9371
    ],
    "by_speaker": {
      "Lyra": [
        0.1531,
        0.2425,
        0.8933,
        0.8381,
        0.8765,
        0.9166,
        0.9529,
        0.5911,
        0.5994,
        0.8074,
        0.9371
      ],
      "Cipher": [
        -0.0772,
        0.6272,
        0.2023,
        0.3612,
        0.7543,
        0.9231,
        0.8648,
        0.8591,
        0.561,
        0.9151
      ]
    },
    "mean": 0.6570904761904762,
    "slope": 0.030118831168831173,
    "volatility": 0.30083589246466474
  },
  "diversity": {
    "by_speaker": {
      "Lyra": {
        "semantic_diversity": 0.45466092228889465,
        "ttr": 0.41228070175438597
      },
      "Cipher": {
        "semantic_diversity": 0.5739623308181763,
        "ttr": 0.4383561643835616
      }
    },
    "global_ttr": 0.31102613129381773
  }
}