{
  "condition_id": "crossiso__cipher-persona__t03__r03",
  "topic": "The resources spent on space exploration would produce greater good if redirected to Earth's problems",
  "turn_count": 21,
  "persona": {
    "by_speaker": {
      "Lyra": {
        "mean": 0.3117509529078793,
        "per_turn": [
          0.32731535469537276,
          0.260158953540811,
          0.2832740165821736,
          0.28112910195411583,
          0.25068409374720924,
          0.23575077815773798,
          0.23933043822262803,
          0.27885995068995256,
          0.3250570942574197,
          0.3160700287704751,
          0.6316306713687763
        ]
      },
      "Cipher": {
        "mean": 0.7288009491487875,
        "per_turn": [
          0.7135860642446088,
          0.7627280815374573,
          0.6992788011038099,
          0.7403534220358073,
          0.753883072346059,
          0.7790629844529242,
          0.7482024136476666,
          0.6792408812775095,
          0.6755313471771665,
          0.7361424236648658
        ]
      }
    },
    "discrimination": {
      "Lyra": {
        "own_mean": 0.3118,
        "cross_mean": 0.6882,
        "gap": -0.3765
      },
      "Cipher": {
        "own_mean": 0.7288,
        "cross_mean": 0.2712,
        "gap": 0.4576
      }
    }
  },
  "coherence": {
    "per_turn": [
      null,
      0.6335754990577698,
      0.7530442476272583,
      0.7620052695274353,
      0.6511324644088745,
      0.6656540036201477,
      0.7586020231246948,
      0.6892273426055908,
      0.7640886902809143,
      0.6248355507850647,
      0.6857831478118896,
      0.6872353553771973,
      0.780936598777771,
      0.696570873260498,
      0.6670699119567871,
      0.6641530990600586,
      0.7357136011123657,
      0.7734144926071167,
      0.6829327344894409,
      0.35606294870376587,
      0.2082076072692871
    ],
    "mean": 0.6620122730731964,
    "min": 0.2082076072692871
  },
  "topic_drift": {
    "per_turn": [
      0.6817358732223511,
      0.6663551926612854,
      0.646077036857605,
      0.6104837656021118,
      0.5234365463256836,
      0.49544858932495117,
      0.5318732261657715,
      0.47029805183410645,
      0.5591543912887573,
      0.5183291435241699,
      0.5416808128356934,
      0.5761475563049316,
      0.5185303092002869,
      0.45146793127059937,
      0.4656960368156433,
      0.4905121922492981,
      0.5438856482505798,
      0.5051594376564026,
      0.5592222213745117,
      0.1456104964017868,
      0.33276572823524475
    ],
    "mean": 0.5158985803524653,
    "min": 0.1456104964017868,
    "drift_slope": -0.012798868545464083
  },
  "sentiment": {
    "per_turn": [
      0.6124,
      0.9268,
      0.6808,
      0.9648,
      0.6497,
      0.4854,
      0.7943,
      0.9081,
      0.7853,
      0.9508,
      0.8595,
      0.8481,
      0.9402,
      0.836,
      0.9517,
      0.9081,
      0.9737,
      0.9403,
      0.7845,
      0.7479,
      0.9741
    ],
    "by_speaker": {
      "Lyra": [
        0.6124,
        0.6808,
        0.6497,
        0.7943,
        0.7853,
        0.8595,
        0.9402,
        0.9517,
        0.9737,
        0.7845,
        0.9741
      ],
      "Cipher": [
        0.9268,
        0.9648,
        0.4854,
        0.9081,
        0.9508,
        0.8481,
        0.836,
        0.9081,
        0.9403,
        0.7479
      ]
    },
    "mean": 0.834404761904762,
    "slope": 0.009536233766233759,
    "volatility": 0.13249366014011488
  },
  "diversity": {
    "by_speaker": {
      "Lyra": {
        "semantic_diversity": 0.4519326984882355,
        "ttr": 0.4039125431530495
      },
      "Cipher": {
        "semantic_diversity": 0.4865471422672272,
        "ttr": 0.4531024531024531
      }
    },
    "global_ttr": 0.32522407170294493
  }
}