{
  "condition_id": "crossiso__baseline__t05__r02",
  "topic": "Genetic editing to prevent hereditary diseases in human embryos should be legally permitted",
  "turn_count": 21,
  "persona": {
    "by_speaker": {
      "Lyra": {
        "mean": 0.4948753238127041,
        "per_turn": [
          0.4377072251492551,
          0.4237544369832831,
          0.4577569589177729,
          0.5036580024944817,
          0.3908836589293243,
          0.4971030526370691,
          0.5700236038791459,
          0.5120785047265403,
          0.5242710656948774,
          0.5139181111949191,
          0.6124739413330756
        ]
      },
      "Cipher": {
        "mean": 0.8122752619371514,
        "per_turn": [
          1.1360321550658208,
          0.8415207781682117,
          0.7880927930184971,
          0.7785315199765519,
          0.776447867986005,
          0.7436932111050539,
          0.7683683573715415,
          0.7906315252737453,
          0.7622677982463845,
          0.7371666131597028
        ]
      }
    },
    "discrimination": {
      "Lyra": {
        "own_mean": 0.4949,
        "cross_mean": 0.5051,
        "gap": -0.0102
      },
      "Cipher": {
        "own_mean": 0.8123,
        "cross_mean": 0.1877,
        "gap": 0.6246
      }
    }
  },
  "coherence": {
    "per_turn": [
      null,
      0.8206654787063599,
      0.8057957887649536,
      0.6527594923973083,
      0.7144273519515991,
      0.7363075017929077,
      0.8030184507369995,
      0.7482137084007263,
      0.8299181461334229,
      0.7369831800460815,
      0.8966187238693237,
      0.684482753276825,
      0.7430441379547119,
      0.7952924370765686,
      0.862406313419342,
      0.7250169515609741,
      0.8559998273849487,
      0.7748432159423828,
      0.9051775932312012,
      0.8173246383666992,
      0.19738174974918365
    ],
    "mean": 0.755283872038126,
    "min": 0.19738174974918365
  },
  "topic_drift": {
    "per_turn": [
      0.9138578176498413,
      0.8629048466682434,
      0.7649380564689636,
      0.5176999568939209,
      0.7586586475372314,
      0.534228503704071,
      0.619145929813385,
      0.6746112704277039,
      0.7198452949523926,
      0.6605212688446045,
      0.7073848843574524,
      0.47002050280570984,
      0.5774896144866943,
      0.5466434359550476,
      0.5846266746520996,
      0.5892041325569153,
      0.6023898720741272,
      0.7309566736221313,
      0.7319219708442688,
      0.5919793844223022,
      0.03477722033858299
    ],
    "mean": 0.6282764742416995,
    "min": 0.03477722033858299,
    "drift_slope": -0.015143368780225906
  },
  "sentiment": {
    "per_turn": [
      0.5574,
      0.5267,
      0.8074,
      0.7343,
      0.0258,
      -0.7569,
      0.9305,
      -0.4137,
      0.4951,
      0.9187,
      0.9531,
      0.8442,
      0.9041,
      0.8166,
      0.91,
      0.9423,
      0.3468,
      0.7842,
      0.9628,
      0.8402,
      0.9732
    ],
    "by_speaker": {
      "Lyra": [
        0.5574,
        0.8074,
        0.0258,
        0.9305,
        0.4951,
        0.9531,
        0.9041,
        0.91,
        0.3468,
        0.9628,
        0.9732
      ],
      "Cipher": [
        0.5267,
        0.7343,
        -0.7569,
        -0.4137,
        0.9187,
        0.8442,
        0.8166,
        0.9423,
        0.7842,
        0.8402
      ]
    },
    "mean": 0.623942857142857,
    "slope": 0.03032000000000001,
    "volatility": 0.45981819551336817
  },
  "diversity": {
    "by_speaker": {
      "Lyra": {
        "semantic_diversity": 0.3691049814224243,
        "ttr": 0.37488284910965325
      },
      "Cipher": {
        "semantic_diversity": 0.36407122015953064,
        "ttr": 0.4399441340782123
      }
    },
    "global_ttr": 0.3011777902411666
  }
}