{
  "condition_id": "crossiso__baseline__t00__r03",
  "topic": "AI will eliminate more jobs than it creates within the next decade",
  "turn_count": 21,
  "persona": {
    "by_speaker": {
      "Lyra": {
        "mean": 0.5237005806239986,
        "per_turn": [
          0.5103654668546946,
          0.5129542517740593,
          0.4485373178397332,
          0.5593092737344252,
          0.5671161740969038,
          0.5526992175073442,
          0.48413281965014443,
          0.4651096028426037,
          0.489463144892559,
          0.5131774898051764,
          0.6578416278663402
        ]
      },
      "Cipher": {
        "mean": 0.7470166241024803,
        "per_turn": [
          0.7387691071902925,
          0.7434467248526471,
          0.7306056526602371,
          0.7073024385816876,
          0.7481740300368179,
          0.769667130237584,
          0.8020187764881066,
          0.7390838837648666,
          0.7419563511624916,
          0.7491421460500711
        ]
      }
    },
    "discrimination": {
      "Lyra": {
        "own_mean": 0.5237,
        "cross_mean": 0.4763,
        "gap": 0.0474
      },
      "Cipher": {
        "own_mean": 0.747,
        "cross_mean": 0.253,
        "gap": 0.494
      }
    }
  },
  "coherence": {
    "per_turn": [
      null,
      0.8106606006622314,
      0.694382905960083,
      0.4966096878051758,
      0.4212554395198822,
      0.6513702869415283,
      0.5716370344161987,
      0.7329041361808777,
      0.6331230401992798,
      0.5952258110046387,
      0.37721559405326843,
      0.592220664024353,
      0.5600708723068237,
      0.7244469523429871,
      0.8470788598060608,
      0.6115789413452148,
      0.655247151851654,
      0.6133370399475098,
      0.6458300352096558,
      0.6553375720977783,
      0.10117403417825699
    ],
    "mean": 0.5995353329926729,
    "min": 0.10117403417825699
  },
  "topic_drift": {
    "per_turn": [
      0.728701651096344,
      0.7230793833732605,
      0.5608420372009277,
      0.48039764165878296,
      0.5141605138778687,
      0.4050319492816925,
      0.13318073749542236,
      0.15925566852092743,
      0.4533213973045349,
      0.44769614934921265,
      0.3512694537639618,
      0.504325270652771,
      0.39154404401779175,
      0.5608663558959961,
      0.4725099205970764,
      0.384412944316864,
      0.3140357732772827,
      0.3775670826435089,
      0.2922801971435547,
      0.15861839056015015,
      0.1197807639837265
    ],
    "mean": 0.40632749171484084,
    "min": 0.1197807639837265,
    "drift_slope": -0.016683489219708875
  },
  "sentiment": {
    "per_turn": [
      0.9061,
      0.7649,
      0.5106,
      -0.7675,
      0.7837,
      0.8503,
      0.9701,
      0.8625,
      0.8847,
      0.9366,
      0.9601,
      0.8802,
      0.8651,
      0.8885,
      0.9793,
      0.9633,
      0.9802,
      0.8735,
      0.9735,
      0.6364,
      0.9814
    ],
    "by_speaker": {
      "Lyra": [
        0.9061,
        0.5106,
        0.7837,
        0.9701,
        0.8847,
        0.9601,
        0.8651,
        0.9793,
        0.9802,
        0.9735,
        0.9814
      ],
      "Cipher": [
        0.7649,
        -0.7675,
        0.8503,
        0.8625,
        0.9366,
        0.8802,
        0.8885,
        0.9633,
        0.8735,
        0.6364
      ]
    },
    "mean": 0.7944523809523809,
    "slope": 0.021493376623376633,
    "volatility": 0.36805268595296
  },
  "diversity": {
    "by_speaker": {
      "Lyra": {
        "semantic_diversity": 0.6168157458305359,
        "ttr": 0.4365482233502538
      },
      "Cipher": {
        "semantic_diversity": 0.6008182764053345,
        "ttr": 0.4434250764525994
      }
    },
    "global_ttr": 0.32763880414887125
  }
}