{
  "condition_id": "crossiso__cipher-persona__t00__r02",
  "topic": "AI will eliminate more jobs than it creates within the next decade",
  "turn_count": 21,
  "persona": {
    "by_speaker": {
      "Lyra": {
        "mean": 0.26787156858964023,
        "per_turn": [
          0.26592288197162367,
          0.24246935212427245,
          0.22021587452467312,
          0.2060748860891145,
          0.20291253787702107,
          0.20562465140153077,
          0.20967804314303612,
          0.2548509087106247,
          0.3014930455248592,
          0.29449301570641423,
          0.5428520574128728
        ]
      },
      "Cipher": {
        "mean": 0.7725726190127167,
        "per_turn": [
          0.781110975006591,
          0.7852059948843049,
          0.8143720893033071,
          0.8043230221059015,
          0.7872726397001678,
          0.8199092868540597,
          0.775017098657053,
          0.6753078431854864,
          0.7324639578573898,
          0.7507432825729059
        ]
      }
    },
    "discrimination": {
      "Lyra": {
        "own_mean": 0.2679,
        "cross_mean": 0.7321,
        "gap": -0.4643
      },
      "Cipher": {
        "own_mean": 0.7726,
        "cross_mean": 0.2274,
        "gap": 0.5451
      }
    }
  },
  "coherence": {
    "per_turn": [
      null,
      0.6588104367256165,
      0.7580965757369995,
      0.7643585801124573,
      0.6840765476226807,
      0.37993162870407104,
      0.5747773051261902,
      0.6626256704330444,
      0.853447437286377,
      0.664604902267456,
      0.7885669469833374,
      0.798086404800415,
      0.5021953582763672,
      0.6092439889907837,
      0.34794116020202637,
      0.608230710029602,
      0.7507296800613403,
      0.660033643245697,
      0.5709060430526733,
      0.44625282287597656,
      0.37286627292633057
    ],
    "mean": 0.6227891057729721,
    "min": 0.34794116020202637
  },
  "topic_drift": {
    "per_turn": [
      0.736293613910675,
      0.767259955406189,
      0.648853063583374,
      0.7221680879592896,
      0.5904739499092102,
      0.2503357231616974,
      0.5796105861663818,
      0.6430742740631104,
      0.6626994013786316,
      0.4453025162220001,
      0.47273576259613037,
      0.46197232604026794,
      0.4460175037384033,
      0.18630391359329224,
      0.25686126947402954,
      0.157073974609375,
      0.12689539790153503,
      0.15135546028614044,
      0.06387920677661896,
      0.33771413564682007,
      0.49077484011650085
    ],
    "mean": 0.43798356964474633,
    "min": 0.06387920677661896,
    "drift_slope": -0.02769137889920892
  },
  "sentiment": {
    "per_turn": [
      0.2846,
      0.3736,
      0.5423,
      0.8823,
      0.9201,
      0.7964,
      0.431,
      0.9859,
      0.8519,
      0.886,
      0.9393,
      0.296,
      0.9246,
      0.9175,
      0.4019,
      0.7845,
      0.7189,
      0.9061,
      0.4031,
      0.7346,
      0.9584
    ],
    "by_speaker": {
      "Lyra": [
        0.2846,
        0.5423,
        0.9201,
        0.431,
        0.8519,
        0.9393,
        0.9246,
        0.4019,
        0.7189,
        0.4031,
        0.9584
      ],
      "Cipher": [
        0.3736,
        0.8823,
        0.7964,
        0.9859,
        0.886,
        0.296,
        0.9175,
        0.7845,
        0.9061,
        0.7346
      ]
    },
    "mean": 0.7113809523809523,
    "slope": 0.009100129870129862,
    "volatility": 0.24074987537760234
  },
  "diversity": {
    "by_speaker": {
      "Lyra": {
        "semantic_diversity": 0.6116328835487366,
        "ttr": 0.4143337066069429
      },
      "Cipher": {
        "semantic_diversity": 0.6583951115608215,
        "ttr": 0.44
      }
    },
    "global_ttr": 0.3182674199623352
  }
}