{
  "condition_id": "crossiso__baseline__t02__r02",
  "topic": "Universal basic income would reduce workforce participation and innovation over time",
  "turn_count": 21,
  "persona": {
    "by_speaker": {
      "Lyra": {
        "mean": 0.471078832191587,
        "per_turn": [
          0.45778150224523556,
          0.44685154817757483,
          0.4763226938622573,
          0.4726554561590329,
          0.42195798749354974,
          0.5062697946675196,
          0.4803434920811076,
          0.5072842169997729,
          0.5021562139285236,
          0.48756313810116825,
          0.422681110391715
        ]
      },
      "Cipher": {
        "mean": 0.7880853100619463,
        "per_turn": [
          0.816089003553192,
          0.7822621309541979,
          0.7692914869289924,
          0.8086145004825663,
          0.8357591857798452,
          0.7621246369964725,
          0.7854693829626621,
          0.7963464097578694,
          0.7715170509949438,
          0.7533793122087207
        ]
      }
    },
    "discrimination": {
      "Lyra": {
        "own_mean": 0.4711,
        "cross_mean": 0.5289,
        "gap": -0.0578
      },
      "Cipher": {
        "own_mean": 0.7881,
        "cross_mean": 0.2119,
        "gap": 0.5762
      }
    }
  },
  "coherence": {
    "per_turn": [
      null,
      0.7875721454620361,
      0.7917264699935913,
      0.7345994114875793,
      0.5407564640045166,
      0.6639411449432373,
      0.5566498637199402,
      0.5883958339691162,
      0.8447690010070801,
      0.8221858739852905,
      0.719687819480896,
      0.8519259691238403,
      0.8228130340576172,
      0.7643262147903442,
      0.50679612159729,
      0.643086314201355,
      0.6267434358596802,
      0.7503470182418823,
      0.7622741460800171,
      0.731883704662323,
      0.14534276723861694
    ],
    "mean": 0.6827911376953125,
    "min": 0.14534276723861694
  },
  "topic_drift": {
    "per_turn": [
      0.8848031759262085,
      0.7977306246757507,
      0.661573052406311,
      0.4479745328426361,
      0.791559100151062,
      0.5504533052444458,
      0.7339915633201599,
      0.6676328182220459,
      0.5600478649139404,
      0.4839552044868469,
      0.5428528785705566,
      0.6045088171958923,
      0.640042781829834,
      0.7228999137878418,
      0.2911127507686615,
      0.3046749532222748,
      0.3660317659378052,
      0.384516179561615,
      0.4312021732330322,
      0.4067038297653198,
      2.5488436222076416e-05
    ],
    "mean": 0.5368710844999268,
    "min": 2.5488436222076416e-05,
    "drift_slope": -0.025664181581565314
  },
  "sentiment": {
    "per_turn": [
      0.5719,
      0.624,
      0.8789,
      0.9545,
      0.7876,
      -0.3071,
      0.9465,
      0.872,
      0.9035,
      0.9413,
      0.9794,
      0.8834,
      0.9702,
      0.9349,
      0.9741,
      0.8774,
      0.9601,
      0.8873,
      0.9524,
      0.9042,
      0.9451
    ],
    "by_speaker": {
      "Lyra": [
        0.5719,
        0.8789,
        0.7876,
        0.9465,
        0.9035,
        0.9794,
        0.9702,
        0.9741,
        0.9601,
        0.9524,
        0.9451
      ],
      "Cipher": [
        0.624,
        0.9545,
        -0.3071,
        0.872,
        0.9413,
        0.8834,
        0.9349,
        0.8774,
        0.8873,
        0.9042
      ]
    },
    "mean": 0.830552380952381,
    "slope": 0.017796753246753255,
    "volatility": 0.2749584620041078
  },
  "diversity": {
    "by_speaker": {
      "Lyra": {
        "semantic_diversity": 0.5343391299247742,
        "ttr": 0.3592321755027422
      },
      "Cipher": {
        "semantic_diversity": 0.5357774496078491,
        "ttr": 0.42319277108433734
      }
    },
    "global_ttr": 0.2923777019340159
  }
}