{
  "condition_id": "crossiso__baseline__t05__r01",
  "topic": "Genetic editing to prevent hereditary diseases in human embryos should be legally permitted",
  "turn_count": 21,
  "persona": {
    "by_speaker": {
      "Lyra": {
        "mean": 0.4937772190274664,
        "per_turn": [
          0.45559795049158824,
          0.39494722362316903,
          0.4532663235839966,
          0.4977463206912268,
          0.5513240013735976,
          0.4906300965837057,
          0.48864466296621445,
          0.5484000544782011,
          0.4805506604249846,
          0.528729176323852,
          0.5417129387615941
        ]
      },
      "Cipher": {
        "mean": 0.7310869050852895,
        "per_turn": [
          0.8547516303443089,
          0.8670623432784397,
          0.7904826402470233,
          0.47520074386191924,
          0.688129306588753,
          0.6752128523054316,
          0.6962858470935587,
          0.740747710531475,
          0.7474374398738592,
          0.775558536728127
        ]
      }
    },
    "discrimination": {
      "Lyra": {
        "own_mean": 0.4938,
        "cross_mean": 0.5062,
        "gap": -0.0124
      },
      "Cipher": {
        "own_mean": 0.7311,
        "cross_mean": 0.2689,
        "gap": 0.4622
      }
    }
  },
  "coherence": {
    "per_turn": [
      null,
      0.7257848381996155,
      0.810067892074585,
      0.7191563248634338,
      0.8139023780822754,
      0.4737792909145355,
      0.3852440118789673,
      0.6771389245986938,
      0.8107577562332153,
      0.8160054683685303,
      0.6153551936149597,
      0.7605586647987366,
      0.6816568374633789,
      0.5818010568618774,
      0.7694575190544128,
      0.681102991104126,
      0.7822402119636536,
      0.6565813422203064,
      0.772929847240448,
      0.42377662658691406,
      0.11935517191886902
    ],
    "mean": 0.6538326174020768,
    "min": 0.11935517191886902
  },
  "topic_drift": {
    "per_turn": [
      0.9112498164176941,
      0.7693663835525513,
      0.7402631640434265,
      0.710342526435852,
      0.6747556924819946,
      0.20179353654384613,
      0.7682426571846008,
      0.6972920894622803,
      0.5550581812858582,
      0.4326065182685852,
      0.6284234523773193,
      0.5987976789474487,
      0.7197923064231873,
      0.48600202798843384,
      0.5940457582473755,
      0.6939302682876587,
      0.667070746421814,
      0.5079257488250732,
      0.6668058037757874,
      0.18905264139175415,
      0.6014622449874878
    ],
    "mean": 0.6102037734928585,
    "min": 0.18905264139175415,
    "drift_slope": -0.01135805208574642
  },
  "sentiment": {
    "per_turn": [
      0.5574,
      0.6124,
      0.9042,
      -0.3919,
      0.9136,
      0.5574,
      0.9743,
      0.9468,
      0.9369,
      0.5574,
      0.6249,
      0.7003,
      0.7184,
      0.8611,
      0.9058,
      0.2583,
      0.5531,
      0.6322,
      0.4939,
      0.9253,
      0.9792
    ],
    "by_speaker": {
      "Lyra": [
        0.5574,
        0.9042,
        0.9136,
        0.9743,
        0.9369,
        0.6249,
        0.7184,
        0.9058,
        0.5531,
        0.4939,
        0.9792
      ],
      "Cipher": [
        0.6124,
        -0.3919,
        0.5574,
        0.9468,
        0.5574,
        0.7003,
        0.8611,
        0.2583,
        0.6322,
        0.9253
      ]
    },
    "mean": 0.6771904761904762,
    "slope": 0.008359350649350658,
    "volatility": 0.3083244748865373
  },
  "diversity": {
    "by_speaker": {
      "Lyra": {
        "semantic_diversity": 0.34830138087272644,
        "ttr": 0.394589552238806
      },
      "Cipher": {
        "semantic_diversity": 0.5291192531585693,
        "ttr": 0.42450142450142453
      }
    },
    "global_ttr": 0.3134160090191657
  }
}