{
  "condition_id": "crossiso__lyra-persona__t02__r03",
  "topic": "Universal basic income would reduce workforce participation and innovation over time",
  "turn_count": 21,
  "persona": {
    "by_speaker": {
      "Lyra": {
        "mean": 0.6545401051489289,
        "per_turn": [
          0.7529913124678671,
          0.7161280416424622,
          0.7509711926446385,
          0.47417888569322886,
          0.786563337526657,
          0.45902842888026546,
          0.4804643417770236,
          0.7416877466538914,
          0.715388633208272,
          0.7842952679232751,
          0.5382439682206364
        ]
      },
      "Cipher": {
        "mean": 0.7846509021665782,
        "per_turn": [
          0.8305352926491264,
          0.8250514318336548,
          0.7935341204212174,
          0.7782174504709547,
          0.7969500185940867,
          0.7658524480144644,
          0.7782295040230902,
          0.7490068983920213,
          0.8052041925843587,
          0.7239276646828071
        ]
      }
    },
    "discrimination": {
      "Lyra": {
        "own_mean": 0.6545,
        "cross_mean": 0.3455,
        "gap": 0.3091
      },
      "Cipher": {
        "own_mean": 0.7847,
        "cross_mean": 0.2153,
        "gap": 0.5693
      }
    }
  },
  "coherence": {
    "per_turn": [
      null,
      0.5416646003723145,
      0.771397590637207,
      0.7191656231880188,
      0.6891037225723267,
      0.6983104944229126,
      0.7734092473983765,
      0.8302298784255981,
      0.7328517436981201,
      0.3711143136024475,
      0.8108062744140625,
      0.750877320766449,
      0.5349577069282532,
      0.7544146776199341,
      0.6882817149162292,
      0.42205512523651123,
      0.4184577465057373,
      0.7785130739212036,
      0.4740505516529083,
      0.48029953241348267,
      0.23590083420276642
    ],
    "mean": 0.6237930886447429,
    "min": 0.23590083420276642
  },
  "topic_drift": {
    "per_turn": [
      0.6866492629051208,
      0.512920081615448,
      0.45906704664230347,
      0.5951862335205078,
      0.36788123846054077,
      0.4044511914253235,
      0.4603482484817505,
      0.3894849121570587,
      0.28478556871414185,
      0.3512251675128937,
      0.2554975748062134,
      0.1861133575439453,
      0.30653560161590576,
      0.31857529282569885,
      0.46759968996047974,
      0.21242812275886536,
      0.3264702558517456,
      0.3607753813266754,
      0.3525427579879761,
      0.2713727056980133,
      0.4963507354259491
    ],
    "mean": 0.384107639392217,
    "min": 0.1861133575439453,
    "drift_slope": -0.010498568841389253
  },
  "sentiment": {
    "per_turn": [
      0.8905,
      0.6966,
      0.9467,
      0.5572,
      0.9075,
      0.9655,
      0.9552,
      0.7789,
      0.9534,
      0.3291,
      0.6249,
      0.9337,
      0.9647,
      0.8885,
      0.5621,
      0.8439,
      0.9222,
      0.8047,
      0.9225,
      0.8324,
      0.9303
    ],
    "by_speaker": {
      "Lyra": [
        0.8905,
        0.9467,
        0.9075,
        0.9552,
        0.9534,
        0.6249,
        0.9647,
        0.5621,
        0.9222,
        0.9225,
        0.9303
      ],
      "Cipher": [
        0.6966,
        0.5572,
        0.9655,
        0.7789,
        0.3291,
        0.9337,
        0.8885,
        0.8439,
        0.8047,
        0.8324
      ]
    },
    "mean": 0.8195476190476191,
    "slope": 0.0026271428571428656,
    "volatility": 0.1676297013659732
  },
  "diversity": {
    "by_speaker": {
      "Lyra": {
        "semantic_diversity": 0.5240691304206848,
        "ttr": 0.3857315598548972
      },
      "Cipher": {
        "semantic_diversity": 0.5671178698539734,
        "ttr": 0.4658703071672355
      }
    },
    "global_ttr": 0.31634819532908703
  }
}