{
  "condition_id": "crossiso__cipher-persona__t05__r01",
  "topic": "Genetic editing to prevent hereditary diseases in human embryos should be legally permitted",
  "turn_count": 21,
  "persona": {
    "by_speaker": {
      "Lyra": {
        "mean": 0.23729876202949843,
        "per_turn": [
          0.26620780785934467,
          0.21481053776862571,
          0.21120676169788388,
          0.19229698336355577,
          0.18022772327759318,
          0.2159451703460555,
          0.2151785081229405,
          0.23824077487149187,
          0.2610325026389258,
          0.28637652364857474,
          0.32876308872949084
        ]
      },
      "Cipher": {
        "mean": 0.7615553814214028,
        "per_turn": [
          0.8008321423673126,
          0.7741455932778223,
          0.7493179893137518,
          0.7544787948712446,
          0.745481842208445,
          0.7864157299535423,
          0.7847319207423975,
          0.7799128821530454,
          0.6887851666235536,
          0.7514517527029132
        ]
      }
    },
    "discrimination": {
      "Lyra": {
        "own_mean": 0.2373,
        "cross_mean": 0.7627,
        "gap": -0.5254
      },
      "Cipher": {
        "own_mean": 0.7616,
        "cross_mean": 0.2384,
        "gap": 0.5231
      }
    }
  },
  "coherence": {
    "per_turn": [
      null,
      0.5607800483703613,
      0.5739606618881226,
      0.8348993062973022,
      0.7157107591629028,
      0.7400115728378296,
      0.6518750190734863,
      0.6828844547271729,
      0.8239685297012329,
      0.7723122239112854,
      0.8686866760253906,
      0.7281445860862732,
      0.9042520523071289,
      0.3997952342033386,
      0.5074455738067627,
      0.6596035361289978,
      0.7082135677337646,
      0.4504505395889282,
      0.48489096760749817,
      0.5581012964248657,
      0.11970154196023941
    ],
    "mean": 0.6372844073921442,
    "min": 0.11970154196023941
  },
  "topic_drift": {
    "per_turn": [
      0.7239840626716614,
      0.5398461818695068,
      0.5881543755531311,
      0.6208556890487671,
      0.567790150642395,
      0.5651659369468689,
      0.6601753234863281,
      0.6959897875785828,
      0.6683149337768555,
      0.7022618055343628,
      0.6436684131622314,
      0.4733487665653229,
      0.5349646210670471,
      0.23985499143600464,
      0.5178704261779785,
      0.43231210112571716,
      0.3401259779930115,
      0.1890123039484024,
      0.45160454511642456,
      0.1835010051727295,
      0.012001174502074718
    ],
    "mean": 0.492895360636924,
    "min": 0.012001174502074718,
    "drift_slope": -0.024552895673006378
  },
  "sentiment": {
    "per_turn": [
      0.4404,
      0.4883,
      0.6956,
      0.3387,
      -0.2134,
      0.631,
      -0.6873,
      -0.6249,
      0.8942,
      0.7066,
      0.891,
      -0.5358,
      0.8514,
      0.9524,
      0.8151,
      0.4588,
      -0.1027,
      0.8519,
      0.8625,
      0.8608,
      0.96
    ],
    "by_speaker": {
      "Lyra": [
        0.4404,
        0.6956,
        -0.2134,
        -0.6873,
        0.8942,
        0.891,
        0.8514,
        0.8151,
        -0.1027,
        0.8625,
        0.96
      ],
      "Cipher": [
        0.4883,
        0.3387,
        0.631,
        -0.6249,
        0.7066,
        -0.5358,
        0.9524,
        0.4588,
        0.8519,
        0.8608
      ]
    },
    "mean": 0.4540285714285715,
    "slope": 0.029471168831168838,
    "volatility": 0.5362126418492122
  },
  "diversity": {
    "by_speaker": {
      "Lyra": {
        "semantic_diversity": 0.48577645421028137,
        "ttr": 0.43921139101861995
      },
      "Cipher": {
        "semantic_diversity": 0.5460020899772644,
        "ttr": 0.44113475177304967
      }
    },
    "global_ttr": 0.32818294190358466
  }
}