{
  "condition_id": "crossiso__baseline__t06__r01",
  "topic": "Remote work has weakened organisational culture more than it has empowered individuals",
  "turn_count": 21,
  "persona": {
    "by_speaker": {
      "Lyra": {
        "mean": 0.5450508499447628,
        "per_turn": [
          0.5608069276355669,
          0.5296896005318028,
          0.6433124123675409,
          0.2710732472743275,
          0.5348671087119894,
          0.5754164455788382,
          0.6036075365316044,
          0.5311046399561883,
          0.5364591220126995,
          0.5518725066960899,
          0.657349802095743
        ]
      },
      "Cipher": {
        "mean": 0.7159145683004902,
        "per_turn": [
          0.6962319155275292,
          0.6677619647499131,
          0.6783148141228383,
          0.7615012100677778,
          0.7690973725138179,
          0.6626425603490678,
          0.7759356929566774,
          0.7608796497000613,
          0.7048879352430835,
          0.6818925677741353
        ]
      }
    },
    "discrimination": {
      "Lyra": {
        "own_mean": 0.5451,
        "cross_mean": 0.4549,
        "gap": 0.0901
      },
      "Cipher": {
        "own_mean": 0.7159,
        "cross_mean": 0.2841,
        "gap": 0.4318
      }
    }
  },
  "coherence": {
    "per_turn": [
      null,
      0.7950519323348999,
      0.7389201521873474,
      0.6915938258171082,
      0.8691111207008362,
      0.6878833770751953,
      0.8811296820640564,
      0.5836973190307617,
      0.819936990737915,
      0.5511634349822998,
      0.6620413661003113,
      0.7619466781616211,
      0.5382314920425415,
      0.6464328765869141,
      0.7503028512001038,
      0.5270450115203857,
      0.7345495820045471,
      0.6273550987243652,
      0.7473793029785156,
      0.5817676782608032,
      0.12586049735546112
    ],
    "mean": 0.6660700134932995,
    "min": 0.12586049735546112
  },
  "topic_drift": {
    "per_turn": [
      0.8771059513092041,
      0.7532949447631836,
      0.7873455286026001,
      0.6321658492088318,
      0.5802758932113647,
      0.7591121196746826,
      0.7436509728431702,
      0.6306380033493042,
      0.5965508222579956,
      0.3948677182197571,
      0.6317018270492554,
      0.3551351726055145,
      0.5599288940429688,
      0.4671519100666046,
      0.5740309953689575,
      0.2368277907371521,
      0.16785578429698944,
      0.3473465144634247,
      0.3691752552986145,
      0.5125906467437744,
      0.08271580934524536
    ],
    "mean": 0.5266413525456474,
    "min": 0.08271580934524536,
    "drift_slope": -0.028334018858996314
  },
  "sentiment": {
    "per_turn": [
      0.6801,
      0.3612,
      0.9168,
      0.3054,
      -0.7574,
      0.8124,
      0.8787,
      0.792,
      0.5267,
      0.2008,
      0.5911,
      0.9337,
      0.9467,
      0.9136,
      0.9817,
      0.7845,
      0.9202,
      0.9,
      0.9896,
      0.296,
      0.975
    ],
    "by_speaker": {
      "Lyra": [
        0.6801,
        0.9168,
        -0.7574,
        0.8787,
        0.5267,
        0.5911,
        0.9467,
        0.9817,
        0.9202,
        0.9896,
        0.975
      ],
      "Cipher": [
        0.3612,
        0.3054,
        0.8124,
        0.792,
        0.2008,
        0.9337,
        0.9136,
        0.7845,
        0.9,
        0.296
      ]
    },
    "mean": 0.6642285714285713,
    "slope": 0.025172207792207794,
    "volatility": 0.40343490552156897
  },
  "diversity": {
    "by_speaker": {
      "Lyra": {
        "semantic_diversity": 0.5665566325187683,
        "ttr": 0.3986615678776291
      },
      "Cipher": {
        "semantic_diversity": 0.5721363425254822,
        "ttr": 0.46579804560260585
      }
    },
    "global_ttr": 0.3325301204819277
  }
}