{
  "condition_id": "crossiso__lyra-persona__t03__r01",
  "topic": "The resources spent on space exploration would produce greater good if redirected to Earth's problems",
  "turn_count": 21,
  "persona": {
    "by_speaker": {
      "Lyra": {
        "mean": 0.6560954812898481,
        "per_turn": [
          0.5815196816940728,
          0.7838114446150696,
          0.5373697848375818,
          0.8091725948571831,
          0.7753907951908847,
          0.5266201724314759,
          0.7908460698154756,
          0.527731788391212,
          0.5469917565658944,
          0.6370964259201286,
          0.7004997798693504
        ]
      },
      "Cipher": {
        "mean": 0.7228753777562187,
        "per_turn": [
          0.7166272300653094,
          0.7344758801712734,
          0.7228706513457875,
          0.7055608029723296,
          0.7161089965705671,
          0.7505813325389767,
          0.7126891585865793,
          0.7168027110406033,
          0.70733261576607,
          0.7457043985046912
        ]
      }
    },
    "discrimination": {
      "Lyra": {
        "own_mean": 0.6561,
        "cross_mean": 0.3439,
        "gap": 0.3122
      },
      "Cipher": {
        "own_mean": 0.7229,
        "cross_mean": 0.2771,
        "gap": 0.4458
      }
    }
  },
  "coherence": {
    "per_turn": [
      null,
      0.4593944251537323,
      0.5897318124771118,
      0.7565580606460571,
      0.6761917471885681,
      0.7053744792938232,
      0.6690681576728821,
      0.818464994430542,
      0.802628755569458,
      0.7047664523124695,
      0.6995425224304199,
      0.7286114692687988,
      0.7295821905136108,
      0.8415786027908325,
      0.7773548364639282,
      0.8183950185775757,
      0.7668302655220032,
      0.7672561407089233,
      0.551141083240509,
      0.5256294012069702,
      0.16845467686653137
    ],
    "mean": 0.6778277546167374,
    "min": 0.16845467686653137
  },
  "topic_drift": {
    "per_turn": [
      0.49138569831848145,
      0.5787633657455444,
      0.49232763051986694,
      0.3928561210632324,
      0.4581671357154846,
      0.6723698377609253,
      0.5882921814918518,
      0.559960126876831,
      0.5278332233428955,
      0.5187053084373474,
      0.43288999795913696,
      0.4448050856590271,
      0.43835312128067017,
      0.4512849450111389,
      0.4505786895751953,
      0.4267123341560364,
      0.254768043756485,
      0.3412211537361145,
      0.0821157768368721,
      0.15800631046295166,
      0.033554866909980774
    ],
    "mean": 0.4188071883150509,
    "min": 0.033554866909980774,
    "drift_slope": -0.020242446003022135
  },
  "sentiment": {
    "per_turn": [
      0.5647,
      0.5344,
      0.9449,
      -0.2144,
      0.755,
      0.5382,
      0.9347,
      0.5574,
      0.9688,
      0.8625,
      0.9524,
      0.9501,
      0.9303,
      0.8856,
      0.9507,
      0.7618,
      0.9117,
      0.91,
      0.8399,
      0.9153,
      0.9599
    ],
    "by_speaker": {
      "Lyra": [
        0.5647,
        0.9449,
        0.755,
        0.9347,
        0.9688,
        0.9524,
        0.9303,
        0.9507,
        0.9117,
        0.8399,
        0.9599
      ],
      "Cipher": [
        0.5344,
        -0.2144,
        0.5382,
        0.5574,
        0.8625,
        0.9501,
        0.8856,
        0.7618,
        0.91,
        0.9153
      ]
    },
    "mean": 0.7816142857142856,
    "slope": 0.022764025974025957,
    "volatility": 0.26797644048136254
  },
  "diversity": {
    "by_speaker": {
      "Lyra": {
        "semantic_diversity": 0.5748794078826904,
        "ttr": 0.37082405345211583
      },
      "Cipher": {
        "semantic_diversity": 0.4337309002876282,
        "ttr": 0.4218533886583679
      }
    },
    "global_ttr": 0.29673041332510797
  }
}