{
  "condition_id": "crossiso__cipher-persona__t06__r02",
  "topic": "Remote work has weakened organisational culture more than it has empowered individuals",
  "turn_count": 21,
  "persona": {
    "by_speaker": {
      "Lyra": {
        "mean": 0.36250835174060064,
        "per_turn": [
          0.32615641817653124,
          0.42387323147247485,
          0.36363732199076987,
          0.30614033764838594,
          0.3178512567860009,
          0.35119489432210826,
          0.31946720582774085,
          0.3492044590203318,
          0.3661845720628455,
          0.29515364191014526,
          0.5687285299292728
        ]
      },
      "Cipher": {
        "mean": 0.6844785165808308,
        "per_turn": [
          0.6825775497678724,
          0.7217174784545172,
          0.47874646182798586,
          0.7164728195167299,
          0.7016932976659165,
          0.6570274484247752,
          0.7460947483615668,
          0.666986036650797,
          0.7167764711871556,
          0.7566928539509921
        ]
      }
    },
    "discrimination": {
      "Lyra": {
        "own_mean": 0.3625,
        "cross_mean": 0.6375,
        "gap": -0.275
      },
      "Cipher": {
        "own_mean": 0.6845,
        "cross_mean": 0.3155,
        "gap": 0.369
      }
    }
  },
  "coherence": {
    "per_turn": [
      null,
      0.8092825412750244,
      0.49232858419418335,
      0.4429440200328827,
      0.7245491147041321,
      0.5336396098136902,
      0.6343414783477783,
      0.776820182800293,
      0.5570031404495239,
      0.7038976550102234,
      0.6328691244125366,
      0.7520885467529297,
      0.7008440494537354,
      0.6954352855682373,
      0.6881647706031799,
      0.7067515850067139,
      0.6778575778007507,
      0.5861033201217651,
      0.6418436765670776,
      0.7660824656486511,
      0.29916250705718994
    ],
    "mean": 0.641100461781025,
    "min": 0.29916250705718994
  },
  "topic_drift": {
    "per_turn": [
      0.7750115394592285,
      0.7745425701141357,
      0.4226163327693939,
      0.6968789100646973,
      0.5492510795593262,
      0.22072038054466248,
      0.3145042061805725,
      0.41945895552635193,
      0.5909475088119507,
      0.4923045039176941,
      0.43115949630737305,
      0.6139274835586548,
      0.4748241603374481,
      0.5393975973129272,
      0.49228110909461975,
      0.4332655668258667,
      0.23690341413021088,
      0.4853416681289673,
      0.32970187067985535,
      0.22617684304714203,
      0.5192170143127441
    ],
    "mean": 0.4780205814611344,
    "min": 0.22072038054466248,
    "drift_slope": -0.012426458995837665
  },
  "sentiment": {
    "per_turn": [
      0.2846,
      0.2617,
      0.3919,
      0.9217,
      0.9354,
      0.3421,
      0.8334,
      -0.296,
      0.9412,
      0.872,
      0.6827,
      0.743,
      0.7096,
      0.34,
      0.1154,
      0.907,
      0.7273,
      -0.0516,
      0.9581,
      0.9239,
      0.9363
    ],
    "by_speaker": {
      "Lyra": [
        0.2846,
        0.3919,
        0.9354,
        0.8334,
        0.9412,
        0.6827,
        0.7096,
        0.1154,
        0.7273,
        0.9581,
        0.9363
      ],
      "Cipher": [
        0.2617,
        0.9217,
        0.3421,
        -0.296,
        0.872,
        0.743,
        0.34,
        0.907,
        -0.0516,
        0.9239
      ]
    },
    "mean": 0.5942714285714285,
    "slope": 0.013263636363636356,
    "volatility": 0.3657834997747752
  },
  "diversity": {
    "by_speaker": {
      "Lyra": {
        "semantic_diversity": 0.5746127963066101,
        "ttr": 0.4104803493449782
      },
      "Cipher": {
        "semantic_diversity": 0.5860573649406433,
        "ttr": 0.47737226277372263
      }
    },
    "global_ttr": 0.3235477826358526
  }
}