{
  "condition_id": "crossiso__baseline__t01__r01",
  "topic": "Social media has done more harm than good to mental health and democracy",
  "turn_count": 21,
  "persona": {
    "by_speaker": {
      "Lyra": {
        "mean": 0.5272512029796839,
        "per_turn": [
          0.6569917916334844,
          0.6185554193618694,
          0.6187329670117845,
          0.5651489080951091,
          0.4790440868867194,
          0.419401169044123,
          0.5743237638698633,
          0.5253828976402333,
          0.2519251457570617,
          0.49083332517377454,
          0.5994237583025
        ]
      },
      "Cipher": {
        "mean": 0.7264887890244797,
        "per_turn": [
          0.6898269627899155,
          0.6275982902898231,
          0.7207436829372332,
          0.7288097562446539,
          0.7842989656176466,
          0.7046376820713419,
          0.7067484187200479,
          0.7517553065291581,
          0.7750156499305202,
          0.7754531751144567
        ]
      }
    },
    "discrimination": {
      "Lyra": {
        "own_mean": 0.5273,
        "cross_mean": 0.4727,
        "gap": 0.0545
      },
      "Cipher": {
        "own_mean": 0.7265,
        "cross_mean": 0.2735,
        "gap": 0.453
      }
    }
  },
  "coherence": {
    "per_turn": [
      null,
      0.8072795867919922,
      0.6839714050292969,
      0.6956272125244141,
      0.545951247215271,
      0.4889637529850006,
      0.7704298496246338,
      0.6781504154205322,
      0.7446593046188354,
      0.39522647857666016,
      0.7770953178405762,
      0.4609166979789734,
      0.7148228883743286,
      0.7552332282066345,
      0.7914943099021912,
      0.7003832459449768,
      0.7861579656600952,
      0.650347113609314,
      0.7888575196266174,
      0.3744710683822632,
      0.15301084518432617
    ],
    "mean": 0.6381524726748466,
    "min": 0.15301084518432617
  },
  "topic_drift": {
    "per_turn": [
      0.8058947920799255,
      0.8126490116119385,
      0.6202460527420044,
      0.6369748115539551,
      0.5845385789871216,
      0.5002135634422302,
      0.5688848495483398,
      0.48199939727783203,
      0.5271582007408142,
      0.10137499868869781,
      0.11851523071527481,
      0.5975652933120728,
      0.5577801465988159,
      0.6910936236381531,
      0.6161078214645386,
      0.5024740695953369,
      0.4693838953971863,
      0.4221251308917999,
      0.4088481068611145,
      0.2291480302810669,
      0.6726247072219849
    ],
    "mean": 0.5202666815547716,
    "min": 0.10137499868869781,
    "drift_slope": -0.011799166012894026
  },
  "sentiment": {
    "per_turn": [
      0.743,
      -0.6369,
      -0.3612,
      -0.7003,
      0.9474,
      0.9516,
      0.9468,
      -0.323,
      0.9371,
      0.9178,
      0.922,
      0.5859,
      0.7178,
      0.5627,
      0.9397,
      0.8767,
      0.961,
      0.8271,
      0.9303,
      0.0627,
      0.9169
    ],
    "by_speaker": {
      "Lyra": [
        0.743,
        -0.3612,
        0.9474,
        0.9468,
        0.9371,
        0.922,
        0.7178,
        0.9397,
        0.961,
        0.9303,
        0.9169
      ],
      "Cipher": [
        -0.6369,
        -0.7003,
        0.9516,
        -0.323,
        0.9178,
        0.5859,
        0.5627,
        0.8767,
        0.8271,
        0.0627
      ]
    },
    "mean": 0.5583380952380953,
    "slope": 0.039772077922077924,
    "volatility": 0.5585256215943225
  },
  "diversity": {
    "by_speaker": {
      "Lyra": {
        "semantic_diversity": 0.5159627199172974,
        "ttr": 0.4
      },
      "Cipher": {
        "semantic_diversity": 0.5635425448417664,
        "ttr": 0.46771653543307085
      }
    },
    "global_ttr": 0.32115942028985506
  }
}