{
  "condition_id": "crossiso__lyra-persona__t07__r03",
  "topic": "Meaningful climate action and sustained economic growth are fundamentally incompatible",
  "turn_count": 21,
  "persona": {
    "by_speaker": {
      "Lyra": {
        "mean": 0.5274278822319717,
        "per_turn": [
          0.7752603488333496,
          0.7137228224402641,
          0.4837511220870473,
          0.449433486800316,
          0.2152834193692714,
          0.5029848223679028,
          0.5753493990663695,
          0.525108552232539,
          0.49904851357220165,
          0.5400627343607045,
          0.5217014834217224
        ]
      },
      "Cipher": {
        "mean": 0.7615370391459777,
        "per_turn": [
          0.8120282186738095,
          0.7634959568670252,
          0.7950074833959595,
          0.7929405004152089,
          0.7255400865719458,
          0.7633073548528193,
          0.6993825397540551,
          0.7920708858819943,
          0.7430178288149927,
          0.7285795362319666
        ]
      }
    },
    "discrimination": {
      "Lyra": {
        "own_mean": 0.5274,
        "cross_mean": 0.4726,
        "gap": 0.0549
      },
      "Cipher": {
        "own_mean": 0.7615,
        "cross_mean": 0.2385,
        "gap": 0.5231
      }
    }
  },
  "coherence": {
    "per_turn": [
      null,
      0.543766975402832,
      0.6941598057746887,
      0.5406597852706909,
      0.6587529182434082,
      0.4158003032207489,
      0.785740852355957,
      0.4525294303894043,
      0.5515746474266052,
      0.6912609338760376,
      0.7355244159698486,
      0.7822057604789734,
      0.8043339848518372,
      0.8078673481941223,
      0.6313564777374268,
      0.5172502994537354,
      0.48214834928512573,
      0.6690636277198792,
      0.7843984365463257,
      0.7330036163330078,
      0.315936416387558
    ],
    "mean": 0.6298667192459106,
    "min": 0.315936416387558
  },
  "topic_drift": {
    "per_turn": [
      0.5065291523933411,
      0.656571626663208,
      0.5499323606491089,
      0.4555520713329315,
      0.35897138714790344,
      0.4398878812789917,
      0.45066404342651367,
      0.3999572992324829,
      0.5867708921432495,
      0.5087664127349854,
      0.5675790309906006,
      0.5684019327163696,
      0.4847428798675537,
      0.5326142311096191,
      0.23734048008918762,
      0.28756946325302124,
      0.207160085439682,
      0.44819366931915283,
      0.44148898124694824,
      0.2749885618686676,
      0.6710472702980042
    ],
    "mean": 0.4587966530095963,
    "min": 0.207160085439682,
    "drift_slope": -0.006467955994915653
  },
  "sentiment": {
    "per_turn": [
      0.8714,
      0.4086,
      0.9544,
      0.8481,
      0.7579,
      0.9552,
      0.9542,
      0.4238,
      0.7783,
      -0.8316,
      0.8927,
      0.6956,
      0.0,
      -0.9325,
      -0.714,
      0.8689,
      0.9366,
      0.8462,
      0.8399,
      0.9246,
      0.926
    ],
    "by_speaker": {
      "Lyra": [
        0.8714,
        0.9544,
        0.7579,
        0.9542,
        0.7783,
        0.8927,
        0.0,
        -0.714,
        0.9366,
        0.8399,
        0.926
      ],
      "Cipher": [
        0.4086,
        0.8481,
        0.9552,
        0.4238,
        -0.8316,
        0.6956,
        -0.9325,
        0.8689,
        0.8462,
        0.9246
      ]
    },
    "mean": 0.5430619047619049,
    "slope": -0.0076229870129870415,
    "volatility": 0.6040977636712144
  },
  "diversity": {
    "by_speaker": {
      "Lyra": {
        "semantic_diversity": 0.5904963612556458,
        "ttr": 0.4
      },
      "Cipher": {
        "semantic_diversity": 0.6028906106948853,
        "ttr": 0.48923076923076925
      }
    },
    "global_ttr": 0.3346938775510204
  }
}