{
  "condition_id": "crossiso__cipher-persona__t01__r03",
  "topic": "Social media has done more harm than good to mental health and democracy",
  "turn_count": 21,
  "persona": {
    "by_speaker": {
      "Lyra": {
        "mean": 0.3090792332084636,
        "per_turn": [
          0.34350165611975625,
          0.3018902384875153,
          0.3100756143978955,
          0.23457062983827437,
          0.2626830372367502,
          0.33811875206517483,
          0.24538563705952446,
          0.24572369676856223,
          0.2766113549178968,
          0.2557002532542126,
          0.5856106951475369
        ]
      },
      "Cipher": {
        "mean": 0.7600846507736339,
        "per_turn": [
          0.7675511310970007,
          0.719034546181051,
          0.7577078805548902,
          0.8131495783697757,
          0.7257969774498625,
          0.7685820739487174,
          0.7446238924639743,
          0.7506865034320147,
          0.8104854772695856,
          0.7432284469694656
        ]
      }
    },
    "discrimination": {
      "Lyra": {
        "own_mean": 0.3091,
        "cross_mean": 0.6909,
        "gap": -0.3818
      },
      "Cipher": {
        "own_mean": 0.7601,
        "cross_mean": 0.2399,
        "gap": 0.5202
      }
    }
  },
  "coherence": {
    "per_turn": [
      null,
      0.6482945084571838,
      0.7003247141838074,
      0.8018129467964172,
      0.7766879796981812,
      0.5185748338699341,
      0.7852237224578857,
      0.7362065315246582,
      0.6737834811210632,
      0.7099032402038574,
      0.7266290187835693,
      0.754146158695221,
      0.7818940281867981,
      0.7199939489364624,
      0.8355166912078857,
      0.7254647612571716,
      0.8373791575431824,
      0.36334893107414246,
      0.6003623604774475,
      0.622332751750946,
      0.27651941776275635
    ],
    "mean": 0.6797199591994285,
    "min": 0.27651941776275635
  },
  "topic_drift": {
    "per_turn": [
      0.7756152153015137,
      0.7369349002838135,
      0.48582419753074646,
      0.6301120519638062,
      0.6525131464004517,
      0.5683450698852539,
      0.596760630607605,
      0.45852917432785034,
      0.4642742872238159,
      0.4934384226799011,
      0.6234766244888306,
      0.6316735744476318,
      0.572959303855896,
      0.5416957139968872,
      0.5510963201522827,
      0.4438978433609009,
      0.5350770950317383,
      0.17986851930618286,
      0.3681613802909851,
      0.1895187497138977,
      0.7150762677192688
    ],
    "mean": 0.5340404042175838,
    "min": 0.17986851930618286,
    "drift_slope": -0.013674736332583738
  },
  "sentiment": {
    "per_turn": [
      0.1027,
      0.3612,
      0.296,
      0.4144,
      0.2732,
      0.9274,
      0.9433,
      -0.4142,
      0.8898,
      0.8834,
      0.9118,
      0.9719,
      0.9738,
      0.9186,
      0.9336,
      0.5597,
      0.4754,
      0.9274,
      0.92,
      0.7483,
      0.9403
    ],
    "by_speaker": {
      "Lyra": [
        0.1027,
        0.296,
        0.2732,
        0.9433,
        0.8898,
        0.9118,
        0.9738,
        0.9336,
        0.4754,
        0.92,
        0.9403
      ],
      "Cipher": [
        0.3612,
        0.4144,
        0.9274,
        -0.4142,
        0.8834,
        0.9719,
        0.9186,
        0.5597,
        0.9274,
        0.7483
      ]
    },
    "mean": 0.6646666666666667,
    "slope": 0.03121259740259741,
    "volatility": 0.36649635135367387
  },
  "diversity": {
    "by_speaker": {
      "Lyra": {
        "semantic_diversity": 0.48961567878723145,
        "ttr": 0.446242774566474
      },
      "Cipher": {
        "semantic_diversity": 0.5690653324127197,
        "ttr": 0.4556040756914119
      }
    },
    "global_ttr": 0.32989690721649484
  }
}