{
  "condition_id": "crossiso__lyra-persona__t05__r01",
  "topic": "Genetic editing to prevent hereditary diseases in human embryos should be legally permitted",
  "turn_count": 21,
  "persona": {
    "by_speaker": {
      "Lyra": {
        "mean": 0.6169685897845953,
        "per_turn": [
          0.7816531827438296,
          0.8075631224004785,
          0.7370126387534329,
          0.5191330904530143,
          0.5325593980073037,
          0.8020491633172108,
          0.5142707352997384,
          0.5468026556146363,
          0.5197099852334666,
          0.4869828579125747,
          0.5389176578948636
        ]
      },
      "Cipher": {
        "mean": 0.7439273239094496,
        "per_turn": [
          0.7455607869402902,
          0.7286599503054678,
          0.8171791235720038,
          0.7730730600934093,
          0.717359291734033,
          0.7464382304185037,
          0.7071809863962006,
          0.7040585736785385,
          0.7472002401189233,
          0.752562995837126
        ]
      }
    },
    "discrimination": {
      "Lyra": {
        "own_mean": 0.617,
        "cross_mean": 0.383,
        "gap": 0.2339
      },
      "Cipher": {
        "own_mean": 0.7439,
        "cross_mean": 0.2561,
        "gap": 0.4879
      }
    }
  },
  "coherence": {
    "per_turn": [
      null,
      0.6503934264183044,
      0.7396926879882812,
      0.7290223836898804,
      0.6160035133361816,
      0.736260175704956,
      0.6779687404632568,
      0.7308944463729858,
      0.3653992712497711,
      0.42718982696533203,
      0.6333862543106079,
      0.5458307266235352,
      0.8373754024505615,
      0.4786815345287323,
      0.40054982900619507,
      0.6439751386642456,
      0.7869973182678223,
      0.7898908853530884,
      0.6716342568397522,
      0.4861319661140442,
      0.3068831264972687
    ],
    "mean": 0.6127080455422401,
    "min": 0.3068831264972687
  },
  "topic_drift": {
    "per_turn": [
      0.6230982542037964,
      0.6823809146881104,
      0.6852976083755493,
      0.539405345916748,
      0.5607712268829346,
      0.6466296911239624,
      0.6193515062332153,
      0.7068625092506409,
      0.22951379418373108,
      0.4780726432800293,
      0.25846147537231445,
      0.5563106536865234,
      0.5130090713500977,
      0.26773470640182495,
      0.3020133376121521,
      0.394086092710495,
      0.35291561484336853,
      0.5426801443099976,
      0.5995217561721802,
      0.27898067235946655,
      0.4903530776500702
    ],
    "mean": 0.49178333793367657,
    "min": 0.22951379418373108,
    "drift_slope": -0.013081423841513597
  },
  "sentiment": {
    "per_turn": [
      0.8583,
      0.8065,
      0.5917,
      0.7816,
      0.261,
      0.6059,
      0.1901,
      -0.7351,
      -0.3531,
      0.6486,
      0.9339,
      -0.7525,
      0.3818,
      0.6394,
      0.9347,
      0.6059,
      0.9647,
      0.8625,
      0.928,
      0.743,
      0.9313
    ],
    "by_speaker": {
      "Lyra": [
        0.8583,
        0.5917,
        0.261,
        0.1901,
        -0.3531,
        0.9339,
        0.3818,
        0.9347,
        0.9647,
        0.928,
        0.9313
      ],
      "Cipher": [
        0.8065,
        0.7816,
        0.6059,
        -0.7351,
        0.6486,
        -0.7525,
        0.6394,
        0.6059,
        0.8625,
        0.743
      ]
    },
    "mean": 0.5156285714285714,
    "slope": 0.019231168831168828,
    "volatility": 0.5122694456025649
  },
  "diversity": {
    "by_speaker": {
      "Lyra": {
        "semantic_diversity": 0.5297602415084839,
        "ttr": 0.37330037082818296
      },
      "Cipher": {
        "semantic_diversity": 0.5095602869987488,
        "ttr": 0.4378698224852071
      }
    },
    "global_ttr": 0.30505050505050507
  }
}