{
  "condition_id": "crossiso__cipher-persona__t03__r02",
  "topic": "The resources spent on space exploration would produce greater good if redirected to Earth's problems",
  "turn_count": 21,
  "persona": {
    "by_speaker": {
      "Lyra": {
        "mean": 0.3154897347105117,
        "per_turn": [
          0.3217088123264641,
          0.2537430260831231,
          0.27729390976144336,
          0.26909913619185705,
          0.25281448194842815,
          0.2895833343394124,
          0.27485263176786756,
          0.2875277991855422,
          0.25920114098792507,
          0.3515204902827595,
          0.6330423189408064
        ]
      },
      "Cipher": {
        "mean": 0.7213297742477938,
        "per_turn": [
          0.558155182029253,
          0.7281917862406042,
          0.7619119634271907,
          0.7274307024562305,
          0.7448446113883643,
          0.7473200646810534,
          0.7516282734365786,
          0.7422464928101451,
          0.746097551171984,
          0.7054711148365341
        ]
      }
    },
    "discrimination": {
      "Lyra": {
        "own_mean": 0.3155,
        "cross_mean": 0.6845,
        "gap": -0.369
      },
      "Cipher": {
        "own_mean": 0.7213,
        "cross_mean": 0.2787,
        "gap": 0.4427
      }
    }
  },
  "coherence": {
    "per_turn": [
      null,
      0.585037112236023,
      0.7376976013183594,
      0.7858788967132568,
      0.6053283214569092,
      0.7990404367446899,
      0.7524617910385132,
      0.638185977935791,
      0.6550672054290771,
      0.49288976192474365,
      0.5227494239807129,
      0.48171913623809814,
      0.5966289043426514,
      0.7434003353118896,
      0.4354667365550995,
      0.6139771938323975,
      0.7156788110733032,
      0.7115607261657715,
      0.354520320892334,
      0.6126658320426941,
      0.20372429490089417
    ],
    "mean": 0.6021839410066605,
    "min": 0.20372429490089417
  },
  "topic_drift": {
    "per_turn": [
      0.6685073971748352,
      0.7114346027374268,
      0.703985333442688,
      0.7034376859664917,
      0.43691304326057434,
      0.5130270719528198,
      0.5647820234298706,
      0.6184192895889282,
      0.558152437210083,
      0.28470849990844727,
      0.3666609525680542,
      0.2392113208770752,
      0.2954142689704895,
      0.2023421972990036,
      0.4498154819011688,
      0.2187870442867279,
      0.1341257393360138,
      0.17405825853347778,
      0.45842814445495605,
      0.19101598858833313,
      0.32498010993003845
    ],
    "mean": 0.41991461387702395,
    "min": 0.1341257393360138,
    "drift_slope": -0.02513785561570875
  },
  "sentiment": {
    "per_turn": [
      0.2732,
      -0.3919,
      0.575,
      0.6597,
      0.9087,
      0.9732,
      0.4767,
      0.9558,
      0.9887,
      0.5423,
      0.9712,
      0.8381,
      0.8689,
      -0.2708,
      0.974,
      0.886,
      0.7351,
      0.9418,
      0.9022,
      0.8663,
      0.9808
    ],
    "by_speaker": {
      "Lyra": [
        0.2732,
        0.575,
        0.9087,
        0.4767,
        0.9887,
        0.9712,
        0.8689,
        0.974,
        0.7351,
        0.9022,
        0.9808
      ],
      "Cipher": [
        -0.3919,
        0.6597,
        0.9732,
        0.9558,
        0.5423,
        0.8381,
        -0.2708,
        0.886,
        0.9418,
        0.8663
      ]
    },
    "mean": 0.697857142857143,
    "slope": 0.02581831168831168,
    "volatility": 0.385055671387953
  },
  "diversity": {
    "by_speaker": {
      "Lyra": {
        "semantic_diversity": 0.5811225175857544,
        "ttr": 0.4043887147335423
      },
      "Cipher": {
        "semantic_diversity": 0.6247000694274902,
        "ttr": 0.44883040935672514
      }
    },
    "global_ttr": 0.30834856794637416
  }
}