{
  "condition_id": "crossiso__lyra-persona__t06__r02",
  "topic": "Remote work has weakened organisational culture more than it has empowered individuals",
  "turn_count": 21,
  "persona": {
    "by_speaker": {
      "Lyra": {
        "mean": 0.719306358343148,
        "per_turn": [
          0.851083153491081,
          0.8225412533796497,
          0.8719705524875792,
          0.6105313673599064,
          0.8265541108292696,
          0.5628411523063124,
          0.8409715903261223,
          0.5821349147583343,
          0.5162499048171347,
          0.8202949235714257,
          0.6071970184478124
        ]
      },
      "Cipher": {
        "mean": 0.6955647492163635,
        "per_turn": [
          0.7584630467900213,
          0.6803003545701636,
          0.6630907680853793,
          0.6252143509011954,
          0.6472255530218142,
          0.6830307465099663,
          0.7576859595614888,
          0.737545367726688,
          0.6632855133569462,
          0.7398058316399718
        ]
      }
    },
    "discrimination": {
      "Lyra": {
        "own_mean": 0.7193,
        "cross_mean": 0.2807,
        "gap": 0.4386
      },
      "Cipher": {
        "own_mean": 0.6956,
        "cross_mean": 0.3044,
        "gap": 0.3911
      }
    }
  },
  "coherence": {
    "per_turn": [
      null,
      0.3995899558067322,
      0.5741440057754517,
      0.6359455585479736,
      0.6550238132476807,
      0.6231434345245361,
      0.3768436908721924,
      0.7653756141662598,
      0.6527124047279358,
      0.6344590187072754,
      0.6953543424606323,
      0.824560284614563,
      0.7763160467147827,
      0.44937509298324585,
      0.7883878350257874,
      0.7418631315231323,
      0.7187131643295288,
      0.7088418006896973,
      0.6966245174407959,
      0.778674840927124,
      0.27083057165145874
    ],
    "mean": 0.6383389562368393,
    "min": 0.27083057165145874
  },
  "topic_drift": {
    "per_turn": [
      0.5897379517555237,
      0.6066961288452148,
      0.5890003442764282,
      0.5349661707878113,
      0.3906831741333008,
      0.2561763823032379,
      0.5930743217468262,
      0.6376688480377197,
      0.6637481451034546,
      0.5195589065551758,
      0.4858907163143158,
      0.4435393810272217,
      0.3790816068649292,
      0.7489533424377441,
      0.6355449557304382,
      0.835651159286499,
      0.653969407081604,
      0.5977790951728821,
      0.7063661813735962,
      0.7157436013221741,
      0.2967442274093628
    ],
    "mean": 0.5657416213126409,
    "min": 0.2561763823032379,
    "drift_slope": 0.0048903660727785715
  },
  "sentiment": {
    "per_turn": [
      0.5743,
      0.521,
      0.6093,
      0.2144,
      0.2263,
      0.5641,
      0.8732,
      0.5492,
      -0.1831,
      0.9313,
      0.9241,
      0.7184,
      0.9077,
      0.1695,
      0.8832,
      0.8301,
      0.8479,
      0.2151,
      0.611,
      0.7506,
      0.9406
    ],
    "by_speaker": {
      "Lyra": [
        0.5743,
        0.6093,
        0.2263,
        0.8732,
        -0.1831,
        0.9241,
        0.9077,
        0.8832,
        0.8479,
        0.611,
        0.9406
      ],
      "Cipher": [
        0.521,
        0.2144,
        0.5641,
        0.5492,
        0.9313,
        0.7184,
        0.1695,
        0.8301,
        0.2151,
        0.7506
      ]
    },
    "mean": 0.6037238095238094,
    "slope": 0.01516506493506494,
    "volatility": 0.3068409017013803
  },
  "diversity": {
    "by_speaker": {
      "Lyra": {
        "semantic_diversity": 0.5303968191146851,
        "ttr": 0.38345864661654133
      },
      "Cipher": {
        "semantic_diversity": 0.48304304480552673,
        "ttr": 0.4665551839464883
      }
    },
    "global_ttr": 0.3237822349570201
  }
}