{
  "condition_id": "crossiso__lyra-persona__t01__r03",
  "topic": "Social media has done more harm than good to mental health and democracy",
  "turn_count": 21,
  "persona": {
    "by_speaker": {
      "Lyra": {
        "mean": 0.6283313754168819,
        "per_turn": [
          0.8786331333726178,
          0.6451761771380636,
          0.7474113371442366,
          0.5265849060432473,
          0.7994417019148092,
          0.5048802549174733,
          0.5154108981910808,
          0.5258655512401775,
          0.5644212659803434,
          0.5582698957494167,
          0.6455500078942349
        ]
      },
      "Cipher": {
        "mean": 0.7057998201407087,
        "per_turn": [
          0.7008723862629216,
          0.727724646499875,
          0.6543468870027332,
          0.7368033533888483,
          0.6985774605908601,
          0.7442735601185667,
          0.7412472616800496,
          0.709039496158506,
          0.6528074244672813,
          0.6923057252374454
        ]
      }
    },
    "discrimination": {
      "Lyra": {
        "own_mean": 0.6283,
        "cross_mean": 0.3717,
        "gap": 0.2567
      },
      "Cipher": {
        "own_mean": 0.7058,
        "cross_mean": 0.2942,
        "gap": 0.4116
      }
    }
  },
  "coherence": {
    "per_turn": [
      null,
      0.48506563901901245,
      0.5267865657806396,
      0.5700584650039673,
      0.43376511335372925,
      0.4894750416278839,
      0.5938324928283691,
      0.719516932964325,
      0.6413769721984863,
      0.758784294128418,
      0.7152355909347534,
      0.7372791171073914,
      0.5783727765083313,
      0.5355402231216431,
      0.6258531808853149,
      0.685042142868042,
      0.6365571618080139,
      0.47965943813323975,
      0.671452522277832,
      0.6955116987228394,
      0.13872723281383514
    ],
    "mean": 0.5858946301043033,
    "min": 0.13872723281383514
  },
  "topic_drift": {
    "per_turn": [
      0.6700281500816345,
      0.637179970741272,
      0.6835452318191528,
      0.45896175503730774,
      0.2324339598417282,
      0.5209259986877441,
      0.41030147671699524,
      0.44921597838401794,
      0.28608909249305725,
      0.24186621606349945,
      0.21377164125442505,
      0.2837933301925659,
      0.21140539646148682,
      0.10153292864561081,
      0.16417711973190308,
      0.11968819051980972,
      0.08322148770093918,
      0.4777260422706604,
      0.5531786680221558,
      0.5395433902740479,
      -0.00710764154791832
    ],
    "mean": 0.34911801825676647,
    "min": -0.00710764154791832,
    "drift_slope": -0.017659896583139125
  },
  "sentiment": {
    "per_turn": [
      0.4728,
      -0.09,
      0.937,
      0.7807,
      0.6697,
      0.296,
      0.8519,
      0.7425,
      0.825,
      0.959,
      0.8553,
      0.5998,
      0.9442,
      0.9337,
      0.9183,
      0.926,
      0.9248,
      0.9478,
      0.8976,
      0.4767,
      0.9782
    ],
    "by_speaker": {
      "Lyra": [
        0.4728,
        0.937,
        0.6697,
        0.8519,
        0.825,
        0.8553,
        0.9442,
        0.9183,
        0.9248,
        0.8976,
        0.9782
      ],
      "Cipher": [
        -0.09,
        0.7807,
        0.296,
        0.7425,
        0.959,
        0.5998,
        0.9337,
        0.926,
        0.9478,
        0.4767
      ]
    },
    "mean": 0.7546190476190475,
    "slope": 0.021308831168831168,
    "volatility": 0.2648319640092519
  },
  "diversity": {
    "by_speaker": {
      "Lyra": {
        "semantic_diversity": 0.6665911674499512,
        "ttr": 0.40597758405977585
      },
      "Cipher": {
        "semantic_diversity": 0.607257068157196,
        "ttr": 0.4727592267135325
      }
    },
    "global_ttr": 0.32871720116618075
  }
}