{
  "condition_id": "crossiso__baseline__t07__r01",
  "topic": "Meaningful climate action and sustained economic growth are fundamentally incompatible",
  "turn_count": 21,
  "persona": {
    "by_speaker": {
      "Lyra": {
        "mean": 0.5105369300939905,
        "per_turn": [
          0.5116057463050443,
          0.46967769272553095,
          0.49892092978828917,
          0.49762882578978596,
          0.5501399621501827,
          0.5184844429507818,
          0.505572320174164,
          0.5159497130458073,
          0.5136849690297169,
          0.48507676042773423,
          0.5491648686468578
        ]
      },
      "Cipher": {
        "mean": 0.742035279464312,
        "per_turn": [
          0.7808305581559791,
          0.7823127733604983,
          0.8363968240859252,
          0.7282511938868269,
          0.7181317737333911,
          0.7736766252423031,
          0.5137348275724065,
          0.7761171102168507,
          0.7628554730980424,
          0.748045635290897
        ]
      }
    },
    "discrimination": {
      "Lyra": {
        "own_mean": 0.5105,
        "cross_mean": 0.4895,
        "gap": 0.0211
      },
      "Cipher": {
        "own_mean": 0.742,
        "cross_mean": 0.258,
        "gap": 0.4841
      }
    }
  },
  "coherence": {
    "per_turn": [
      null,
      0.8016752600669861,
      0.8676707148551941,
      0.5867116451263428,
      0.6412025690078735,
      0.5403491258621216,
      0.573549211025238,
      0.63014817237854,
      0.6216842532157898,
      0.6453201770782471,
      0.846957802772522,
      0.7222313284873962,
      0.7574496269226074,
      0.6876028776168823,
      0.6785263419151306,
      0.5704761147499084,
      0.6134743690490723,
      0.4338100850582123,
      0.7953593730926514,
      0.6535443067550659,
      0.09966275840997696
    ],
    "mean": 0.6383703056722879,
    "min": 0.09966275840997696
  },
  "topic_drift": {
    "per_turn": [
      0.7896537780761719,
      0.8111779689788818,
      0.8108315467834473,
      0.43943220376968384,
      0.5199307799339294,
      0.2754828631877899,
      0.380890429019928,
      0.29470697045326233,
      0.3399796187877655,
      0.22392809391021729,
      0.2351880669593811,
      0.2169215828180313,
      0.19035163521766663,
      0.275180846452713,
      0.27052199840545654,
      0.3160809576511383,
      0.21026641130447388,
      0.04542018100619316,
      0.06472580134868622,
      0.06292080879211426,
      0.47581347823143005
    ],
    "mean": 0.34520981052801725,
    "min": 0.04542018100619316,
    "drift_slope": -0.027351893344289304
  },
  "sentiment": {
    "per_turn": [
      0.9027,
      0.0041,
      0.5927,
      0.0,
      0.9744,
      0.871,
      0.8935,
      0.9598,
      0.791,
      0.0155,
      0.7667,
      0.9652,
      0.8442,
      -0.5267,
      0.9313,
      0.9217,
      0.9799,
      0.9209,
      0.6611,
      0.644,
      0.9803
    ],
    "by_speaker": {
      "Lyra": [
        0.9027,
        0.5927,
        0.9744,
        0.8935,
        0.791,
        0.7667,
        0.8442,
        0.9313,
        0.9799,
        0.6611,
        0.9803
      ],
      "Cipher": [
        0.0041,
        0.0,
        0.871,
        0.9598,
        0.0155,
        0.9652,
        -0.5267,
        0.9217,
        0.9209,
        0.644
      ]
    },
    "mean": 0.6711095238095238,
    "slope": 0.013718051948051948,
    "volatility": 0.4145577447338559
  },
  "diversity": {
    "by_speaker": {
      "Lyra": {
        "semantic_diversity": 0.5933107733726501,
        "ttr": 0.3844765342960289
      },
      "Cipher": {
        "semantic_diversity": 0.635899007320404,
        "ttr": 0.474025974025974
      }
    },
    "global_ttr": 0.33178654292343385
  }
}