{
  "condition_id": "crossiso__cipher-persona__t06__r01",
  "topic": "Remote work has weakened organisational culture more than it has empowered individuals",
  "turn_count": 21,
  "persona": {
    "by_speaker": {
      "Lyra": {
        "mean": 0.33185820419594037,
        "per_turn": [
          0.31208073159672034,
          0.3475246120162564,
          0.3586135229331069,
          0.36397612890453146,
          0.3535684453718208,
          0.2310533785077452,
          0.3042570318267386,
          0.24474149668766734,
          0.2460423534351002,
          0.3085692167368531,
          0.5800133281388036
        ]
      },
      "Cipher": {
        "mean": 0.6838413321187172,
        "per_turn": [
          0.7226371574470334,
          0.6152256443126161,
          0.641407769391833,
          0.62824087651083,
          0.7066846703544334,
          0.7075941664672034,
          0.7681767742579015,
          0.6843100331437129,
          0.6936090413870182,
          0.6705271879145904
        ]
      }
    },
    "discrimination": {
      "Lyra": {
        "own_mean": 0.3319,
        "cross_mean": 0.6681,
        "gap": -0.3363
      },
      "Cipher": {
        "own_mean": 0.6838,
        "cross_mean": 0.3162,
        "gap": 0.3677
      }
    }
  },
  "coherence": {
    "per_turn": [
      null,
      0.7033959031105042,
      0.700390636920929,
      0.5790135264396667,
      0.7484599947929382,
      0.5708187818527222,
      0.6039881110191345,
      0.7242894172668457,
      0.4934019446372986,
      0.4845860004425049,
      0.5513032674789429,
      0.8207126259803772,
      0.6965371370315552,
      0.6902185678482056,
      0.8098511695861816,
      0.5508521795272827,
      0.7244462966918945,
      0.7905124425888062,
      0.8076363205909729,
      0.8231884241104126,
      0.4464494585990906
    ],
    "mean": 0.6660026103258133,
    "min": 0.4464494585990906
  },
  "topic_drift": {
    "per_turn": [
      0.7176439166069031,
      0.7831777334213257,
      0.6608924865722656,
      0.66935133934021,
      0.6189068555831909,
      0.5783592462539673,
      0.5129556059837341,
      0.5656875371932983,
      0.3289572596549988,
      0.38023942708969116,
      0.27399706840515137,
      0.3025025725364685,
      0.43900561332702637,
      0.29545626044273376,
      0.3209608495235443,
      0.7192692756652832,
      0.68232661485672,
      0.6689609289169312,
      0.4524584412574768,
      0.3666582703590393,
      0.09966559708118439
    ],
    "mean": 0.4970206142891021,
    "min": 0.09966559708118439,
    "drift_slope": -0.0155193609076661
  },
  "sentiment": {
    "per_turn": [
      0.5106,
      0.5374,
      0.2821,
      -0.2112,
      0.8271,
      0.1717,
      0.1446,
      0.9628,
      0.9814,
      0.6249,
      0.886,
      0.3002,
      0.6705,
      0.836,
      0.8151,
      0.8351,
      0.9712,
      0.8979,
      0.9565,
      0.9423,
      0.9612
    ],
    "by_speaker": {
      "Lyra": [
        0.5106,
        0.2821,
        0.8271,
        0.1446,
        0.9814,
        0.886,
        0.6705,
        0.8151,
        0.9712,
        0.9565,
        0.9612
      ],
      "Cipher": [
        0.5374,
        -0.2112,
        0.1717,
        0.9628,
        0.6249,
        0.3002,
        0.836,
        0.8351,
        0.8979,
        0.9423
      ]
    },
    "mean": 0.6620666666666667,
    "slope": 0.034864545454545454,
    "volatility": 0.33419246569452177
  },
  "diversity": {
    "by_speaker": {
      "Lyra": {
        "semantic_diversity": 0.6053234338760376,
        "ttr": 0.44560185185185186
      },
      "Cipher": {
        "semantic_diversity": 0.544201672077179,
        "ttr": 0.4556765163297045
      }
    },
    "global_ttr": 0.35633709356337095
  }
}