{
  "condition_id": "crossiso__baseline__t03__r03",
  "topic": "The resources spent on space exploration would produce greater good if redirected to Earth's problems",
  "turn_count": 21,
  "persona": {
    "by_speaker": {
      "Lyra": {
        "mean": 0.5557223257950095,
        "per_turn": [
          0.5657719115405776,
          0.5113628050955643,
          0.5177508683232479,
          0.5282790548406788,
          0.523071634547162,
          0.5626544017116029,
          0.5558031631660978,
          0.5350638229991408,
          0.6265829660447562,
          0.5420308253072882,
          0.6445741301689885
        ]
      },
      "Cipher": {
        "mean": 0.7116948217056216,
        "per_turn": [
          0.7538915854286935,
          0.727491846383147,
          0.7133478663737437,
          0.739388909960028,
          0.7022757726223016,
          0.6826056683591999,
          0.7290930125581216,
          0.701743678926507,
          0.6759372186505103,
          0.6911726577939641
        ]
      }
    },
    "discrimination": {
      "Lyra": {
        "own_mean": 0.5557,
        "cross_mean": 0.4443,
        "gap": 0.1114
      },
      "Cipher": {
        "own_mean": 0.7117,
        "cross_mean": 0.2883,
        "gap": 0.4234
      }
    }
  },
  "coherence": {
    "per_turn": [
      null,
      0.6582745313644409,
      0.752720832824707,
      0.6845195293426514,
      0.7981850504875183,
      0.7647814750671387,
      0.755540132522583,
      0.8121631145477295,
      0.6844495534896851,
      0.7222429513931274,
      0.6496762633323669,
      0.6037212610244751,
      0.7031179666519165,
      0.7374447584152222,
      0.6564421653747559,
      0.6813938617706299,
      0.6460418105125427,
      0.7468658685684204,
      0.7568658590316772,
      0.5655615329742432,
      0.2512924075126648
    ],
    "mean": 0.6815650463104248,
    "min": 0.2512924075126648
  },
  "topic_drift": {
    "per_turn": [
      0.6613143682479858,
      0.6677399277687073,
      0.6220660209655762,
      0.6518356800079346,
      0.6839868426322937,
      0.6729732751846313,
      0.6547612547874451,
      0.5278302431106567,
      0.6981185674667358,
      0.5989648103713989,
      0.564365804195404,
      0.5527920722961426,
      0.5594581365585327,
      0.549532413482666,
      0.4523385465145111,
      0.6453422904014587,
      0.452849417924881,
      0.4170735478401184,
      0.239490807056427,
      0.4727868139743805,
      0.015197981148958206
    ],
    "mean": 0.5409913724731832,
    "min": 0.015197981148958206,
    "drift_slope": -0.020146410293006286
  },
  "sentiment": {
    "per_turn": [
      0.34,
      0.9535,
      0.9337,
      -0.2688,
      0.3071,
      -0.4215,
      -0.6731,
      -0.1655,
      0.9589,
      0.8834,
      0.9709,
      0.7212,
      0.901,
      0.9411,
      0.9792,
      0.9595,
      0.7264,
      0.7501,
      0.9538,
      0.9508,
      0.9732
    ],
    "by_speaker": {
      "Lyra": [
        0.34,
        0.9337,
        0.3071,
        -0.6731,
        0.9589,
        0.9709,
        0.901,
        0.9792,
        0.7264,
        0.9538,
        0.9732
      ],
      "Cipher": [
        0.9535,
        -0.2688,
        -0.4215,
        -0.1655,
        0.8834,
        0.7212,
        0.9411,
        0.9595,
        0.7501,
        0.9508
      ]
    },
    "mean": 0.6035666666666666,
    "slope": 0.042431948051948054,
    "volatility": 0.519242817162263
  },
  "diversity": {
    "by_speaker": {
      "Lyra": {
        "semantic_diversity": 0.45901423692703247,
        "ttr": 0.38240574506283664
      },
      "Cipher": {
        "semantic_diversity": 0.42024198174476624,
        "ttr": 0.4011887072808321
      }
    },
    "global_ttr": 0.29043088975937326
  }
}