{
  "condition_id": "crossiso__baseline__t01__r02",
  "topic": "Social media has done more harm than good to mental health and democracy",
  "turn_count": 21,
  "persona": {
    "by_speaker": {
      "Lyra": {
        "mean": 0.5373769938334644,
        "per_turn": [
          0.6792752449023287,
          0.5413399559697221,
          0.5345989838026508,
          0.5574534563095821,
          0.5210154986115438,
          0.5081927057022582,
          0.49441291522704667,
          0.46819621547357193,
          0.4668192949899518,
          0.5142767319119157,
          0.6255659292675357
        ]
      },
      "Cipher": {
        "mean": 0.7527577879639116,
        "per_turn": [
          0.631033858738006,
          0.7606851906176305,
          0.785854135610355,
          0.7176462879939972,
          0.7664635486527956,
          0.7293680328495115,
          0.7903255465194334,
          0.7260296801661985,
          0.777183985723352,
          0.8429876127678355
        ]
      }
    },
    "discrimination": {
      "Lyra": {
        "own_mean": 0.5374,
        "cross_mean": 0.4626,
        "gap": 0.0748
      },
      "Cipher": {
        "own_mean": 0.7528,
        "cross_mean": 0.2472,
        "gap": 0.5055
      }
    }
  },
  "coherence": {
    "per_turn": [
      null,
      0.7418930530548096,
      0.7457641363143921,
      0.5616334676742554,
      0.708326518535614,
      0.5300420522689819,
      0.5561048984527588,
      0.5061904191970825,
      0.6910459995269775,
      0.5693752765655518,
      0.7044814825057983,
      0.7440411448478699,
      0.7297685146331787,
      0.5450187921524048,
      0.7080349326133728,
      0.859555721282959,
      0.6675498485565186,
      0.5924931764602661,
      0.6487277746200562,
      0.6408531665802002,
      -0.032254330813884735
    ],
    "mean": 0.6209323022514581,
    "min": -0.032254330813884735
  },
  "topic_drift": {
    "per_turn": [
      0.7777070999145508,
      0.7961698174476624,
      0.7674418687820435,
      0.46160826086997986,
      0.53337162733078,
      0.29239264130592346,
      0.4915415644645691,
      0.5175554156303406,
      0.5224928855895996,
      0.4121980667114258,
      0.5776484608650208,
      0.5896904468536377,
      0.4041675627231598,
      0.11599263548851013,
      0.1602477878332138,
      0.25131475925445557,
      0.11937204748392105,
      0.10200822353363037,
      0.23836161196231842,
      0.1351650357246399,
      0.11804243922233582
    ],
    "mean": 0.39926144090436755,
    "min": 0.10200822353363037,
    "drift_slope": -0.0319142085197684
  },
  "sentiment": {
    "per_turn": [
      0.5423,
      -0.6124,
      -0.0387,
      0.9741,
      0.8616,
      0.4503,
      0.2195,
      -0.5842,
      0.5988,
      0.6597,
      0.926,
      0.128,
      0.9246,
      0.9045,
      0.7929,
      0.3167,
      0.1406,
      0.891,
      0.8799,
      0.1531,
      0.9807
    ],
    "by_speaker": {
      "Lyra": [
        0.5423,
        -0.0387,
        0.8616,
        0.2195,
        0.5988,
        0.926,
        0.9246,
        0.7929,
        0.1406,
        0.8799,
        0.9807
      ],
      "Cipher": [
        -0.6124,
        0.9741,
        0.4503,
        -0.5842,
        0.6597,
        0.128,
        0.9045,
        0.3167,
        0.891,
        0.1531
      ]
    },
    "mean": 0.48138095238095246,
    "slope": 0.02587818181818182,
    "volatility": 0.47461823015882243
  },
  "diversity": {
    "by_speaker": {
      "Lyra": {
        "semantic_diversity": 0.6225249767303467,
        "ttr": 0.4105263157894737
      },
      "Cipher": {
        "semantic_diversity": 0.6167478561401367,
        "ttr": 0.48440065681444994
      }
    },
    "global_ttr": 0.3422007255139057
  }
}