{
  "condition_id": "crossiso__lyra-persona__t05__r02",
  "topic": "Genetic editing to prevent hereditary diseases in human embryos should be legally permitted",
  "turn_count": 21,
  "persona": {
    "by_speaker": {
      "Lyra": {
        "mean": 0.6472715202197472,
        "per_turn": [
          0.7900461327392622,
          0.7093457685706157,
          0.7305681435528706,
          0.4791535504660475,
          0.7672596395170624,
          0.5254909196220112,
          0.5140865690605172,
          0.7672228741882413,
          0.47629007802656,
          0.8070116001309955,
          0.5535114465430355
        ]
      },
      "Cipher": {
        "mean": 0.7526082767867727,
        "per_turn": [
          0.7134433878337345,
          0.7750508678184257,
          0.7715546313461826,
          0.7647153083095781,
          0.8027966386308397,
          0.7428792343544608,
          0.7555417846019349,
          0.7560168674227805,
          0.7357692582292028,
          0.7083147893205869
        ]
      }
    },
    "discrimination": {
      "Lyra": {
        "own_mean": 0.6473,
        "cross_mean": 0.3527,
        "gap": 0.2945
      },
      "Cipher": {
        "own_mean": 0.7526,
        "cross_mean": 0.2474,
        "gap": 0.5052
      }
    }
  },
  "coherence": {
    "per_turn": [
      null,
      0.6140203475952148,
      0.7691197395324707,
      0.6590886116027832,
      0.7006452083587646,
      0.6898765563964844,
      0.7773400545120239,
      0.5714499950408936,
      0.6063129901885986,
      0.760046660900116,
      0.4841518998146057,
      0.5109058618545532,
      0.648593544960022,
      0.6883594989776611,
      0.6391964554786682,
      0.8015795350074768,
      0.6341395378112793,
      0.7576981782913208,
      0.5027173161506653,
      0.5411224961280823,
      0.7602213025093079
    ],
    "mean": 0.6558292895555496,
    "min": 0.4841518998146057
  },
  "topic_drift": {
    "per_turn": [
      0.7986522912979126,
      0.55729079246521,
      0.5412764549255371,
      0.635452389717102,
      0.5157856941223145,
      0.5605987310409546,
      0.6457767486572266,
      0.5036798119544983,
      0.291603684425354,
      0.3180118799209595,
      0.588506817817688,
      0.14526644349098206,
      0.21534863114356995,
      0.030243288725614548,
      0.025247609242796898,
      -0.013150379061698914,
      0.44445133209228516,
      0.6527215242385864,
      0.22341832518577576,
      0.6296432614326477,
      0.57673180103302
    ],
    "mean": 0.42316938732706366,
    "min": -0.013150379061698914,
    "drift_slope": -0.01495382749511824
  },
  "sentiment": {
    "per_turn": [
      0.7076,
      0.705,
      0.2732,
      0.8866,
      0.8839,
      0.9178,
      0.7727,
      0.431,
      0.9611,
      0.9291,
      0.7717,
      0.8316,
      0.9523,
      0.8555,
      0.9336,
      0.5542,
      0.8977,
      0.8254,
      0.7936,
      0.5423,
      0.9382
    ],
    "by_speaker": {
      "Lyra": [
        0.7076,
        0.2732,
        0.8839,
        0.7727,
        0.9611,
        0.7717,
        0.9523,
        0.9336,
        0.8977,
        0.7936,
        0.9382
      ],
      "Cipher": [
        0.705,
        0.8866,
        0.9178,
        0.431,
        0.9291,
        0.8316,
        0.8555,
        0.5542,
        0.8254,
        0.5423
      ]
    },
    "mean": 0.7792428571428571,
    "slope": 0.006030259740259753,
    "volatility": 0.1820591755483929
  },
  "diversity": {
    "by_speaker": {
      "Lyra": {
        "semantic_diversity": 0.5248435139656067,
        "ttr": 0.4074534161490683
      },
      "Cipher": {
        "semantic_diversity": 0.6085430383682251,
        "ttr": 0.4512743628185907
      }
    },
    "global_ttr": 0.32540760869565216
  }
}