{
  "condition_id": "crossiso__lyra-persona__t03__r03",
  "topic": "The resources spent on space exploration would produce greater good if redirected to Earth's problems",
  "turn_count": 21,
  "persona": {
    "by_speaker": {
      "Lyra": {
        "mean": 0.6258467146701057,
        "per_turn": [
          0.805940514805161,
          0.7702945100003018,
          0.4982857420451592,
          0.7544831482385297,
          0.5182698824135783,
          0.5525753436498606,
          0.564860329159923,
          0.5525921089282426,
          0.5531705412696353,
          0.5662071159599704,
          0.7476346249008003
        ]
      },
      "Cipher": {
        "mean": 0.6992289454756536,
        "per_turn": [
          0.7452416035369732,
          0.7678378041745604,
          0.7576947862348946,
          0.7537066499286318,
          0.7743871831638298,
          0.6768381414533238,
          0.6981927978284508,
          0.6917515137637339,
          0.7130863898473289,
          0.41355258482480867
        ]
      }
    },
    "discrimination": {
      "Lyra": {
        "own_mean": 0.6258,
        "cross_mean": 0.3742,
        "gap": 0.2517
      },
      "Cipher": {
        "own_mean": 0.6992,
        "cross_mean": 0.3008,
        "gap": 0.3985
      }
    }
  },
  "coherence": {
    "per_turn": [
      null,
      0.6187227964401245,
      0.7598376274108887,
      0.7440897226333618,
      0.48688292503356934,
      0.6048228144645691,
      0.646082878112793,
      0.7116722464561462,
      0.6504131555557251,
      0.7233821749687195,
      0.5931482315063477,
      0.7065038681030273,
      0.8206450939178467,
      0.7077928185462952,
      0.8408341407775879,
      0.6776068210601807,
      0.7957348227500916,
      0.7691836953163147,
      0.7071037292480469,
      0.6657297611236572,
      0.16264797747135162
    ],
    "mean": 0.6696418650448323,
    "min": 0.16264797747135162
  },
  "topic_drift": {
    "per_turn": [
      0.6380994319915771,
      0.7343097925186157,
      0.5763201117515564,
      0.4118964672088623,
      0.41849446296691895,
      0.3758172392845154,
      0.38775062561035156,
      0.4432985186576843,
      0.38250166177749634,
      0.31860285997390747,
      0.47509127855300903,
      0.5635056495666504,
      0.5466222763061523,
      0.5552675127983093,
      0.5419563055038452,
      0.4937773644924164,
      0.4506109952926636,
      0.5180180072784424,
      0.4744876027107239,
      0.4723590612411499,
      -0.014076290652155876
    ],
    "mean": 0.46498623499203295,
    "min": -0.014076290652155876,
    "drift_slope": -0.00862694747939513
  },
  "sentiment": {
    "per_turn": [
      0.8261,
      0.9393,
      0.8934,
      0.6956,
      0.8225,
      0.7579,
      -0.0028,
      0.296,
      0.9413,
      0.5647,
      0.4497,
      0.9313,
      0.9079,
      0.8805,
      0.9578,
      0.7778,
      0.9187,
      0.753,
      0.743,
      0.0,
      0.9647
    ],
    "by_speaker": {
      "Lyra": [
        0.8261,
        0.8934,
        0.8225,
        -0.0028,
        0.9413,
        0.4497,
        0.9079,
        0.9578,
        0.9187,
        0.743,
        0.9647
      ],
      "Cipher": [
        0.9393,
        0.6956,
        0.7579,
        0.296,
        0.5647,
        0.9313,
        0.8805,
        0.7778,
        0.753,
        0.0
      ]
    },
    "mean": 0.7151619047619048,
    "slope": -0.0016840259740259517,
    "volatility": 0.28741998882701997
  },
  "diversity": {
    "by_speaker": {
      "Lyra": {
        "semantic_diversity": 0.5384749174118042,
        "ttr": 0.4072289156626506
      },
      "Cipher": {
        "semantic_diversity": 0.5107184648513794,
        "ttr": 0.45518453427065025
      }
    },
    "global_ttr": 0.3288062902072909
  }
}