{
  "condition_id": "crossiso__baseline__t06__r03",
  "topic": "Remote work has weakened organisational culture more than it has empowered individuals",
  "turn_count": 21,
  "persona": {
    "by_speaker": {
      "Lyra": {
        "mean": 0.5423047328308166,
        "per_turn": [
          0.5725700257453374,
          0.549935866135785,
          0.5937768718121867,
          0.5719661963510729,
          0.507323975822149,
          0.5240122821823738,
          0.5110424191296937,
          0.4727725022667977,
          0.497511060446424,
          0.5011866593593954,
          0.6632542018877674
        ]
      },
      "Cipher": {
        "mean": 0.745598619905932,
        "per_turn": [
          0.6781439782619852,
          0.6425220203064137,
          0.7041603347182994,
          0.757051345854866,
          0.7764179122350504,
          0.7705202425309963,
          0.8114117813851822,
          0.7820319224744212,
          0.750648956491916,
          0.7830777048001897
        ]
      }
    },
    "discrimination": {
      "Lyra": {
        "own_mean": 0.5423,
        "cross_mean": 0.4577,
        "gap": 0.0846
      },
      "Cipher": {
        "own_mean": 0.7456,
        "cross_mean": 0.2544,
        "gap": 0.4912
      }
    }
  },
  "coherence": {
    "per_turn": [
      null,
      0.8335874676704407,
      0.8153343200683594,
      0.7142806053161621,
      0.8275442123413086,
      0.5731662511825562,
      0.7456950545310974,
      0.4875069856643677,
      0.8125932216644287,
      0.627557098865509,
      0.7349975109100342,
      0.7621950507164001,
      0.7596186995506287,
      0.8156440258026123,
      0.6876583099365234,
      0.7667510509490967,
      0.7153550386428833,
      0.8002126216888428,
      0.8777340650558472,
      0.40547534823417664,
      0.19678273797035217
    ],
    "mean": 0.6979844838380813,
    "min": 0.19678273797035217
  },
  "topic_drift": {
    "per_turn": [
      0.8648345470428467,
      0.7960416078567505,
      0.7828199863433838,
      0.6096787452697754,
      0.5959491729736328,
      0.4893234372138977,
      0.41953301429748535,
      0.7485349178314209,
      0.6839583516120911,
      0.5193511843681335,
      0.6352148652076721,
      0.6094118356704712,
      0.7214845418930054,
      0.6268121004104614,
      0.5358239412307739,
      0.5858947038650513,
      0.6598826050758362,
      0.7532508373260498,
      0.7284990549087524,
      0.3037492036819458,
      0.5951243042945862
    ],
    "mean": 0.6316749027797154,
    "min": 0.3037492036819458,
    "drift_slope": -0.007046404751864353
  },
  "sentiment": {
    "per_turn": [
      0.4391,
      0.3612,
      0.8484,
      0.7873,
      0.8707,
      0.8643,
      0.9739,
      0.9327,
      0.743,
      0.952,
      0.9081,
      0.7845,
      0.34,
      0.8519,
      0.959,
      0.8807,
      0.8271,
      0.8885,
      0.9799,
      0.6249,
      0.9738
    ],
    "by_speaker": {
      "Lyra": [
        0.4391,
        0.8484,
        0.8707,
        0.9739,
        0.743,
        0.9081,
        0.34,
        0.959,
        0.8271,
        0.9799,
        0.9738
      ],
      "Cipher": [
        0.3612,
        0.7873,
        0.8643,
        0.9327,
        0.952,
        0.7845,
        0.8519,
        0.8807,
        0.8885,
        0.6249
      ]
    },
    "mean": 0.7995714285714286,
    "slope": 0.010422857142857147,
    "volatility": 0.1912914508901887
  },
  "diversity": {
    "by_speaker": {
      "Lyra": {
        "semantic_diversity": 0.4158981740474701,
        "ttr": 0.41216216216216217
      },
      "Cipher": {
        "semantic_diversity": 0.46473944187164307,
        "ttr": 0.4794520547945205
      }
    },
    "global_ttr": 0.3351851851851852
  }
}