{
  "condition_id": "crossiso__baseline__t04__r03",
  "topic": "Strong government regulation of AI development will cause more harm than good",
  "turn_count": 21,
  "persona": {
    "by_speaker": {
      "Lyra": {
        "mean": 0.44580687977827615,
        "per_turn": [
          0.4203822626043495,
          0.39851844812653126,
          0.4384924932725983,
          0.4297047470906413,
          0.44369281649336445,
          0.505548435034624,
          0.4439746797519102,
          0.45356330814582935,
          0.41063333595854157,
          0.4414376186840176,
          0.5179275323986301
        ]
      },
      "Cipher": {
        "mean": 0.8125915538098951,
        "per_turn": [
          0.822802597710804,
          0.8214113700502873,
          0.7775219008942784,
          0.8157452513452033,
          0.7906413302387199,
          0.7996501017471238,
          0.7772509692529086,
          0.8292711141871771,
          0.8427977209938808,
          0.8488231816785687
        ]
      }
    },
    "discrimination": {
      "Lyra": {
        "own_mean": 0.4458,
        "cross_mean": 0.5542,
        "gap": -0.1084
      },
      "Cipher": {
        "own_mean": 0.8126,
        "cross_mean": 0.1874,
        "gap": 0.6252
      }
    }
  },
  "coherence": {
    "per_turn": [
      null,
      0.8200633525848389,
      0.8980515003204346,
      0.6977026462554932,
      0.8765690326690674,
      0.6421127915382385,
      0.9035468101501465,
      0.730589747428894,
      0.8041131496429443,
      0.7530057430267334,
      0.48961740732192993,
      0.6609666347503662,
      0.5333210825920105,
      0.7431231737136841,
      0.6387237310409546,
      0.6943997144699097,
      0.8014534115791321,
      0.6765895485877991,
      0.43750959634780884,
      0.8207882046699524,
      0.3680799603462219
    ],
    "mean": 0.699516361951828,
    "min": 0.3680799603462219
  },
  "topic_drift": {
    "per_turn": [
      0.8626217246055603,
      0.8552210927009583,
      0.7767637372016907,
      0.6607782244682312,
      0.7185930013656616,
      0.38533487915992737,
      0.49780744314193726,
      0.6196460723876953,
      0.6166319847106934,
      0.5662192106246948,
      0.3134388327598572,
      0.38149917125701904,
      0.6605454683303833,
      0.5724908709526062,
      0.41544389724731445,
      0.5340813398361206,
      0.6433199644088745,
      0.26428088545799255,
      0.6398979425430298,
      0.6147229671478271,
      0.4959496855735779
    ],
    "mean": 0.5759661140896025,
    "min": 0.26428088545799255,
    "drift_slope": -0.012957571466247764
  },
  "sentiment": {
    "per_turn": [
      0.7436,
      0.7034,
      0.2023,
      0.1154,
      0.8882,
      0.765,
      0.9231,
      0.0621,
      0.9315,
      0.9209,
      0.93,
      0.3291,
      0.9565,
      0.9531,
      -0.12,
      -0.0516,
      0.9711,
      0.8578,
      0.9669,
      0.9382,
      0.9595
    ],
    "by_speaker": {
      "Lyra": [
        0.7436,
        0.2023,
        0.8882,
        0.9231,
        0.9315,
        0.93,
        0.9565,
        -0.12,
        0.9711,
        0.9669,
        0.9595
      ],
      "Cipher": [
        0.7034,
        0.1154,
        0.765,
        0.0621,
        0.9209,
        0.3291,
        0.9531,
        -0.0516,
        0.8578,
        0.9382
      ]
    },
    "mean": 0.6641,
    "slope": 0.01293376623376622,
    "volatility": 0.3788683437617372
  },
  "diversity": {
    "by_speaker": {
      "Lyra": {
        "semantic_diversity": 0.4612465500831604,
        "ttr": 0.39516908212560387
      },
      "Cipher": {
        "semantic_diversity": 0.47758352756500244,
        "ttr": 0.41509433962264153
      }
    },
    "global_ttr": 0.30939557151406344
  }
}