{
  "condition_id": "crossiso__cipher-persona__t04__r02",
  "topic": "Strong government regulation of AI development will cause more harm than good",
  "turn_count": 21,
  "persona": {
    "by_speaker": {
      "Lyra": {
        "mean": 0.23685563265783138,
        "per_turn": [
          0.1799811738365066,
          0.16560564398077582,
          0.1620275050244226,
          0.2024542479715995,
          0.14065677010031727,
          0.1788592389012775,
          0.23689066451183913,
          0.33514301017594883,
          0.2857629297840197,
          0.22570999964672261,
          0.49232077530271584
        ]
      },
      "Cipher": {
        "mean": 0.8125260447220659,
        "per_turn": [
          0.8645841220393935,
          0.8285630274320905,
          0.814950761216765,
          0.8270833717973136,
          0.822579230495347,
          0.7776416128861878,
          0.9381993246590926,
          0.7399201518946052,
          0.7702035225517798,
          0.7415353222480836
        ]
      }
    },
    "discrimination": {
      "Lyra": {
        "own_mean": 0.2369,
        "cross_mean": 0.7631,
        "gap": -0.5263
      },
      "Cipher": {
        "own_mean": 0.8125,
        "cross_mean": 0.1875,
        "gap": 0.6251
      }
    }
  },
  "coherence": {
    "per_turn": [
      null,
      0.796149730682373,
      0.6451672315597534,
      0.5791777968406677,
      0.5983983278274536,
      0.5466306209564209,
      0.608887791633606,
      0.7385022640228271,
      0.7108100056648254,
      0.745975136756897,
      0.61369788646698,
      0.8185251355171204,
      0.7583985328674316,
      0.2763407528400421,
      0.7555700540542603,
      0.6107163429260254,
      0.6126930713653564,
      0.6947022080421448,
      0.8868961334228516,
      0.872656524181366,
      0.16583392024040222
    ],
    "mean": 0.6517864733934402,
    "min": 0.16583392024040222
  },
  "topic_drift": {
    "per_turn": [
      0.8597949743270874,
      0.8260329961776733,
      0.49309977889060974,
      0.7098659873008728,
      0.5089085102081299,
      0.3491409718990326,
      0.4566991925239563,
      0.49972593784332275,
      0.5114092826843262,
      0.5720562934875488,
      0.4855538010597229,
      0.5555403232574463,
      0.34915244579315186,
      0.16294127702713013,
      0.19683364033699036,
      0.49816930294036865,
      0.3088330030441284,
      0.3461015224456787,
      0.32628333568573,
      0.30193230509757996,
      0.5683140158653259
    ],
    "mean": 0.47078042370932444,
    "min": 0.16294127702713013,
    "drift_slope": -0.018647734840194892
  },
  "sentiment": {
    "per_turn": [
      0.2893,
      0.7506,
      0.899,
      0.6369,
      0.8121,
      0.7724,
      0.9501,
      0.8878,
      0.979,
      0.7906,
      0.9437,
      0.9217,
      -0.8834,
      0.8834,
      0.8777,
      0.875,
      0.974,
      0.9689,
      0.8873,
      0.9524,
      0.9515
    ],
    "by_speaker": {
      "Lyra": [
        0.2893,
        0.899,
        0.8121,
        0.9501,
        0.979,
        0.9437,
        -0.8834,
        0.8777,
        0.974,
        0.8873,
        0.9515
      ],
      "Cipher": [
        0.7506,
        0.6369,
        0.7724,
        0.8878,
        0.7906,
        0.9217,
        0.8834,
        0.875,
        0.9689,
        0.9524
      ]
    },
    "mean": 0.7676190476190476,
    "slope": 0.010722727272727278,
    "volatility": 0.39889318849494587
  },
  "diversity": {
    "by_speaker": {
      "Lyra": {
        "semantic_diversity": 0.5558796525001526,
        "ttr": 0.4295942720763723
      },
      "Cipher": {
        "semantic_diversity": 0.5170961022377014,
        "ttr": 0.46601941747572817
      }
    },
    "global_ttr": 0.33104395604395603
  }
}