{
  "condition_id": "crossiso__baseline__t05__r03",
  "topic": "Genetic editing to prevent hereditary diseases in human embryos should be legally permitted",
  "turn_count": 21,
  "persona": {
    "by_speaker": {
      "Lyra": {
        "mean": 0.4983057674825621,
        "per_turn": [
          0.4158299698381009,
          0.4450761656363812,
          0.47568513352836267,
          0.5024312500565534,
          0.4150825605202533,
          0.46897794401481674,
          0.47411495042949736,
          0.5426845992541405,
          0.5876249381785018,
          0.5501435860290802,
          0.6037123448224948
        ]
      },
      "Cipher": {
        "mean": 0.7636948496754823,
        "per_turn": [
          0.7792989698330235,
          0.7591782346334573,
          0.7668050594378935,
          0.7732546031864533,
          0.802667913870293,
          0.7564885621250919,
          0.7871706664220979,
          0.7767984844191045,
          0.6767318572178416,
          0.7585541456095661
        ]
      }
    },
    "discrimination": {
      "Lyra": {
        "own_mean": 0.4983,
        "cross_mean": 0.5017,
        "gap": -0.0034
      },
      "Cipher": {
        "own_mean": 0.7637,
        "cross_mean": 0.2363,
        "gap": 0.5274
      }
    }
  },
  "coherence": {
    "per_turn": [
      null,
      0.5779945254325867,
      0.6097916960716248,
      0.7203232049942017,
      0.8913277387619019,
      0.7847610712051392,
      0.8184678554534912,
      0.6456149220466614,
      0.7146236896514893,
      0.4058312177658081,
      0.7259349822998047,
      0.8250923156738281,
      0.8617072105407715,
      0.5123317241668701,
      0.6872782707214355,
      0.5013786554336548,
      0.658730149269104,
      0.6548823118209839,
      0.4317641258239746,
      0.7595076560974121,
      0.5705410242080688
    ],
    "mean": 0.6678942173719407,
    "min": 0.4058312177658081
  },
  "topic_drift": {
    "per_turn": [
      0.9276806116104126,
      0.596389651298523,
      0.8119447231292725,
      0.6275069713592529,
      0.7168774604797363,
      0.7297878265380859,
      0.7685364484786987,
      0.47344741225242615,
      0.36691907048225403,
      0.6667203307151794,
      0.6152220368385315,
      0.6531996726989746,
      0.6372614502906799,
      0.2925926446914673,
      0.4863182306289673,
      0.1326010823249817,
      0.1939162164926529,
      0.12238515913486481,
      0.6405206322669983,
      0.725454568862915,
      0.40266406536102295
    ],
    "mean": 0.5518069650445666,
    "min": 0.12238515913486481,
    "drift_slope": -0.021121819317340845
  },
  "sentiment": {
    "per_turn": [
      0.6705,
      0.5187,
      0.4902,
      -0.128,
      0.5267,
      -0.1168,
      0.8689,
      0.7665,
      0.9393,
      -0.8294,
      0.184,
      0.836,
      0.5859,
      0.765,
      0.9705,
      0.2074,
      0.6666,
      0.9253,
      0.981,
      0.2199,
      0.9565
    ],
    "by_speaker": {
      "Lyra": [
        0.6705,
        0.4902,
        0.5267,
        0.8689,
        0.9393,
        0.184,
        0.5859,
        0.9705,
        0.6666,
        0.981,
        0.9565
      ],
      "Cipher": [
        0.5187,
        -0.128,
        -0.1168,
        0.7665,
        -0.8294,
        0.836,
        0.765,
        0.2074,
        0.9253,
        0.2199
      ]
    },
    "mean": 0.5240333333333334,
    "slope": 0.0198587012987013,
    "volatility": 0.4516904506125884
  },
  "diversity": {
    "by_speaker": {
      "Lyra": {
        "semantic_diversity": 0.4699404537677765,
        "ttr": 0.41825095057034223
      },
      "Cipher": {
        "semantic_diversity": 0.5395467281341553,
        "ttr": 0.4771986970684039
      }
    },
    "global_ttr": 0.3445378151260504
  }
}