{
  "condition_id": "crossiso__lyra-persona__t04__r03",
  "topic": "Strong government regulation of AI development will cause more harm than good",
  "turn_count": 21,
  "persona": {
    "by_speaker": {
      "Lyra": {
        "mean": 0.5500063411454674,
        "per_turn": [
          0.6636740752659617,
          0.7104373296575568,
          0.6870387368800368,
          0.44892521253569323,
          0.45991050706471354,
          0.47574610174409176,
          0.4948674497044432,
          0.7600532818384755,
          0.429741755048492,
          0.4296421162456223,
          0.4900331866150547
        ]
      },
      "Cipher": {
        "mean": 0.803928735414994,
        "per_turn": [
          0.8581395550135718,
          0.8075121722976538,
          0.8081728483593316,
          0.8316121402579688,
          0.7970300840340163,
          0.7752577468924312,
          0.7621282221936483,
          0.7743816767555523,
          0.816206672048213,
          0.8088462362975533
        ]
      }
    },
    "discrimination": {
      "Lyra": {
        "own_mean": 0.55,
        "cross_mean": 0.45,
        "gap": 0.1
      },
      "Cipher": {
        "own_mean": 0.8039,
        "cross_mean": 0.1961,
        "gap": 0.6079
      }
    }
  },
  "coherence": {
    "per_turn": [
      null,
      0.7249007821083069,
      0.7129172086715698,
      0.6843026876449585,
      0.6303603053092957,
      0.8942726850509644,
      0.6916282773017883,
      0.7403976917266846,
      0.7536901235580444,
      0.6815097332000732,
      0.6013408899307251,
      0.634482741355896,
      0.7496960163116455,
      0.5541227459907532,
      0.5719589591026306,
      0.8353300094604492,
      0.5797809958457947,
      0.7275677919387817,
      0.7205691933631897,
      0.7344580888748169,
      0.34955456852912903
    ],
    "mean": 0.6786420747637749,
    "min": 0.34955456852912903
  },
  "topic_drift": {
    "per_turn": [
      0.7890088558197021,
      0.7850889563560486,
      0.6431992053985596,
      0.5646086931228638,
      0.7777828574180603,
      0.7464877963066101,
      0.6652759313583374,
      0.7460719347000122,
      0.6739850044250488,
      0.5187918543815613,
      0.3730637729167938,
      0.6784477829933167,
      0.4659996032714844,
      0.5438759326934814,
      0.4576301574707031,
      0.46277862787246704,
      0.4321032166481018,
      0.5301786661148071,
      0.5536739826202393,
      0.6188830137252808,
      0.45444419980049133
    ],
    "mean": 0.5943514307339987,
    "min": 0.3730637729167938,
    "drift_slope": -0.014266002178192143
  },
  "sentiment": {
    "per_turn": [
      0.9051,
      0.9289,
      -0.25,
      0.0273,
      0.9358,
      0.9274,
      0.9677,
      0.9042,
      0.969,
      0.9872,
      0.9442,
      0.9707,
      0.9783,
      0.9219,
      0.9041,
      0.5109,
      0.9253,
      0.936,
      0.8819,
      0.7067,
      0.9545
    ],
    "by_speaker": {
      "Lyra": [
        0.9051,
        -0.25,
        0.9358,
        0.9677,
        0.969,
        0.9442,
        0.9783,
        0.9041,
        0.9253,
        0.8819,
        0.9545
      ],
      "Cipher": [
        0.9289,
        0.0273,
        0.9274,
        0.9042,
        0.9872,
        0.9707,
        0.9219,
        0.5109,
        0.936,
        0.7067
      ]
    },
    "mean": 0.8065285714285715,
    "slope": 0.01502025974025975,
    "volatility": 0.3183339593255234
  },
  "diversity": {
    "by_speaker": {
      "Lyra": {
        "semantic_diversity": 0.5144559144973755,
        "ttr": 0.43017456359102246
      },
      "Cipher": {
        "semantic_diversity": 0.40082165598869324,
        "ttr": 0.43657331136738053
      }
    },
    "global_ttr": 0.3257629524485451
  }
}