{
  "condition_id": "crossiso__lyra-persona__t01__r01",
  "topic": "Social media has done more harm than good to mental health and democracy",
  "turn_count": 21,
  "persona": {
    "by_speaker": {
      "Lyra": {
        "mean": 0.7950381940149863,
        "per_turn": [
          0.8991355314290832,
          0.9152296068484926,
          0.9066310740417955,
          0.79654657419861,
          0.7731141447435314,
          0.8172382311970562,
          0.7954658867999097,
          0.7370578899807502,
          0.7318584246235076,
          0.7310831644681182,
          0.6420596058339941
        ]
      },
      "Cipher": {
        "mean": 0.6908045792027963,
        "per_turn": [
          0.7078298759013777,
          0.6907729133265174,
          0.6948667712206869,
          0.5300852817210305,
          0.6823665949524939,
          0.5753694382872976,
          0.739345176140498,
          0.7649290638859315,
          0.7406963629385793,
          0.78178431365355
        ]
      }
    },
    "discrimination": {
      "Lyra": {
        "own_mean": 0.795,
        "cross_mean": 0.205,
        "gap": 0.5901
      },
      "Cipher": {
        "own_mean": 0.6908,
        "cross_mean": 0.3092,
        "gap": 0.3816
      }
    }
  },
  "coherence": {
    "per_turn": [
      null,
      0.6843065023422241,
      0.7530799508094788,
      0.5898971557617188,
      0.6367878913879395,
      0.5685327649116516,
      0.8772218227386475,
      0.7331622838973999,
      0.6707533597946167,
      0.714989185333252,
      0.8217644691467285,
      0.4997000992298126,
      0.8434572815895081,
      0.5452665686607361,
      0.6309078931808472,
      0.5980874300003052,
      0.6900911331176758,
      0.6615227460861206,
      0.5953393578529358,
      0.5198196172714233,
      0.12616199254989624
    ],
    "mean": 0.638042475283146,
    "min": 0.12616199254989624
  },
  "topic_drift": {
    "per_turn": [
      0.6544685363769531,
      0.5758111476898193,
      0.6646509170532227,
      0.6444470882415771,
      0.44157713651657104,
      0.6346942186355591,
      0.6339408755302429,
      0.6155662536621094,
      0.6589495539665222,
      0.6064313650131226,
      0.5765944719314575,
      0.4002571702003479,
      0.3446539044380188,
      0.24731488525867462,
      0.14657144248485565,
      0.19648046791553497,
      0.15686805546283722,
      0.43231818079948425,
      0.18331760168075562,
      0.15522417426109314,
      0.2820534110069275
    ],
    "mean": 0.4405805170536041,
    "min": 0.14657144248485565,
    "drift_slope": -0.02679652397508744
  },
  "sentiment": {
    "per_turn": [
      0.4728,
      0.6515,
      0.6386,
      -0.5352,
      0.5407,
      -0.8462,
      -0.3245,
      0.1611,
      0.8059,
      0.9623,
      0.9267,
      -0.903,
      0.8651,
      0.1227,
      0.6282,
      0.936,
      0.795,
      0.946,
      0.9282,
      0.5574,
      0.8866
    ],
    "by_speaker": {
      "Lyra": [
        0.4728,
        0.6386,
        0.5407,
        -0.3245,
        0.8059,
        0.9267,
        0.8651,
        0.6282,
        0.795,
        0.9282,
        0.8866
      ],
      "Cipher": [
        0.6515,
        -0.5352,
        -0.8462,
        0.1611,
        0.9623,
        -0.903,
        0.1227,
        0.936,
        0.946,
        0.5574
      ]
    },
    "mean": 0.43885238095238094,
    "slope": 0.0368335064935065,
    "volatility": 0.5858083106102587
  },
  "diversity": {
    "by_speaker": {
      "Lyra": {
        "semantic_diversity": 0.630587637424469,
        "ttr": 0.37759815242494227
      },
      "Cipher": {
        "semantic_diversity": 0.5761570930480957,
        "ttr": 0.4294770206022187
      }
    },
    "global_ttr": 0.3012692050768203
  }
}