{
  "condition_id": "crossiso__lyra-persona__t00__r01",
  "topic": "AI will eliminate more jobs than it creates within the next decade",
  "turn_count": 21,
  "persona": {
    "by_speaker": {
      "Lyra": {
        "mean": 0.630368729953717,
        "per_turn": [
          0.7434338661085247,
          0.7616445208088659,
          0.4345891174847872,
          0.7520295830460666,
          0.4947841287429413,
          0.5226704853162535,
          0.7963900891488264,
          0.5208382106690439,
          0.5168300747090391,
          0.7571419359392801,
          0.6337040175172575
        ]
      },
      "Cipher": {
        "mean": 0.7642554565045234,
        "per_turn": [
          0.8095818020054661,
          0.7879416461300761,
          0.7934822790674698,
          0.779585151037067,
          0.7569646277915307,
          0.7435870435474736,
          0.7458949892849733,
          0.7439375349488282,
          0.7621291939090021,
          0.719450297323347
        ]
      }
    },
    "discrimination": {
      "Lyra": {
        "own_mean": 0.6304,
        "cross_mean": 0.3696,
        "gap": 0.2607
      },
      "Cipher": {
        "own_mean": 0.7643,
        "cross_mean": 0.2357,
        "gap": 0.5285
      }
    }
  },
  "coherence": {
    "per_turn": [
      null,
      0.796815037727356,
      0.5930085182189941,
      0.3791052997112274,
      0.6514696478843689,
      0.6647584438323975,
      0.5711365938186646,
      0.7000706195831299,
      0.4807943105697632,
      0.6523585319519043,
      0.6688377857208252,
      0.8028206825256348,
      0.5558440089225769,
      0.47923845052719116,
      0.673511803150177,
      0.7417759895324707,
      0.5628895163536072,
      0.7986559271812439,
      0.7711525559425354,
      0.7880434393882751,
      0.31618115305900574
    ],
    "mean": 0.6324234157800674,
    "min": 0.31618115305900574
  },
  "topic_drift": {
    "per_turn": [
      0.7586606740951538,
      0.7368159294128418,
      0.5824410915374756,
      0.5022772550582886,
      0.5503225326538086,
      0.5737325549125671,
      0.42203426361083984,
      0.3298640549182892,
      0.36324888467788696,
      0.5882169008255005,
      0.5408118963241577,
      0.5554438829421997,
      0.2165992110967636,
      0.5319052934646606,
      0.4564668536186218,
      0.42735233902931213,
      0.43484529852867126,
      0.576359748840332,
      0.5264111161231995,
      0.3486625552177429,
      0.1794826239347458
    ],
    "mean": 0.4858073790868123,
    "min": 0.1794826239347458,
    "drift_slope": -0.01327507271395101
  },
  "sentiment": {
    "per_turn": [
      0.8651,
      0.2732,
      0.8572,
      -0.7912,
      0.8411,
      -0.1154,
      0.6844,
      0.8934,
      0.9218,
      0.8807,
      0.9837,
      0.8225,
      0.9811,
      0.95,
      0.8067,
      0.9618,
      0.9364,
      0.9316,
      0.9369,
      0.9623,
      0.9542
    ],
    "by_speaker": {
      "Lyra": [
        0.8651,
        0.8572,
        0.8411,
        0.6844,
        0.9218,
        0.9837,
        0.9811,
        0.8067,
        0.9364,
        0.9369,
        0.9542
      ],
      "Cipher": [
        0.2732,
        -0.7912,
        -0.1154,
        0.8934,
        0.8807,
        0.8225,
        0.95,
        0.9618,
        0.9316,
        0.9623
      ]
    },
    "mean": 0.7398809523809524,
    "slope": 0.03437311688311688,
    "volatility": 0.4278786873235913
  },
  "diversity": {
    "by_speaker": {
      "Lyra": {
        "semantic_diversity": 0.579514741897583,
        "ttr": 0.399737876802097
      },
      "Cipher": {
        "semantic_diversity": 0.5048679113388062,
        "ttr": 0.4832089552238806
      }
    },
    "global_ttr": 0.3364126250962279
  }
}