{
  "condition_id": "crossiso__baseline__t04__r01",
  "topic": "Strong government regulation of AI development will cause more harm than good",
  "turn_count": 21,
  "persona": {
    "by_speaker": {
      "Lyra": {
        "mean": 0.4754762382546293,
        "per_turn": [
          0.44579095200733976,
          0.4561692305692113,
          0.4490235821559948,
          0.5339487864134499,
          0.45855048571222845,
          0.45114534355151537,
          0.5035605564902152,
          0.4720452521102324,
          0.4860856845711786,
          0.4599669458429094,
          0.5139518013766472
        ]
      },
      "Cipher": {
        "mean": 0.7680842910306718,
        "per_turn": [
          0.8376028127534332,
          0.6660739824200232,
          0.7693432021073071,
          0.8174253712832222,
          0.8041314823135723,
          0.7303287916298006,
          0.7431765614975256,
          0.7198053311387479,
          0.8143725268081061,
          0.7785828483549798
        ]
      }
    },
    "discrimination": {
      "Lyra": {
        "own_mean": 0.4755,
        "cross_mean": 0.5245,
        "gap": -0.049
      },
      "Cipher": {
        "own_mean": 0.7681,
        "cross_mean": 0.2319,
        "gap": 0.5362
      }
    }
  },
  "coherence": {
    "per_turn": [
      null,
      0.7174302935600281,
      0.817376971244812,
      0.6930464506149292,
      0.6089687347412109,
      0.647840678691864,
      0.7523435950279236,
      0.5467753410339355,
      0.6738005876541138,
      0.6893420219421387,
      0.7453718781471252,
      0.7424468398094177,
      0.7178608775138855,
      0.7261239290237427,
      0.5551303029060364,
      0.49354982376098633,
      0.49372124671936035,
      0.6691671013832092,
      0.7052291035652161,
      0.7968718409538269,
      0.18193015456199646
    ],
    "mean": 0.6487163886427879,
    "min": 0.18193015456199646
  },
  "topic_drift": {
    "per_turn": [
      0.7064390778541565,
      0.8084986209869385,
      0.7237886190414429,
      0.6907497048377991,
      0.612534761428833,
      0.464451402425766,
      0.43383872509002686,
      0.6528023481369019,
      0.6751695275306702,
      0.506683349609375,
      0.5298761129379272,
      0.39369431138038635,
      0.5872200727462769,
      0.40430575609207153,
      0.6867796182632446,
      0.194798082113266,
      0.6185413599014282,
      0.555272102355957,
      0.5722637176513672,
      0.4879602789878845,
      0.378885954618454
    ],
    "mean": 0.5564073097138178,
    "min": 0.194798082113266,
    "drift_slope": -0.012539947923127698
  },
  "sentiment": {
    "per_turn": [
      0.8779,
      0.8465,
      0.8588,
      0.5023,
      0.9652,
      0.0793,
      0.8695,
      0.6801,
      0.9401,
      0.8126,
      0.9583,
      0.9565,
      0.9795,
      0.8658,
      0.9781,
      0.8779,
      0.9668,
      0.3291,
      0.9728,
      0.875,
      0.9712
    ],
    "by_speaker": {
      "Lyra": [
        0.8779,
        0.8588,
        0.9652,
        0.8695,
        0.9401,
        0.9583,
        0.9795,
        0.9781,
        0.9668,
        0.9728,
        0.9712
      ],
      "Cipher": [
        0.8465,
        0.5023,
        0.0793,
        0.6801,
        0.8126,
        0.9565,
        0.8658,
        0.8779,
        0.3291,
        0.875
      ]
    },
    "mean": 0.8173,
    "slope": 0.007929740259740272,
    "volatility": 0.23073105762419793
  },
  "diversity": {
    "by_speaker": {
      "Lyra": {
        "semantic_diversity": 0.4318027198314667,
        "ttr": 0.4298780487804878
      },
      "Cipher": {
        "semantic_diversity": 0.47996291518211365,
        "ttr": 0.4772344013490725
      }
    },
    "global_ttr": 0.34369055168040585
  }
}