{
  "condition_id": "crossiso__lyra-persona__t01__r02",
  "topic": "Social media has done more harm than good to mental health and democracy",
  "turn_count": 21,
  "persona": {
    "by_speaker": {
      "Lyra": {
        "mean": 0.7140419879827676,
        "per_turn": [
          0.8716249189388527,
          0.8136859956764152,
          0.7829190786740596,
          0.8341578375597407,
          0.49603989862586106,
          0.767376668941712,
          0.79250829891456,
          0.44308889993779904,
          0.6956958022503574,
          0.6780817250386116,
          0.6792827432524751
        ]
      },
      "Cipher": {
        "mean": 0.7441199101193762,
        "per_turn": [
          0.6841784585913464,
          0.697558759169524,
          0.7700326328215346,
          0.632990712059568,
          0.7509093058949211,
          0.7330508783117214,
          0.7805110578749486,
          0.7721469294059182,
          0.8045421888770874,
          0.8152781781871921
        ]
      }
    },
    "discrimination": {
      "Lyra": {
        "own_mean": 0.714,
        "cross_mean": 0.286,
        "gap": 0.4281
      },
      "Cipher": {
        "own_mean": 0.7441,
        "cross_mean": 0.2559,
        "gap": 0.4882
      }
    }
  },
  "coherence": {
    "per_turn": [
      null,
      0.5784459710121155,
      0.6434439420700073,
      0.8037290573120117,
      0.558007001876831,
      0.6207726001739502,
      0.5557308197021484,
      0.48578131198883057,
      0.5010488629341125,
      0.5428041815757751,
      0.6849880218505859,
      0.8456394672393799,
      0.8484902381896973,
      0.6108013391494751,
      0.5746726393699646,
      0.8937356472015381,
      0.7720491886138916,
      0.8262926340103149,
      0.7857359647750854,
      0.6075745224952698,
      -0.04330890625715256
    ],
    "mean": 0.6348217252641917,
    "min": -0.04330890625715256
  },
  "topic_drift": {
    "per_turn": [
      0.6564960479736328,
      0.8400998115539551,
      0.5610998868942261,
      0.6017470359802246,
      0.4381268322467804,
      0.15163260698318481,
      0.3033326268196106,
      0.21403542160987854,
      0.2024332582950592,
      0.27845633029937744,
      0.4403027296066284,
      0.48968935012817383,
      0.5382726192474365,
      0.2623593211174011,
      0.05043574795126915,
      0.0494626946747303,
      0.14691828191280365,
      0.16183897852897644,
      0.15262126922607422,
      0.15055248141288757,
      0.06348442286252975
    ],
    "mean": 0.3215903693011829,
    "min": 0.0494626946747303,
    "drift_slope": -0.026915626629412943
  },
  "sentiment": {
    "per_turn": [
      0.8393,
      -0.5204,
      0.3691,
      0.8047,
      0.5703,
      0.8564,
      0.9783,
      0.9091,
      0.9393,
      0.8402,
      0.9586,
      0.9207,
      0.9455,
      0.9312,
      0.9521,
      0.9089,
      0.9457,
      0.8223,
      0.9672,
      0.7717,
      0.9722
    ],
    "by_speaker": {
      "Lyra": [
        0.8393,
        0.3691,
        0.5703,
        0.9783,
        0.9393,
        0.9586,
        0.9455,
        0.9521,
        0.9457,
        0.9672,
        0.9722
      ],
      "Cipher": [
        -0.5204,
        0.8047,
        0.8564,
        0.9091,
        0.8402,
        0.9207,
        0.9312,
        0.9089,
        0.8223,
        0.7717
      ]
    },
    "mean": 0.7944000000000001,
    "slope": 0.02653922077922076,
    "volatility": 0.32688511015048577
  },
  "diversity": {
    "by_speaker": {
      "Lyra": {
        "semantic_diversity": 0.6329053640365601,
        "ttr": 0.4028605482717521
      },
      "Cipher": {
        "semantic_diversity": 0.621719241142273,
        "ttr": 0.43217665615141954
      }
    },
    "global_ttr": 0.296673455532926
  }
}