{
  "condition_id": "crossiso__lyra-persona__t07__r02",
  "topic": "Meaningful climate action and sustained economic growth are fundamentally incompatible",
  "turn_count": 21,
  "persona": {
    "by_speaker": {
      "Lyra": {
        "mean": 0.6266164630189487,
        "per_turn": [
          0.737539532478405,
          0.747523279905559,
          0.7884002170508577,
          0.45057319737413126,
          0.45899239766807604,
          0.7380486575669485,
          0.46470322630721683,
          0.7558725561606787,
          0.5862256066651946,
          0.6070289649136484,
          0.5578734571177191
        ]
      },
      "Cipher": {
        "mean": 0.732998591787878,
        "per_turn": [
          0.7922872225224824,
          0.6998048057935835,
          0.7712284836876744,
          0.7568740776840931,
          0.7926321885922796,
          0.7697343060016295,
          0.7863085841371388,
          0.7165093374079976,
          0.6316388859739347,
          0.6129680260779663
        ]
      }
    },
    "discrimination": {
      "Lyra": {
        "own_mean": 0.6266,
        "cross_mean": 0.3734,
        "gap": 0.2532
      },
      "Cipher": {
        "own_mean": 0.733,
        "cross_mean": 0.267,
        "gap": 0.466
      }
    }
  },
  "coherence": {
    "per_turn": [
      null,
      0.7837607860565186,
      0.7457816004753113,
      0.5187630653381348,
      0.7928428649902344,
      0.5385411977767944,
      0.5782924890518188,
      0.569351077079773,
      0.7505921721458435,
      0.8412045240402222,
      0.4362064003944397,
      0.7111274600028992,
      0.680147647857666,
      0.721595287322998,
      0.8267858624458313,
      0.7420235872268677,
      0.4804408848285675,
      0.8079301118850708,
      0.7522625923156738,
      0.8855557441711426,
      0.44030386209487915
    ],
    "mean": 0.6801754608750343,
    "min": 0.4362064003944397
  },
  "topic_drift": {
    "per_turn": [
      0.7777609825134277,
      0.7456814050674438,
      0.5652662515640259,
      0.5400920510292053,
      0.5277628898620605,
      0.3491534888744354,
      0.399974524974823,
      0.5514572858810425,
      0.4347538948059082,
      0.35460227727890015,
      0.49617236852645874,
      0.36873316764831543,
      0.27328386902809143,
      0.3756636381149292,
      0.24229298532009125,
      0.1664438247680664,
      0.24504606425762177,
      0.3758276700973511,
      0.4294221103191376,
      0.3855058550834656,
      0.5376355051994324
    ],
    "mean": 0.43535867191496347,
    "min": 0.1664438247680664,
    "drift_slope": -0.01552753773602573
  },
  "sentiment": {
    "per_turn": [
      0.5175,
      0.8316,
      0.9062,
      -0.5346,
      -0.3657,
      0.7184,
      0.6931,
      0.5423,
      0.9494,
      0.7096,
      0.9345,
      0.9402,
      0.8573,
      0.6059,
      0.814,
      0.8402,
      0.9501,
      0.9429,
      0.9647,
      0.9402,
      0.9628
    ],
    "by_speaker": {
      "Lyra": [
        0.5175,
        0.9062,
        -0.3657,
        0.6931,
        0.9494,
        0.9345,
        0.8573,
        0.814,
        0.9501,
        0.9647,
        0.9628
      ],
      "Cipher": [
        0.8316,
        -0.5346,
        0.7184,
        0.5423,
        0.7096,
        0.9402,
        0.6059,
        0.8402,
        0.9429,
        0.9402
      ]
    },
    "mean": 0.7009809523809525,
    "slope": 0.033072077922077926,
    "volatility": 0.3986845926281739
  },
  "diversity": {
    "by_speaker": {
      "Lyra": {
        "semantic_diversity": 0.5979354381561279,
        "ttr": 0.42894736842105263
      },
      "Cipher": {
        "semantic_diversity": 0.6420222520828247,
        "ttr": 0.47692307692307695
      }
    },
    "global_ttr": 0.33903345724907064
  }
}