{
  "condition_id": "crossiso__baseline__t00__r02",
  "topic": "AI will eliminate more jobs than it creates within the next decade",
  "turn_count": 21,
  "persona": {
    "by_speaker": {
      "Lyra": {
        "mean": 0.47982462674897186,
        "per_turn": [
          0.490951358570365,
          0.4765112588979814,
          0.4803939117152432,
          0.4271222394410533,
          0.4473864706660387,
          0.40973899627851795,
          0.4305624625923662,
          0.4914859414686185,
          0.4833988292609584,
          0.5247821262036998,
          0.6157372991438481
        ]
      },
      "Cipher": {
        "mean": 0.7871423449949089,
        "per_turn": [
          0.7742622957236106,
          0.8015767063985844,
          0.8265545584450725,
          0.8126418968967247,
          0.8081114844850966,
          0.8256189950221222,
          0.7725944205895342,
          0.7643929030487536,
          0.7311504284426682,
          0.7545197608969214
        ]
      }
    },
    "discrimination": {
      "Lyra": {
        "own_mean": 0.4798,
        "cross_mean": 0.5202,
        "gap": -0.0404
      },
      "Cipher": {
        "own_mean": 0.7871,
        "cross_mean": 0.2129,
        "gap": 0.5743
      }
    }
  },
  "coherence": {
    "per_turn": [
      null,
      0.7324602603912354,
      0.8186858296394348,
      0.6261793375015259,
      0.7306432723999023,
      0.607636570930481,
      0.7517572641372681,
      0.61280357837677,
      0.7550833225250244,
      0.7540124654769897,
      0.7699662446975708,
      0.7203545570373535,
      0.6750772595405579,
      0.7060036659240723,
      0.6107935905456543,
      0.8497755527496338,
      0.839661717414856,
      0.3645549416542053,
      0.8061627745628357,
      0.7491227388381958,
      0.2696596384048462
    ],
    "mean": 0.6875197291374207,
    "min": 0.2696596384048462
  },
  "topic_drift": {
    "per_turn": [
      0.7804079651832581,
      0.7794959545135498,
      0.6613765358924866,
      0.641696572303772,
      0.6426281929016113,
      0.46619713306427,
      0.5120062828063965,
      0.5241923928260803,
      0.5878652334213257,
      0.44437068700790405,
      0.37461918592453003,
      0.47210246324539185,
      0.4922635555267334,
      0.3633056879043579,
      0.3961648941040039,
      0.4277852177619934,
      0.43910276889801025,
      0.3169791102409363,
      0.4056335985660553,
      0.5153220891952515,
      0.1168069913983345
    ],
    "mean": 0.4933486910802977,
    "min": 0.1168069913983345,
    "drift_slope": -0.020591233283668374
  },
  "sentiment": {
    "per_turn": [
      0.8834,
      0.9099,
      0.659,
      0.7814,
      0.9716,
      0.967,
      0.8126,
      0.8462,
      0.9648,
      0.9201,
      0.9217,
      0.8931,
      0.9682,
      0.8797,
      0.9704,
      0.9678,
      0.9794,
      0.9349,
      0.9652,
      0.91,
      0.9732
    ],
    "by_speaker": {
      "Lyra": [
        0.8834,
        0.659,
        0.9716,
        0.8126,
        0.9648,
        0.9217,
        0.9682,
        0.9704,
        0.9794,
        0.9652,
        0.9732
      ],
      "Cipher": [
        0.9099,
        0.7814,
        0.967,
        0.8462,
        0.9201,
        0.8931,
        0.8797,
        0.9678,
        0.9349,
        0.91
      ]
    },
    "mean": 0.9085523809523809,
    "slope": 0.006734155844155849,
    "volatility": 0.07810335410789022
  },
  "diversity": {
    "by_speaker": {
      "Lyra": {
        "semantic_diversity": 0.5500195026397705,
        "ttr": 0.3691215616681455
      },
      "Cipher": {
        "semantic_diversity": 0.5320363640785217,
        "ttr": 0.456973293768546
      }
    },
    "global_ttr": 0.29650194336479735
  }
}