{
  "condition_id": "crossiso__baseline__t02__r03",
  "topic": "Universal basic income would reduce workforce participation and innovation over time",
  "turn_count": 21,
  "persona": {
    "by_speaker": {
      "Lyra": {
        "mean": 0.4564548575410022,
        "per_turn": [
          0.46151297160601124,
          0.4716660933095289,
          0.5165744562058893,
          0.4366598040675115,
          0.449644598464939,
          0.4805130813515195,
          0.5176268067573278,
          0.41188803191949547,
          0.2196067120428165,
          0.5099091179057251,
          0.5454017593202594
        ]
      },
      "Cipher": {
        "mean": 0.7956597607806576,
        "per_turn": [
          0.7801374585421078,
          0.7679652949028009,
          0.7993284694956849,
          0.8883320287810771,
          0.8371128611627989,
          0.7721384579810618,
          0.7973261080199376,
          0.775078177378315,
          0.7657497406176061,
          0.7734290109251856
        ]
      }
    },
    "discrimination": {
      "Lyra": {
        "own_mean": 0.4565,
        "cross_mean": 0.5435,
        "gap": -0.0871
      },
      "Cipher": {
        "own_mean": 0.7957,
        "cross_mean": 0.2043,
        "gap": 0.5913
      }
    }
  },
  "coherence": {
    "per_turn": [
      null,
      0.5850816369056702,
      0.7068270444869995,
      0.7214280962944031,
      0.7648999691009521,
      0.7136125564575195,
      0.8254913687705994,
      0.6667738556861877,
      0.5630043745040894,
      0.49807608127593994,
      0.5847461223602295,
      0.8287799954414368,
      0.5055102705955505,
      0.7116707563400269,
      0.7976762056350708,
      0.7265564203262329,
      0.7284903526306152,
      0.7292221188545227,
      0.78568035364151,
      0.5694870948791504,
      0.16908006370067596
    ],
    "mean": 0.6591047368943691,
    "min": 0.16908006370067596
  },
  "topic_drift": {
    "per_turn": [
      0.7308129668235779,
      0.5482807755470276,
      0.47409284114837646,
      0.46084538102149963,
      0.47569960355758667,
      0.532611072063446,
      0.527283787727356,
      0.3833926320075989,
      0.39092957973480225,
      0.13954301178455353,
      0.23813818395137787,
      0.2930792272090912,
      0.28041863441467285,
      0.33572059869766235,
      0.34930354356765747,
      0.27104538679122925,
      0.41698700189590454,
      0.4140661954879761,
      0.34189343452453613,
      0.3399876356124878,
      0.5036020874977112
    ],
    "mean": 0.40227302766981576,
    "min": 0.13954301178455353,
    "drift_slope": -0.01053808232793561
  },
  "sentiment": {
    "per_turn": [
      0.8625,
      0.9756,
      0.9882,
      0.5847,
      -0.6124,
      0.2862,
      0.8908,
      0.8873,
      0.8957,
      0.8248,
      -0.1027,
      0.5423,
      0.9607,
      0.8537,
      0.9608,
      0.8349,
      0.9403,
      0.8689,
      0.9531,
      0.7269,
      0.9686
    ],
    "by_speaker": {
      "Lyra": [
        0.8625,
        0.9882,
        -0.6124,
        0.8908,
        0.8957,
        -0.1027,
        0.9607,
        0.9608,
        0.9403,
        0.9531,
        0.9686
      ],
      "Cipher": [
        0.9756,
        0.5847,
        0.2862,
        0.8873,
        0.8248,
        0.5423,
        0.8537,
        0.8349,
        0.8689,
        0.7269
      ]
    },
    "mean": 0.7186142857142856,
    "slope": 0.016386623376623367,
    "volatility": 0.3952468888293136
  },
  "diversity": {
    "by_speaker": {
      "Lyra": {
        "semantic_diversity": 0.4894045293331146,
        "ttr": 0.4245647969052224
      },
      "Cipher": {
        "semantic_diversity": 0.5752183794975281,
        "ttr": 0.47299509001636664
      }
    },
    "global_ttr": 0.34103343465045594
  }
}