{
  "condition_id": "crossiso__cipher-persona__t04__r01",
  "topic": "Strong government regulation of AI development will cause more harm than good",
  "turn_count": 21,
  "persona": {
    "by_speaker": {
      "Lyra": {
        "mean": 0.23036666598547806,
        "per_turn": [
          0.22223596757966857,
          0.151969017718653,
          0.17907768487638862,
          0.2230658625440596,
          0.1982755694540711,
          0.18210459628980197,
          0.191483932824598,
          0.27465797437166695,
          0.172939513219166,
          0.23879300732303935,
          0.4994301996391457
        ]
      },
      "Cipher": {
        "mean": 0.8042202685954655,
        "per_turn": [
          0.8682583399931341,
          0.8501983185572604,
          0.8468213980061525,
          0.8243040938484121,
          0.7942261199664884,
          0.8312533848343131,
          0.7458223380252683,
          0.7523098502080425,
          0.7786430212448471,
          0.7503658212707363
        ]
      }
    },
    "discrimination": {
      "Lyra": {
        "own_mean": 0.2304,
        "cross_mean": 0.7696,
        "gap": -0.5393
      },
      "Cipher": {
        "own_mean": 0.8042,
        "cross_mean": 0.1958,
        "gap": 0.6084
      }
    }
  },
  "coherence": {
    "per_turn": [
      null,
      0.7416134476661682,
      0.7020688056945801,
      0.7422273755073547,
      0.8255867958068848,
      0.8057467341423035,
      0.5837398171424866,
      0.5669633150100708,
      0.7099776268005371,
      0.7369385957717896,
      0.7997725605964661,
      0.6642597913742065,
      0.6352940201759338,
      0.5981251001358032,
      0.83287513256073,
      0.5807793140411377,
      0.6007199287414551,
      0.7230185866355896,
      0.6815618872642517,
      0.690188467502594,
      0.36936846375465393
    ],
    "mean": 0.6795412883162498,
    "min": 0.36936846375465393
  },
  "topic_drift": {
    "per_turn": [
      0.8638012409210205,
      0.8225075006484985,
      0.6727973818778992,
      0.7138704061508179,
      0.770570695400238,
      0.6605384945869446,
      0.40258359909057617,
      0.7194669246673584,
      0.4624904990196228,
      0.35826966166496277,
      0.5536938905715942,
      0.5752044320106506,
      0.5524669289588928,
      0.4757143557071686,
      0.3906135559082031,
      0.5421632528305054,
      0.6261682510375977,
      0.5783802270889282,
      0.4361042082309723,
      0.5376620292663574,
      0.5321998596191406
    ],
    "mean": 0.5832032092979976,
    "min": 0.35826966166496277,
    "drift_slope": -0.013717066003130619
  },
  "sentiment": {
    "per_turn": [
      0.553,
      0.5859,
      0.6808,
      -0.3919,
      0.9389,
      0.9109,
      0.9542,
      0.2413,
      -0.0,
      0.7793,
      0.9392,
      0.9429,
      0.9861,
      0.9468,
      0.9267,
      0.8658,
      0.9598,
      0.936,
      0.848,
      0.8357,
      0.956
    ],
    "by_speaker": {
      "Lyra": [
        0.553,
        0.6808,
        0.9389,
        0.9542,
        -0.0,
        0.9392,
        0.9861,
        0.9267,
        0.9598,
        0.848,
        0.956
      ],
      "Cipher": [
        0.5859,
        -0.3919,
        0.9109,
        0.2413,
        0.7793,
        0.9429,
        0.9468,
        0.8658,
        0.936,
        0.8357
      ]
    },
    "mean": 0.7331142857142856,
    "slope": 0.02721207792207793,
    "volatility": 0.35482979056458724
  },
  "diversity": {
    "by_speaker": {
      "Lyra": {
        "semantic_diversity": 0.5284202694892883,
        "ttr": 0.4420289855072464
      },
      "Cipher": {
        "semantic_diversity": 0.49864035844802856,
        "ttr": 0.4823943661971831
      }
    },
    "global_ttr": 0.3531518624641834
  }
}