{
  "condition_id": "crossiso__cipher-persona__t07__r02",
  "topic": "Meaningful climate action and sustained economic growth are fundamentally incompatible",
  "turn_count": 21,
  "persona": {
    "by_speaker": {
      "Lyra": {
        "mean": 0.2936875628681135,
        "per_turn": [
          0.2602945209936604,
          0.2406002322841661,
          0.19401329455315575,
          0.22550784669982435,
          0.2203820303344347,
          0.25965519284892313,
          0.2904201834354522,
          0.3493379752908823,
          0.33389054052124045,
          0.311958492019025,
          0.5445028825684837
        ]
      },
      "Cipher": {
        "mean": 0.7206187702192142,
        "per_turn": [
          0.7493143621494904,
          0.7522933097875595,
          0.7889799621635966,
          0.7028470157862767,
          0.7569481039239072,
          0.7251685048003066,
          0.720289735176536,
          0.6218030498734357,
          0.6469951055537885,
          0.7415485529772445
        ]
      }
    },
    "discrimination": {
      "Lyra": {
        "own_mean": 0.2937,
        "cross_mean": 0.7063,
        "gap": -0.4126
      },
      "Cipher": {
        "own_mean": 0.7206,
        "cross_mean": 0.2794,
        "gap": 0.4412
      }
    }
  },
  "coherence": {
    "per_turn": [
      null,
      0.7039436101913452,
      0.6083605289459229,
      0.7320070862770081,
      0.5591370463371277,
      0.5228056907653809,
      0.7158987522125244,
      0.6124420166015625,
      0.5833780765533447,
      0.6901376843452454,
      0.8211432099342346,
      0.6169122457504272,
      0.44188356399536133,
      0.4668136537075043,
      0.4558945894241333,
      0.6696124076843262,
      0.5358504056930542,
      0.6071018576622009,
      0.4547915458679199,
      0.6361156702041626,
      0.35596585273742676
    ],
    "mean": 0.5895097747445106,
    "min": 0.35596585273742676
  },
  "topic_drift": {
    "per_turn": [
      0.7509898543357849,
      0.7601858973503113,
      0.5484965443611145,
      0.5346006155014038,
      0.43872085213661194,
      0.7274940013885498,
      0.48943817615509033,
      0.5493645071983337,
      0.437313437461853,
      0.6182427406311035,
      0.6253132820129395,
      0.6359355449676514,
      0.15636369585990906,
      0.6737771034240723,
      0.07127386331558228,
      0.06837941706180573,
      0.031467534601688385,
      -0.052360303699970245,
      0.11760219931602478,
      0.1843644380569458,
      0.5997682809829712
    ],
    "mean": 0.42698722297237035,
    "min": -0.052360303699970245,
    "drift_slope": -0.028354816922506725
  },
  "sentiment": {
    "per_turn": [
      0.6369,
      0.8345,
      0.983,
      0.8934,
      0.9062,
      0.7962,
      0.8397,
      -0.09,
      0.9356,
      0.9661,
      0.8707,
      0.9477,
      0.7488,
      0.7334,
      0.7579,
      0.9467,
      0.9209,
      0.4767,
      0.9001,
      0.4759,
      0.9643
    ],
    "by_speaker": {
      "Lyra": [
        0.6369,
        0.983,
        0.9062,
        0.8397,
        0.9356,
        0.8707,
        0.7488,
        0.7579,
        0.9209,
        0.9001,
        0.9643
      ],
      "Cipher": [
        0.8345,
        0.8934,
        0.7962,
        -0.09,
        0.9661,
        0.9477,
        0.7334,
        0.9467,
        0.4767,
        0.4759
      ]
    },
    "mean": 0.7830809523809522,
    "slope": -0.0012231168831168847,
    "volatility": 0.24233956031636902
  },
  "diversity": {
    "by_speaker": {
      "Lyra": {
        "semantic_diversity": 0.6755563616752625,
        "ttr": 0.4371327849588719
      },
      "Cipher": {
        "semantic_diversity": 0.6202403903007507,
        "ttr": 0.48392554991539766
      }
    },
    "global_ttr": 0.34674063800277394
  }
}