{
  "condition_id": "crossiso__cipher-persona__t00__r01",
  "topic": "AI will eliminate more jobs than it creates within the next decade",
  "turn_count": 21,
  "persona": {
    "by_speaker": {
      "Lyra": {
        "mean": 0.26002282168436835,
        "per_turn": [
          0.2699357943298756,
          0.2541210419413936,
          0.2186100173903834,
          0.20736664640678723,
          0.23015070898883885,
          0.21052776850157393,
          0.21435371469019934,
          0.23679635075908692,
          0.22489382819432177,
          0.26927298832896146,
          0.5242221789966303
        ]
      },
      "Cipher": {
        "mean": 0.7648868527341823,
        "per_turn": [
          0.7386714043341926,
          0.795316011629212,
          0.7339340504765514,
          0.7754512523420142,
          0.752375687353688,
          0.8153352969103225,
          0.7646081737325647,
          0.7644170230812257,
          0.7696767626956986,
          0.7390828647863535
        ]
      }
    },
    "discrimination": {
      "Lyra": {
        "own_mean": 0.26,
        "cross_mean": 0.74,
        "gap": -0.48
      },
      "Cipher": {
        "own_mean": 0.7649,
        "cross_mean": 0.2351,
        "gap": 0.5298
      }
    }
  },
  "coherence": {
    "per_turn": [
      null,
      0.7963141202926636,
      0.78570556640625,
      0.7466000318527222,
      0.7440363764762878,
      0.6687911748886108,
      0.43423888087272644,
      0.603546142578125,
      0.7585393190383911,
      0.4775613844394684,
      0.672029972076416,
      0.699444055557251,
      0.4737738370895386,
      0.4151976406574249,
      0.8723642230033875,
      0.7642942070960999,
      0.6800680160522461,
      0.567426323890686,
      0.7248421311378479,
      0.7981462478637695,
      0.8089749813079834
    ],
    "mean": 0.6745947316288948,
    "min": 0.4151976406574249
  },
  "topic_drift": {
    "per_turn": [
      0.7621891498565674,
      0.6965512037277222,
      0.7401866316795349,
      0.7008953094482422,
      0.6406886577606201,
      0.5151039361953735,
      0.4939795434474945,
      0.5825084447860718,
      0.6746466755867004,
      0.23090384900569916,
      0.33858680725097656,
      0.32670629024505615,
      0.16749989986419678,
      0.5097217559814453,
      0.5146819353103638,
      0.5584357976913452,
      0.4794803857803345,
      0.6741288900375366,
      0.4939259886741638,
      0.6276313066482544,
      0.5924211740493774
    ],
    "mean": 0.539089220620337,
    "min": 0.16749989986419678,
    "drift_slope": -0.008155897201655755
  },
  "sentiment": {
    "per_turn": [
      0.5647,
      0.7964,
      0.5499,
      0.8968,
      0.9141,
      0.6059,
      0.749,
      -0.3895,
      0.7665,
      0.8968,
      0.8336,
      0.771,
      0.5883,
      0.5719,
      0.8605,
      0.9287,
      0.85,
      0.93,
      0.8845,
      0.9582,
      0.8748
    ],
    "by_speaker": {
      "Lyra": [
        0.5647,
        0.5499,
        0.9141,
        0.749,
        0.7665,
        0.8336,
        0.5883,
        0.8605,
        0.85,
        0.8845,
        0.8748
      ],
      "Cipher": [
        0.7964,
        0.8968,
        0.6059,
        -0.3895,
        0.8968,
        0.771,
        0.5719,
        0.9287,
        0.93,
        0.9582
      ]
    },
    "mean": 0.7334333333333333,
    "slope": 0.014991948051948048,
    "volatility": 0.28361157598332626
  },
  "diversity": {
    "by_speaker": {
      "Lyra": {
        "semantic_diversity": 0.5389597415924072,
        "ttr": 0.40831556503198296
      },
      "Cipher": {
        "semantic_diversity": 0.502598226070404,
        "ttr": 0.43731778425655976
      }
    },
    "global_ttr": 0.3103448275862069
  }
}