{
  "condition_id": "crossiso__cipher-persona__t07__r01",
  "topic": "Meaningful climate action and sustained economic growth are fundamentally incompatible",
  "turn_count": 21,
  "persona": {
    "by_speaker": {
      "Lyra": {
        "mean": 0.26938256082811723,
        "per_turn": [
          0.23776790766474973,
          0.22723112529675188,
          0.21443730589568946,
          0.26483728811412555,
          0.22167869272685126,
          0.26044254706594405,
          0.29537187131564413,
          0.3267647239251838,
          0.28595029494106283,
          0.27387193566700074,
          0.35485447649628615
        ]
      },
      "Cipher": {
        "mean": 0.7327761834963251,
        "per_turn": [
          0.7635974538800681,
          0.7746185699322143,
          0.7521361869914884,
          0.7528934752369141,
          0.7801066949829916,
          0.7331925624169968,
          0.6472317943663459,
          0.7221427437265064,
          0.7016968027054402,
          0.7001455507242849
        ]
      }
    },
    "discrimination": {
      "Lyra": {
        "own_mean": 0.2694,
        "cross_mean": 0.7306,
        "gap": -0.4612
      },
      "Cipher": {
        "own_mean": 0.7328,
        "cross_mean": 0.2672,
        "gap": 0.4656
      }
    }
  },
  "coherence": {
    "per_turn": [
      null,
      0.6203621625900269,
      0.7106234431266785,
      0.6281846761703491,
      0.6891615390777588,
      0.564693033695221,
      0.5242464542388916,
      0.6427111625671387,
      0.5496898293495178,
      0.60486900806427,
      0.8087580800056458,
      0.7694886922836304,
      0.5725311040878296,
      0.5875996351242065,
      0.5925748348236084,
      0.4959332048892975,
      0.7211975455284119,
      0.5765203237533569,
      0.5533578395843506,
      0.7857444286346436,
      0.5838447213172913
    ],
    "mean": 0.6291045859456063,
    "min": 0.4959332048892975
  },
  "topic_drift": {
    "per_turn": [
      0.6874644756317139,
      0.737508237361908,
      0.5862075686454773,
      0.5864840149879456,
      0.4918075203895569,
      0.5484483242034912,
      0.32016196846961975,
      0.311490923166275,
      0.4587542414665222,
      0.7782975435256958,
      0.6154824495315552,
      0.613653302192688,
      0.21247047185897827,
      0.08161694556474686,
      0.07115168869495392,
      0.5969837307929993,
      0.629085898399353,
      0.307865172624588,
      0.2217528522014618,
      0.08335885405540466,
      0.0036883894354104996
    ],
    "mean": 0.42589212253334974,
    "min": 0.0036883894354104996,
    "drift_slope": -0.024503379832808085
  },
  "sentiment": {
    "per_turn": [
      0.6187,
      0.836,
      0.8783,
      0.4854,
      -0.5927,
      -0.0516,
      -0.2263,
      0.9032,
      0.4733,
      0.8922,
      0.9404,
      0.9494,
      0.9505,
      0.9393,
      0.7093,
      0.9517,
      0.8881,
      0.8176,
      0.8869,
      0.9446,
      0.9552
    ],
    "by_speaker": {
      "Lyra": [
        0.6187,
        0.8783,
        -0.5927,
        -0.2263,
        0.4733,
        0.9404,
        0.9505,
        0.7093,
        0.8881,
        0.8869,
        0.9552
      ],
      "Cipher": [
        0.836,
        0.4854,
        -0.0516,
        0.9032,
        0.8922,
        0.9494,
        0.9393,
        0.9517,
        0.8176,
        0.9446
      ]
    },
    "mean": 0.6737857142857143,
    "slope": 0.03311714285714286,
    "volatility": 0.42676502432415264
  },
  "diversity": {
    "by_speaker": {
      "Lyra": {
        "semantic_diversity": 0.6391373872756958,
        "ttr": 0.40071343638525564
      },
      "Cipher": {
        "semantic_diversity": 0.5671817064285278,
        "ttr": 0.424390243902439
      }
    },
    "global_ttr": 0.31387362637362637
  }
}