{
  "condition_id": "crossiso__cipher-persona__t00__r03",
  "topic": "AI will eliminate more jobs than it creates within the next decade",
  "turn_count": 21,
  "persona": {
    "by_speaker": {
      "Lyra": {
        "mean": 0.2517612429406931,
        "per_turn": [
          0.2350017124493736,
          0.23725714890023292,
          0.23554446011982844,
          0.18767114561120946,
          0.1812694378152329,
          0.16014004284800692,
          0.20272350172456993,
          0.29293332425905355,
          0.24274557505626515,
          0.25834711607029587,
          0.5357402074935556
        ]
      },
      "Cipher": {
        "mean": 0.7779958885390599,
        "per_turn": [
          0.76439297747875,
          0.7655382692132665,
          0.7956709035543388,
          0.8015725821618216,
          0.8283666705043324,
          0.7994821849178912,
          0.7229484832015174,
          0.7976439375798898,
          0.7792225277932867,
          0.7251203489855045
        ]
      }
    },
    "discrimination": {
      "Lyra": {
        "own_mean": 0.2518,
        "cross_mean": 0.7482,
        "gap": -0.4965
      },
      "Cipher": {
        "own_mean": 0.778,
        "cross_mean": 0.222,
        "gap": 0.556
      }
    }
  },
  "coherence": {
    "per_turn": [
      null,
      0.7281278371810913,
      0.5152099132537842,
      0.6266850233078003,
      0.5294826030731201,
      0.5505805015563965,
      0.6387836337089539,
      0.5409481525421143,
      0.5329384803771973,
      0.5781840682029724,
      0.7300456762313843,
      0.7590332627296448,
      0.6854798793792725,
      0.5153071880340576,
      0.7039186954498291,
      0.5920904874801636,
      0.5550417900085449,
      0.38810425996780396,
      0.6761078834533691,
      0.4514310657978058,
      0.13395129144191742
    ],
    "mean": 0.5715725846588612,
    "min": 0.13395129144191742
  },
  "topic_drift": {
    "per_turn": [
      0.8052080869674683,
      0.6787501573562622,
      0.6565085649490356,
      0.6266047954559326,
      0.34056171774864197,
      0.3990156054496765,
      0.5351377129554749,
      0.260592520236969,
      0.29217061400413513,
      0.46534934639930725,
      0.3867931067943573,
      0.35273438692092896,
      0.3546574115753174,
      0.22042666375637054,
      0.1420065015554428,
      0.17629210650920868,
      0.16431130468845367,
      0.42524826526641846,
      0.4030352234840393,
      0.1488848328590393,
      0.44062820076942444
    ],
    "mean": 0.39404367265247164,
    "min": 0.1420065015554428,
    "drift_slope": -0.020394354516809644
  },
  "sentiment": {
    "per_turn": [
      -0.8086,
      0.6705,
      0.9122,
      -0.3453,
      0.9626,
      0.7964,
      0.9493,
      0.792,
      0.5994,
      0.9062,
      0.85,
      0.8537,
      0.3612,
      0.9186,
      0.8957,
      0.895,
      0.8402,
      0.4939,
      0.9175,
      0.6059,
      0.9432
    ],
    "by_speaker": {
      "Lyra": [
        -0.8086,
        0.9122,
        0.9626,
        0.9493,
        0.5994,
        0.85,
        0.3612,
        0.8957,
        0.8402,
        0.9175,
        0.9432
      ],
      "Cipher": [
        0.6705,
        -0.3453,
        0.7964,
        0.792,
        0.9062,
        0.8537,
        0.9186,
        0.895,
        0.4939,
        0.6059
      ]
    },
    "mean": 0.6671238095238095,
    "slope": 0.028894155844155864,
    "volatility": 0.439463501821376
  },
  "diversity": {
    "by_speaker": {
      "Lyra": {
        "semantic_diversity": 0.6540468335151672,
        "ttr": 0.45552884615384615
      },
      "Cipher": {
        "semantic_diversity": 0.6470828056335449,
        "ttr": 0.518578352180937
      }
    },
    "global_ttr": 0.3694004135079256
  }
}