{
  "condition_id": "crossiso__cipher-persona__t02__r01",
  "topic": "Universal basic income would reduce workforce participation and innovation over time",
  "turn_count": 21,
  "persona": {
    "by_speaker": {
      "Lyra": {
        "mean": 0.2380837100539347,
        "per_turn": [
          0.22062940775407117,
          0.19076345511337162,
          0.20611176092439376,
          0.25248776878031753,
          0.2390778839012241,
          0.18254293901030644,
          0.30238910130309415,
          0.22814618306526208,
          0.219680922293447,
          0.22956692396645859,
          0.347524464481335
        ]
      },
      "Cipher": {
        "mean": 0.6793993981491804,
        "per_turn": [
          0.750552667983211,
          0.8454492503141557,
          0.751584889979694,
          0.5637577250383772,
          0.8051909894136365,
          0.5225180712994605,
          0.750576515356788,
          0.5442930569305451,
          0.7655030057170413,
          0.494567809458894
        ]
      }
    },
    "discrimination": {
      "Lyra": {
        "own_mean": 0.2381,
        "cross_mean": 0.7619,
        "gap": -0.5238
      },
      "Cipher": {
        "own_mean": 0.6794,
        "cross_mean": 0.3206,
        "gap": 0.3588
      }
    }
  },
  "coherence": {
    "per_turn": [
      null,
      0.3918476700782776,
      0.6942433714866638,
      0.6256380081176758,
      0.8249661922454834,
      0.6695729494094849,
      0.8052586913108826,
      0.6920515894889832,
      0.7342708110809326,
      0.5154062509536743,
      0.7901440262794495,
      0.7151680588722229,
      0.6693200469017029,
      0.8002711534500122,
      0.7226877212524414,
      0.5778820514678955,
      0.5949617624282837,
      0.7598235607147217,
      0.8052285313606262,
      0.7371065020561218,
      0.037829235196113586
    ],
    "mean": 0.6581839092075825,
    "min": 0.037829235196113586
  },
  "topic_drift": {
    "per_turn": [
      0.6649324893951416,
      0.6296842098236084,
      0.6181450486183167,
      0.7719478011131287,
      0.6549395322799683,
      0.6642195582389832,
      0.7087464332580566,
      0.7379493713378906,
      0.48833057284355164,
      0.6136993765830994,
      0.6125144958496094,
      0.5562037229537964,
      0.41832834482192993,
      0.5884292125701904,
      0.5045872926712036,
      0.4591749310493469,
      0.5183812975883484,
      0.6043974161148071,
      0.5823822021484375,
      0.6023542881011963,
      -0.007343580946326256
    ],
    "mean": 0.5710478103054422,
    "min": -0.007343580946326256,
    "drift_slope": -0.015240201504006025
  },
  "sentiment": {
    "per_turn": [
      0.8573,
      0.8316,
      0.5881,
      0.906,
      0.9377,
      0.8045,
      0.8196,
      0.9455,
      0.9413,
      -0.3919,
      0.7094,
      0.7783,
      0.9542,
      0.5719,
      0.8176,
      0.4215,
      0.4404,
      -0.5931,
      0.6124,
      0.775,
      0.9432
    ],
    "by_speaker": {
      "Lyra": [
        0.8573,
        0.5881,
        0.9377,
        0.8196,
        0.9413,
        0.7094,
        0.9542,
        0.8176,
        0.4404,
        0.6124,
        0.9432
      ],
      "Cipher": [
        0.8316,
        0.906,
        0.8045,
        0.9455,
        -0.3919,
        0.7783,
        0.5719,
        0.4215,
        -0.5931,
        0.775
      ]
    },
    "mean": 0.6509761904761905,
    "slope": -0.019196493506493502,
    "volatility": 0.4041216211379958
  },
  "diversity": {
    "by_speaker": {
      "Lyra": {
        "semantic_diversity": 0.5722087621688843,
        "ttr": 0.4232558139534884
      },
      "Cipher": {
        "semantic_diversity": 0.4397466778755188,
        "ttr": 0.4704918032786885
      }
    },
    "global_ttr": 0.3326530612244898
  }
}