{
  "condition_id": "crossiso__cipher-persona__t02__r03",
  "topic": "Universal basic income would reduce workforce participation and innovation over time",
  "turn_count": 21,
  "persona": {
    "by_speaker": {
      "Lyra": {
        "mean": 0.26007584914236664,
        "per_turn": [
          0.2055324896391978,
          0.2500802242664543,
          0.2668663536413504,
          0.21115883411339686,
          0.22671611839676972,
          0.33676236108099344,
          0.16946534713332762,
          0.1889885300316809,
          0.214019662143376,
          0.2469046467515512,
          0.5443397733679347
        ]
      },
      "Cipher": {
        "mean": 0.7761917870478731,
        "per_turn": [
          0.7889805229071344,
          0.7663595715465139,
          0.7399032094028665,
          0.8203844597979415,
          0.7529360619179621,
          0.7715539270794145,
          0.8074374345187534,
          0.7905998822871287,
          0.7743534467577646,
          0.7494093542632504
        ]
      }
    },
    "discrimination": {
      "Lyra": {
        "own_mean": 0.2601,
        "cross_mean": 0.7399,
        "gap": -0.4798
      },
      "Cipher": {
        "own_mean": 0.7762,
        "cross_mean": 0.2238,
        "gap": 0.5524
      }
    }
  },
  "coherence": {
    "per_turn": [
      null,
      0.6534639596939087,
      0.5091544389724731,
      0.643399715423584,
      0.7149337530136108,
      0.5605086088180542,
      0.6089892387390137,
      0.639155924320221,
      0.5400887131690979,
      0.6164710521697998,
      0.5259146690368652,
      0.4402931332588196,
      0.7485089302062988,
      0.8469066619873047,
      0.7155709862709045,
      0.584989607334137,
      0.6481735706329346,
      0.5148603320121765,
      0.756532609462738,
      0.4129895567893982,
      0.6990178823471069
    ],
    "mean": 0.6189961671829224,
    "min": 0.4129895567893982
  },
  "topic_drift": {
    "per_turn": [
      0.6691213250160217,
      0.8623703122138977,
      0.45483797788619995,
      0.5056449770927429,
      0.38599368929862976,
      0.4440385401248932,
      0.6637025475502014,
      0.6179806590080261,
      0.5174541473388672,
      0.5785020589828491,
      0.3421894907951355,
      0.7134149670600891,
      0.6568307876586914,
      0.6871411800384521,
      0.6622563004493713,
      0.208238422870636,
      0.5892429351806641,
      0.1871744841337204,
      0.1790616810321808,
      0.6972302198410034,
      0.5146671533584595
    ],
    "mean": 0.5303378027109873,
    "min": 0.1790616810321808,
    "drift_slope": -0.008844738598767821
  },
  "sentiment": {
    "per_turn": [
      0.5023,
      0.9552,
      0.7383,
      0.9515,
      0.9524,
      0.9424,
      0.965,
      0.9796,
      0.8756,
      0.8545,
      0.9195,
      0.8555,
      -0.3911,
      0.8074,
      0.9335,
      0.4678,
      0.923,
      0.101,
      0.296,
      0.8885,
      0.9231
    ],
    "by_speaker": {
      "Lyra": [
        0.5023,
        0.7383,
        0.9524,
        0.965,
        0.8756,
        0.9195,
        -0.3911,
        0.9335,
        0.923,
        0.296,
        0.9231
      ],
      "Cipher": [
        0.9552,
        0.9515,
        0.9424,
        0.9796,
        0.8545,
        0.8555,
        0.8074,
        0.4678,
        0.101,
        0.8885
      ]
    },
    "mean": 0.7352857142857143,
    "slope": -0.015076103896103893,
    "volatility": 0.3456009580091912
  },
  "diversity": {
    "by_speaker": {
      "Lyra": {
        "semantic_diversity": 0.607657790184021,
        "ttr": 0.42161520190023755
      },
      "Cipher": {
        "semantic_diversity": 0.5582051277160645,
        "ttr": 0.4522691705790297
      }
    },
    "global_ttr": 0.32545577312626606
  }
}