{
  "condition_id": "crossiso__lyra-persona__t03__r02",
  "topic": "The resources spent on space exploration would produce greater good if redirected to Earth's problems",
  "turn_count": 21,
  "persona": {
    "by_speaker": {
      "Lyra": {
        "mean": 0.6495973108761633,
        "per_turn": [
          0.7970863747097703,
          0.8095312916989401,
          0.7779225271441896,
          0.5446487557679842,
          0.5227229682851471,
          0.8102081793500074,
          0.5372145988857073,
          0.5579951234413194,
          0.6078296029482277,
          0.5326363005157391,
          0.6477746968907647
        ]
      },
      "Cipher": {
        "mean": 0.7022431148776211,
        "per_turn": [
          0.7051040477977464,
          0.7702862525771746,
          0.72741133762717,
          0.7305691402561421,
          0.7061147754009778,
          0.659638520200868,
          0.6731864068850584,
          0.6777432540365271,
          0.6509022480022443,
          0.7214751659923035
        ]
      }
    },
    "discrimination": {
      "Lyra": {
        "own_mean": 0.6496,
        "cross_mean": 0.3504,
        "gap": 0.2992
      },
      "Cipher": {
        "own_mean": 0.7022,
        "cross_mean": 0.2978,
        "gap": 0.4045
      }
    }
  },
  "coherence": {
    "per_turn": [
      null,
      0.5081841945648193,
      0.5707725286483765,
      0.7605562806129456,
      0.6339600086212158,
      0.6104230880737305,
      0.7081097364425659,
      0.7794740200042725,
      0.6189345121383667,
      0.6107962131500244,
      0.703220784664154,
      0.7372994422912598,
      0.7101836800575256,
      0.551051139831543,
      0.6986019611358643,
      0.8311842679977417,
      0.6157689094543457,
      0.6912499666213989,
      0.7335854768753052,
      0.6314966678619385,
      0.050633981823921204
    ],
    "mean": 0.6377743430435657,
    "min": 0.050633981823921204
  },
  "topic_drift": {
    "per_turn": [
      0.4776530861854553,
      0.7232920527458191,
      0.48766767978668213,
      0.45427271723747253,
      0.6245203018188477,
      0.6309540271759033,
      0.5126827955245972,
      0.4840514063835144,
      0.5112410187721252,
      0.594817042350769,
      0.5265541076660156,
      0.6128187775611877,
      0.46318674087524414,
      0.3035808205604553,
      0.20109620690345764,
      0.1786419004201889,
      0.19117853045463562,
      0.4278625249862671,
      0.40135228633880615,
      0.18147075176239014,
      -0.018277276307344437
    ],
    "mean": 0.42717226186678525,
    "min": -0.018277276307344437,
    "drift_slope": -0.02264748833976783
  },
  "sentiment": {
    "per_turn": [
      0.7635,
      0.4118,
      0.9437,
      0.887,
      0.4748,
      0.765,
      0.793,
      0.2382,
      0.9432,
      -0.2263,
      0.8857,
      0.9636,
      0.742,
      0.9428,
      0.9136,
      0.3071,
      0.7429,
      0.8934,
      0.9217,
      0.7845,
      0.9682
    ],
    "by_speaker": {
      "Lyra": [
        0.7635,
        0.9437,
        0.4748,
        0.793,
        0.9432,
        0.8857,
        0.742,
        0.9136,
        0.7429,
        0.9217,
        0.9682
      ],
      "Cipher": [
        0.4118,
        0.887,
        0.765,
        0.2382,
        -0.2263,
        0.9636,
        0.9428,
        0.3071,
        0.8934,
        0.7845
      ]
    },
    "mean": 0.7171142857142856,
    "slope": 0.010354415584415586,
    "volatility": 0.30090914035352817
  },
  "diversity": {
    "by_speaker": {
      "Lyra": {
        "semantic_diversity": 0.6337066888809204,
        "ttr": 0.41982864137086906
      },
      "Cipher": {
        "semantic_diversity": 0.5391947627067566,
        "ttr": 0.42338072669826227
      }
    },
    "global_ttr": 0.3158620689655172
  }
}