{
  "condition_id": "crossiso__lyra-persona__t00__r03",
  "topic": "AI will eliminate more jobs than it creates within the next decade",
  "turn_count": 21,
  "persona": {
    "by_speaker": {
      "Lyra": {
        "mean": 0.7009288563000358,
        "per_turn": [
          0.763150827720876,
          0.7499281821648962,
          0.7603296574657322,
          0.7169370092673513,
          0.7606450350058158,
          0.473567170695542,
          0.6937474132144976,
          0.7438985181491445,
          0.735956735649027,
          0.7462822311306099,
          0.5657746388369007
        ]
      },
      "Cipher": {
        "mean": 0.7636546164223347,
        "per_turn": [
          0.7749159290880749,
          0.7842343182343461,
          0.7339704470274154,
          0.7544273021590648,
          0.7544332616117324,
          0.7717184395154197,
          0.8022862847677236,
          0.7881509858056579,
          0.7479134367387579,
          0.724495759275154
        ]
      }
    },
    "discrimination": {
      "Lyra": {
        "own_mean": 0.7009,
        "cross_mean": 0.2991,
        "gap": 0.4019
      },
      "Cipher": {
        "own_mean": 0.7637,
        "cross_mean": 0.2363,
        "gap": 0.5273
      }
    }
  },
  "coherence": {
    "per_turn": [
      null,
      0.7913083434104919,
      0.7789509296417236,
      0.6691367626190186,
      0.5490391254425049,
      0.5202426314353943,
      0.6404692530632019,
      0.7697455883026123,
      0.6632270812988281,
      0.6154134273529053,
      0.7278686165809631,
      0.6862193942070007,
      0.713038980960846,
      0.82159423828125,
      0.6715489029884338,
      0.6650469303131104,
      0.6656214594841003,
      0.7028616666793823,
      0.7723226547241211,
      0.6171246767044067,
      0.06470474600791931
    ],
    "mean": 0.6552742704749107,
    "min": 0.06470474600791931
  },
  "topic_drift": {
    "per_turn": [
      0.8244853019714355,
      0.740466833114624,
      0.6672830581665039,
      0.6332228779792786,
      0.4354415237903595,
      0.36806944012641907,
      0.5929003953933716,
      0.5411021709442139,
      0.3651087284088135,
      0.5868754386901855,
      0.5965029001235962,
      0.5989065170288086,
      0.6590753793716431,
      0.5614488124847412,
      0.56867516040802,
      0.37754935026168823,
      0.46544063091278076,
      0.38552385568618774,
      0.3546871840953827,
      0.19399864971637726,
      0.2547910809516907
    ],
    "mean": 0.5129312042679105,
    "min": 0.19399864971637726,
    "drift_slope": -0.018257556429931106
  },
  "sentiment": {
    "per_turn": [
      0.6887,
      0.9386,
      0.6635,
      0.2732,
      0.8926,
      0.85,
      0.1625,
      0.7033,
      0.6573,
      0.8885,
      0.9584,
      0.8268,
      0.8856,
      0.9001,
      0.9035,
      0.8617,
      0.9133,
      0.7003,
      0.5688,
      0.8555,
      0.9122
    ],
    "by_speaker": {
      "Lyra": [
        0.6887,
        0.6635,
        0.8926,
        0.1625,
        0.6573,
        0.9584,
        0.8856,
        0.9035,
        0.9133,
        0.5688,
        0.9122
      ],
      "Cipher": [
        0.9386,
        0.2732,
        0.85,
        0.7033,
        0.8885,
        0.8268,
        0.9001,
        0.8617,
        0.7003,
        0.8555
      ]
    },
    "mean": 0.7621142857142855,
    "slope": 0.010196363636363623,
    "volatility": 0.2072735167557576
  },
  "diversity": {
    "by_speaker": {
      "Lyra": {
        "semantic_diversity": 0.5290699601173401,
        "ttr": 0.4193121693121693
      },
      "Cipher": {
        "semantic_diversity": 0.5331603288650513,
        "ttr": 0.466996699669967
      }
    },
    "global_ttr": 0.3443465491923642
  }
}