{
  "condition_id": "crossiso__baseline__t03__r02",
  "topic": "The resources spent on space exploration would produce greater good if redirected to Earth's problems",
  "turn_count": 21,
  "persona": {
    "by_speaker": {
      "Lyra": {
        "mean": 0.5540987903088485,
        "per_turn": [
          0.5762670388485062,
          0.5227430473308625,
          0.5077559155450029,
          0.536969325501339,
          0.5681627523145161,
          0.5336088760680897,
          0.5428727075095887,
          0.5644148445410089,
          0.5366463776487433,
          0.5602348017182972,
          0.6454110063713794
        ]
      },
      "Cipher": {
        "mean": 0.7194122357107945,
        "per_turn": [
          0.7432170545024398,
          0.7373977984798025,
          0.7190040133635804,
          0.7171403092444543,
          0.7171360724986777,
          0.7287791317415195,
          0.703767008115525,
          0.710417948854607,
          0.7094454931115073,
          0.707817527195832
        ]
      }
    },
    "discrimination": {
      "Lyra": {
        "own_mean": 0.5541,
        "cross_mean": 0.4459,
        "gap": 0.1082
      },
      "Cipher": {
        "own_mean": 0.7194,
        "cross_mean": 0.2806,
        "gap": 0.4388
      }
    }
  },
  "coherence": {
    "per_turn": [
      null,
      0.6354520320892334,
      0.7029716372489929,
      0.7405332922935486,
      0.8624487519264221,
      0.7380876541137695,
      0.9015525579452515,
      0.6724234819412231,
      0.7041295170783997,
      0.6026498675346375,
      0.7663754224777222,
      0.8270108103752136,
      0.7771559953689575,
      0.8161668181419373,
      0.774962306022644,
      0.7616748809814453,
      0.7465873956680298,
      0.8729401230812073,
      0.892407238483429,
      0.7543553113937378,
      0.5031592845916748
    ],
    "mean": 0.7526522189378738,
    "min": 0.5031592845916748
  },
  "topic_drift": {
    "per_turn": [
      0.7112290859222412,
      0.7769771218299866,
      0.6897560358047485,
      0.643480658531189,
      0.6500561237335205,
      0.757099986076355,
      0.7320283651351929,
      0.5597260594367981,
      0.5460120439529419,
      0.725117564201355,
      0.6392731666564941,
      0.6278660297393799,
      0.5948296785354614,
      0.5664814114570618,
      0.5281298160552979,
      0.5463175773620605,
      0.46018481254577637,
      0.4030230641365051,
      0.3201238512992859,
      0.441360205411911,
      0.27782076597213745
    ],
    "mean": 0.5808044487521762,
    "min": 0.27782076597213745,
    "drift_slope": -0.01945841610431669
  },
  "sentiment": {
    "per_turn": [
      0.9325,
      0.8834,
      0.9093,
      0.9403,
      0.8958,
      0.8833,
      0.9552,
      0.7899,
      0.9593,
      0.8885,
      0.9815,
      0.9313,
      0.9622,
      0.8878,
      0.9724,
      0.9678,
      0.9816,
      0.9643,
      0.9888,
      0.9682,
      0.9834
    ],
    "by_speaker": {
      "Lyra": [
        0.9325,
        0.9093,
        0.8958,
        0.9552,
        0.9593,
        0.9815,
        0.9622,
        0.9724,
        0.9816,
        0.9888,
        0.9834
      ],
      "Cipher": [
        0.8834,
        0.9403,
        0.8833,
        0.7899,
        0.8885,
        0.9313,
        0.8878,
        0.9678,
        0.9643,
        0.9682
      ]
    },
    "mean": 0.934609523809524,
    "slope": 0.004447532467532484,
    "volatility": 0.048189120534291564
  },
  "diversity": {
    "by_speaker": {
      "Lyra": {
        "semantic_diversity": 0.4022059738636017,
        "ttr": 0.3782771535580524
      },
      "Cipher": {
        "semantic_diversity": 0.3640327453613281,
        "ttr": 0.39880952380952384
      }
    },
    "global_ttr": 0.2908045977011494
  }
}