{
  "condition_id": "crossiso__cipher-persona__t04__r03",
  "topic": "Strong government regulation of AI development will cause more harm than good",
  "turn_count": 21,
  "persona": {
    "by_speaker": {
      "Lyra": {
        "mean": 0.2550975835967917,
        "per_turn": [
          0.19053413001179514,
          0.17983112923165478,
          0.18275666268604324,
          0.20847580953745493,
          0.18473483869987542,
          0.1883110791907004,
          0.24498563456580957,
          0.2591312552571751,
          0.2915126151575813,
          0.37042068436825804,
          0.5053795808583604
        ]
      },
      "Cipher": {
        "mean": 0.7802044702970621,
        "per_turn": [
          0.8091701821057764,
          0.8412687578042526,
          0.8418432695404532,
          0.8167588780864079,
          0.8600516471717259,
          0.7725802849920396,
          0.7914834661504309,
          0.7067940861119477,
          0.6727765926831056,
          0.6893175383244814
        ]
      }
    },
    "discrimination": {
      "Lyra": {
        "own_mean": 0.2551,
        "cross_mean": 0.7449,
        "gap": -0.4898
      },
      "Cipher": {
        "own_mean": 0.7802,
        "cross_mean": 0.2198,
        "gap": 0.5604
      }
    }
  },
  "coherence": {
    "per_turn": [
      null,
      0.835383951663971,
      0.7514793872833252,
      0.670608639717102,
      0.7634588479995728,
      0.6280211210250854,
      0.6133971810340881,
      0.597805380821228,
      0.8118063807487488,
      0.6806036829948425,
      0.6315026879310608,
      0.5087557435035706,
      0.74681556224823,
      0.665806770324707,
      0.7767476439476013,
      0.7209324836730957,
      0.6298820972442627,
      0.7858264446258545,
      0.818630039691925,
      0.6433898210525513,
      0.2979605495929718
    ],
    "mean": 0.6789407208561897,
    "min": 0.2979605495929718
  },
  "topic_drift": {
    "per_turn": [
      0.909855842590332,
      0.8295238018035889,
      0.7174122333526611,
      0.6750836372375488,
      0.7510424852371216,
      0.5476956367492676,
      0.4260798692703247,
      0.708236038684845,
      0.6257272958755493,
      0.6275322437286377,
      0.6244508028030396,
      0.2922762632369995,
      0.3281233608722687,
      0.2718897759914398,
      0.3593766689300537,
      0.2926805019378662,
      0.3041622042655945,
      0.27550452947616577,
      0.21663475036621094,
      0.23367661237716675,
      0.5055330991744995
    ],
    "mean": 0.5010713168552944,
    "min": 0.21663475036621094,
    "drift_slope": -0.029443894229926076
  },
  "sentiment": {
    "per_turn": [
      0.8445,
      -0.8431,
      0.8717,
      0.8582,
      0.7661,
      0.9403,
      0.9481,
      0.6652,
      0.7884,
      0.4404,
      0.4118,
      0.9052,
      0.8825,
      0.9274,
      0.8708,
      0.8126,
      0.9209,
      0.6956,
      0.9802,
      0.9712,
      0.9595
    ],
    "by_speaker": {
      "Lyra": [
        0.8445,
        0.8717,
        0.7661,
        0.9481,
        0.7884,
        0.4118,
        0.8825,
        0.8708,
        0.9209,
        0.9802,
        0.9595
      ],
      "Cipher": [
        -0.8431,
        0.8582,
        0.9403,
        0.6652,
        0.4404,
        0.9052,
        0.9274,
        0.8126,
        0.6956,
        0.9712
      ]
    },
    "mean": 0.7436904761904761,
    "slope": 0.024193766233766227,
    "volatility": 0.3864858303381305
  },
  "diversity": {
    "by_speaker": {
      "Lyra": {
        "semantic_diversity": 0.5586657524108887,
        "ttr": 0.47783251231527096
      },
      "Cipher": {
        "semantic_diversity": 0.5618308186531067,
        "ttr": 0.5185185185185185
      }
    },
    "global_ttr": 0.3815068493150685
  }
}