{
  "condition_id": "crossiso__lyra-persona__t04__r01",
  "topic": "Strong government regulation of AI development will cause more harm than good",
  "turn_count": 21,
  "persona": {
    "by_speaker": {
      "Lyra": {
        "mean": 0.5453257961274128,
        "per_turn": [
          0.4414077168342186,
          0.6738031697192282,
          0.4089825846474858,
          0.4848723890926666,
          0.7357990580574987,
          0.49359719521562584,
          0.7228958443942595,
          0.39547721294217436,
          0.726289058265916,
          0.427953147650601,
          0.48750638058186585
        ]
      },
      "Cipher": {
        "mean": 0.7985269667752337,
        "per_turn": [
          0.8453833659712737,
          0.8423297811721642,
          0.7866166819152912,
          0.8184152030893272,
          0.7227954380459705,
          0.7575885392445111,
          0.7900062050280986,
          0.8244912369872955,
          0.7848305542066494,
          0.8128126620917558
        ]
      }
    },
    "discrimination": {
      "Lyra": {
        "own_mean": 0.5453,
        "cross_mean": 0.4547,
        "gap": 0.0907
      },
      "Cipher": {
        "own_mean": 0.7985,
        "cross_mean": 0.2015,
        "gap": 0.5971
      }
    }
  },
  "coherence": {
    "per_turn": [
      null,
      0.6933071613311768,
      0.8147543668746948,
      0.7807446718215942,
      0.7364178895950317,
      0.6632760167121887,
      0.648189127445221,
      0.5333133339881897,
      0.7727273106575012,
      0.5479233264923096,
      0.6433171033859253,
      0.7165500521659851,
      0.7537151575088501,
      0.7408738136291504,
      0.7576823234558105,
      0.6871912479400635,
      0.6739762425422668,
      0.6881734728813171,
      0.7202736139297485,
      0.8702496290206909,
      0.5308501720428467
    ],
    "mean": 0.6986753016710281,
    "min": 0.5308501720428467
  },
  "topic_drift": {
    "per_turn": [
      0.7642917633056641,
      0.7840794324874878,
      0.5584714412689209,
      0.5505349040031433,
      0.6105931401252747,
      0.6294591426849365,
      0.7001627683639526,
      0.5051802396774292,
      0.47274425625801086,
      0.25901100039482117,
      0.3332045078277588,
      0.3779268264770508,
      0.5938594341278076,
      0.434248149394989,
      0.5111162066459656,
      0.5021451711654663,
      0.5258845686912537,
      0.5346060991287231,
      0.7196559309959412,
      0.7086063623428345,
      0.559661328792572
    ],
    "mean": 0.554068698769524,
    "min": 0.25901100039482117,
    "drift_slope": -0.004286032876411032
  },
  "sentiment": {
    "per_turn": [
      0.8834,
      0.9503,
      0.9091,
      0.9231,
      0.9451,
      0.7935,
      0.8268,
      0.856,
      -0.0056,
      0.3246,
      0.7227,
      0.7453,
      0.7165,
      0.6353,
      0.0267,
      0.4215,
      0.937,
      0.9169,
      0.7718,
      0.9136,
      0.9531
    ],
    "by_speaker": {
      "Lyra": [
        0.8834,
        0.9091,
        0.9451,
        0.8268,
        -0.0056,
        0.7227,
        0.7165,
        0.0267,
        0.937,
        0.7718,
        0.9531
      ],
      "Cipher": [
        0.9503,
        0.9231,
        0.7935,
        0.856,
        0.3246,
        0.7453,
        0.6353,
        0.4215,
        0.9169,
        0.9136
      ]
    },
    "mean": 0.7222238095238095,
    "slope": -0.006079610389610384,
    "volatility": 0.2831298303988437
  },
  "diversity": {
    "by_speaker": {
      "Lyra": {
        "semantic_diversity": 0.47292622923851013,
        "ttr": 0.47801418439716314
      },
      "Cipher": {
        "semantic_diversity": 0.5189957022666931,
        "ttr": 0.49371633752244165
      }
    },
    "global_ttr": 0.37480190174326466
  }
}