{
  "condition_id": "crossiso__baseline__t07__r02",
  "topic": "Meaningful climate action and sustained economic growth are fundamentally incompatible",
  "turn_count": 21,
  "persona": {
    "by_speaker": {
      "Lyra": {
        "mean": 0.48335304862951295,
        "per_turn": [
          0.4873214317168567,
          0.4708923159006576,
          0.2400220866189533,
          0.49060236124141576,
          0.46628052620991,
          0.5011308714299145,
          0.49821043263908027,
          0.5019654904337332,
          0.5009987694623041,
          0.5847225304527108,
          0.5747367188191057
        ]
      },
      "Cipher": {
        "mean": 0.76301256682256,
        "per_turn": [
          0.782700764883401,
          0.7745936385693477,
          0.7511593705918961,
          0.7301176542465008,
          0.7421438814316705,
          0.7812690741352075,
          0.763292866485314,
          0.7821327482211399,
          0.7601861489911537,
          0.7625295206699696
        ]
      }
    },
    "discrimination": {
      "Lyra": {
        "own_mean": 0.4834,
        "cross_mean": 0.5166,
        "gap": -0.0333
      },
      "Cipher": {
        "own_mean": 0.763,
        "cross_mean": 0.237,
        "gap": 0.526
      }
    }
  },
  "coherence": {
    "per_turn": [
      null,
      0.752716064453125,
      0.8371707201004028,
      0.6500478982925415,
      0.8190116882324219,
      0.722704291343689,
      0.847614049911499,
      0.7453665733337402,
      0.819804847240448,
      0.4244650602340698,
      0.49624624848365784,
      0.47361674904823303,
      0.5584930181503296,
      0.5693193078041077,
      0.8338576555252075,
      0.6682868003845215,
      0.5287957787513733,
      0.7595455050468445,
      0.7085903286933899,
      0.5903260707855225,
      0.18490725755691528
    ],
    "mean": 0.649544295668602,
    "min": 0.18490725755691528
  },
  "topic_drift": {
    "per_turn": [
      0.7986599206924438,
      0.6891684532165527,
      0.5605424642562866,
      0.44951361417770386,
      0.4952643811702728,
      0.46955445408821106,
      0.5177299976348877,
      0.6160639524459839,
      0.63787841796875,
      0.2285471111536026,
      0.5958652496337891,
      0.25934451818466187,
      0.4991544485092163,
      0.24698178470134735,
      0.2787376940250397,
      0.3020192086696625,
      0.5548116564750671,
      0.5557593107223511,
      0.5047873258590698,
      0.27422618865966797,
      0.5181570649147034
    ],
    "mean": 0.47870320081710815,
    "min": 0.2285471111536026,
    "drift_slope": -0.011729985707766061
  },
  "sentiment": {
    "per_turn": [
      0.0041,
      -0.0258,
      0.9509,
      0.9257,
      0.891,
      -0.0772,
      0.8126,
      0.8968,
      0.6808,
      0.8541,
      -0.7346,
      0.4404,
      0.7769,
      0.6199,
      0.9348,
      0.4118,
      0.4678,
      0.2452,
      -0.3291,
      0.5927,
      0.9501
    ],
    "by_speaker": {
      "Lyra": [
        0.0041,
        0.9509,
        0.891,
        0.8126,
        0.6808,
        -0.7346,
        0.7769,
        0.9348,
        0.4678,
        -0.3291,
        0.9501
      ],
      "Cipher": [
        -0.0258,
        0.9257,
        -0.0772,
        0.8968,
        0.8541,
        0.4404,
        0.6199,
        0.4118,
        0.2452,
        0.5927
      ]
    },
    "mean": 0.48994761904761913,
    "slope": -0.0008241558441558457,
    "volatility": 0.4672256614151317
  },
  "diversity": {
    "by_speaker": {
      "Lyra": {
        "semantic_diversity": 0.4661979079246521,
        "ttr": 0.4162812210915819
      },
      "Cipher": {
        "semantic_diversity": 0.5980481505393982,
        "ttr": 0.4914196567862715
      }
    },
    "global_ttr": 0.351335656213705
  }
}