{
  "condition_id": "crossiso__lyra-persona__t02__r02",
  "topic": "Universal basic income would reduce workforce participation and innovation over time",
  "turn_count": 21,
  "persona": {
    "by_speaker": {
      "Lyra": {
        "mean": 0.6421836096197144,
        "per_turn": [
          0.7590294245053847,
          0.7325749212375692,
          0.6858950263202188,
          0.7188178496592331,
          0.46581227896382243,
          0.4603429252793412,
          0.7580149350300537,
          0.5591860008059986,
          0.7434771117367251,
          0.5211865112693588,
          0.6596827210091536
        ]
      },
      "Cipher": {
        "mean": 0.7744560056882304,
        "per_turn": [
          0.7822365239497169,
          0.7722979897589988,
          0.8086999314854347,
          0.796390198407612,
          0.7999266610315594,
          0.8098402166878738,
          0.7196377397521898,
          0.7413124502167746,
          0.7363212464614478,
          0.7778970991306966
        ]
      }
    },
    "discrimination": {
      "Lyra": {
        "own_mean": 0.6422,
        "cross_mean": 0.3578,
        "gap": 0.2844
      },
      "Cipher": {
        "own_mean": 0.7745,
        "cross_mean": 0.2255,
        "gap": 0.5489
      }
    }
  },
  "coherence": {
    "per_turn": [
      null,
      0.6173198223114014,
      0.7850237488746643,
      0.818976104259491,
      0.6891689300537109,
      0.7801550626754761,
      0.7615136504173279,
      0.7943013906478882,
      0.40087831020355225,
      0.575831413269043,
      0.6917105913162231,
      0.6852825880050659,
      0.5788953304290771,
      0.7797074317932129,
      0.589116096496582,
      0.7030123472213745,
      0.6298362016677856,
      0.7417334914207458,
      0.8147677183151245,
      0.7540313601493835,
      0.09281112998723984
    ],
    "mean": 0.6642036359757185,
    "min": 0.09281112998723984
  },
  "topic_drift": {
    "per_turn": [
      0.7285151481628418,
      0.7499291300773621,
      0.6032431721687317,
      0.6228352785110474,
      0.6742607355117798,
      0.7586346864700317,
      0.655195951461792,
      0.6961308717727661,
      0.2597917318344116,
      0.5293275713920593,
      0.2611858546733856,
      0.49184995889663696,
      0.6572061777114868,
      0.5650149583816528,
      0.26834172010421753,
      0.3185233771800995,
      0.561369001865387,
      0.6800143718719482,
      0.7138774394989014,
      0.7098972797393799,
      -0.054656174033880234
    ],
    "mean": 0.5452613449167638,
    "min": -0.054656174033880234,
    "drift_slope": -0.014244145996771854
  },
  "sentiment": {
    "per_turn": [
      0.7951,
      0.9117,
      0.9213,
      0.4939,
      0.9407,
      0.6997,
      0.9131,
      0.25,
      0.7346,
      0.9118,
      0.9514,
      0.4939,
      0.8548,
      0.8693,
      0.9151,
      0.8719,
      0.9507,
      0.9551,
      0.9476,
      0.875,
      0.9585
    ],
    "by_speaker": {
      "Lyra": [
        0.7951,
        0.9213,
        0.9407,
        0.9131,
        0.7346,
        0.9514,
        0.8548,
        0.9151,
        0.9507,
        0.9476,
        0.9585
      ],
      "Cipher": [
        0.9117,
        0.4939,
        0.6997,
        0.25,
        0.9118,
        0.4939,
        0.8693,
        0.8719,
        0.9551,
        0.875
      ]
    },
    "mean": 0.8197714285714287,
    "slope": 0.009547922077922068,
    "volatility": 0.18474810687310783
  },
  "diversity": {
    "by_speaker": {
      "Lyra": {
        "semantic_diversity": 0.6056671738624573,
        "ttr": 0.4309252217997465
      },
      "Cipher": {
        "semantic_diversity": 0.4758412539958954,
        "ttr": 0.44607843137254904
      }
    },
    "global_ttr": 0.3333333333333333
  }
}