{
  "condition_id": "crossiso__lyra-persona__t06__r01",
  "topic": "Remote work has weakened organisational culture more than it has empowered individuals",
  "turn_count": 21,
  "persona": {
    "by_speaker": {
      "Lyra": {
        "mean": 0.7530110880359833,
        "per_turn": [
          0.8263480759294004,
          0.5221530982248683,
          0.886378506322417,
          1.3609286843682087,
          0.8395998459794678,
          0.6851833824250231,
          0.5615198264256869,
          0.5481304499251165,
          0.8384800302299491,
          0.5817656207106776,
          0.6326344478550009
        ]
      },
      "Cipher": {
        "mean": 0.6517703929797479,
        "per_turn": [
          0.7885881094006375,
          0.6735562498447228,
          0.4737962625060648,
          0.5132284424014408,
          0.5868686637509105,
          0.6581164194998476,
          0.7241859960751498,
          0.7067161315818866,
          0.6678308496417131,
          0.7248168050951054
        ]
      }
    },
    "discrimination": {
      "Lyra": {
        "own_mean": 0.753,
        "cross_mean": 0.247,
        "gap": 0.506
      },
      "Cipher": {
        "own_mean": 0.6518,
        "cross_mean": 0.3482,
        "gap": 0.3035
      }
    }
  },
  "coherence": {
    "per_turn": [
      null,
      0.48707327246665955,
      0.597159206867218,
      0.4240133464336395,
      0.5950815677642822,
      0.7296963930130005,
      0.4658559560775757,
      0.27038270235061646,
      0.6233991384506226,
      0.6680223941802979,
      0.7111301422119141,
      0.735021710395813,
      0.6781646013259888,
      0.7158353924751282,
      0.7079764604568481,
      0.8630166053771973,
      0.8030040264129639,
      0.7046162486076355,
      0.6662729382514954,
      0.6725599765777588,
      0.1707003116607666
    ],
    "mean": 0.6144491195678711,
    "min": 0.1707003116607666
  },
  "topic_drift": {
    "per_turn": [
      0.6337950229644775,
      0.5583520531654358,
      0.536117672920227,
      0.7227565050125122,
      0.47970226407051086,
      0.43357643485069275,
      0.011010787449777126,
      0.6107802391052246,
      0.7332225441932678,
      0.4296240508556366,
      0.2580292224884033,
      0.29757577180862427,
      0.29700854420661926,
      0.5069261193275452,
      0.4476604461669922,
      0.4228185713291168,
      0.25575917959213257,
      0.46127262711524963,
      0.5121753811836243,
      0.6389973163604736,
      0.003606795333325863
    ],
    "mean": 0.4405127404523747,
    "min": 0.003606795333325863,
    "drift_slope": -0.01112323144765257
  },
  "sentiment": {
    "per_turn": [
      0.8211,
      0.5423,
      0.9142,
      0.4188,
      0.9479,
      0.5499,
      0.1955,
      0.5632,
      0.892,
      0.7579,
      0.9418,
      0.9388,
      0.9686,
      0.9578,
      0.9392,
      0.9371,
      0.9243,
      -0.5023,
      0.9675,
      0.9672,
      0.9392
    ],
    "by_speaker": {
      "Lyra": [
        0.8211,
        0.9142,
        0.9479,
        0.1955,
        0.892,
        0.9418,
        0.9686,
        0.9392,
        0.9243,
        0.9675,
        0.9392
      ],
      "Cipher": [
        0.5423,
        0.4188,
        0.5499,
        0.5632,
        0.7579,
        0.9388,
        0.9578,
        0.9371,
        -0.5023,
        0.9672
      ]
    },
    "mean": 0.742,
    "slope": 0.006845324675324674,
    "volatility": 0.3510811831227318
  },
  "diversity": {
    "by_speaker": {
      "Lyra": {
        "semantic_diversity": 0.6535118222236633,
        "ttr": 0.39009661835748793
      },
      "Cipher": {
        "semantic_diversity": 0.5329885482788086,
        "ttr": 0.43373493975903615
      }
    },
    "global_ttr": 0.31014904187366926
  }
}