{
  "condition_id": "crossiso__cipher-persona__t01__r02",
  "topic": "Social media has done more harm than good to mental health and democracy",
  "turn_count": 21,
  "persona": {
    "by_speaker": {
      "Lyra": {
        "mean": 0.3176206233191806,
        "per_turn": [
          0.33186549667734505,
          0.3680055732224706,
          0.3661889829446983,
          0.30414405089535423,
          0.3793043132691029,
          0.291101330587847,
          0.3177256447006634,
          0.3029004146210581,
          0.22648262840217157,
          0.232870677158758,
          0.3732377440315179
        ]
      },
      "Cipher": {
        "mean": 0.7212171398046747,
        "per_turn": [
          0.7188640151469974,
          0.6630549840242709,
          0.755444555617313,
          0.6699260156118584,
          0.7213860077339881,
          0.6590435024201902,
          0.7403381761880602,
          0.7625255120554258,
          0.7577471654214347,
          0.7638414638272082
        ]
      }
    },
    "discrimination": {
      "Lyra": {
        "own_mean": 0.3176,
        "cross_mean": 0.6824,
        "gap": -0.3648
      },
      "Cipher": {
        "own_mean": 0.7212,
        "cross_mean": 0.2788,
        "gap": 0.4424
      }
    }
  },
  "coherence": {
    "per_turn": [
      null,
      0.745202898979187,
      0.644573450088501,
      0.6749657392501831,
      0.723333477973938,
      0.5938035845756531,
      0.5263738632202148,
      0.3242138624191284,
      0.8544576168060303,
      0.7354018688201904,
      0.8674523830413818,
      0.7828036546707153,
      0.8186770677566528,
      0.7309895753860474,
      0.8333196043968201,
      0.6403581500053406,
      0.8690367937088013,
      0.6347129344940186,
      0.6010110378265381,
      0.7907726764678955,
      -0.001460239291191101
    ],
    "mean": 0.6695000000298024,
    "min": -0.001460239291191101
  },
  "topic_drift": {
    "per_turn": [
      0.8583295345306396,
      0.8239910006523132,
      0.5956793427467346,
      0.5717503428459167,
      0.6302850246429443,
      0.6058722734451294,
      0.30445754528045654,
      0.5949313044548035,
      0.5827721357345581,
      0.4633970558643341,
      0.4279746115207672,
      0.40876305103302,
      0.49778130650520325,
      0.5148091316223145,
      0.4431955814361572,
      0.5357614755630493,
      0.5647761225700378,
      0.2933809757232666,
      0.43512341380119324,
      0.39587831497192383,
      0.03856363892555237
    ],
    "mean": 0.5041653897081103,
    "min": 0.03856363892555237,
    "drift_slope": -0.02069784878910362
  },
  "sentiment": {
    "per_turn": [
      0.0478,
      0.0776,
      -0.9735,
      -0.1121,
      -0.3941,
      -0.4031,
      0.6249,
      -0.0895,
      0.4939,
      -0.7227,
      0.3217,
      -0.5754,
      0.9638,
      0.6369,
      0.6808,
      0.906,
      0.8248,
      0.9744,
      0.9682,
      0.893,
      0.9565
    ],
    "by_speaker": {
      "Lyra": [
        0.0478,
        -0.9735,
        -0.3941,
        0.6249,
        0.4939,
        0.3217,
        0.9638,
        0.6808,
        0.8248,
        0.9682,
        0.9565
      ],
      "Cipher": [
        0.0776,
        -0.1121,
        -0.4031,
        -0.0895,
        -0.7227,
        -0.5754,
        0.6369,
        0.906,
        0.9744,
        0.893
      ]
    },
    "mean": 0.29047142857142855,
    "slope": 0.07391363636363636,
    "volatility": 0.6176850562442667
  },
  "diversity": {
    "by_speaker": {
      "Lyra": {
        "semantic_diversity": 0.6123279929161072,
        "ttr": 0.404786680541103
      },
      "Cipher": {
        "semantic_diversity": 0.5422748327255249,
        "ttr": 0.43012211668928085
      }
    },
    "global_ttr": 0.3127208480565371
  }
}