{
  "condition_id": "crossiso__baseline__t04__r02",
  "topic": "Strong government regulation of AI development will cause more harm than good",
  "turn_count": 21,
  "persona": {
    "by_speaker": {
      "Lyra": {
        "mean": 0.48425318568204906,
        "per_turn": [
          0.46524176969593944,
          0.39353674376285547,
          0.44633365540536263,
          0.4404460908438146,
          0.5965577272375711,
          0.554034722429531,
          0.5224918981735531,
          0.49246014079360056,
          0.46965182641371955,
          0.43149544113414917,
          0.5145350266124431
        ]
      },
      "Cipher": {
        "mean": 0.7484278202660513,
        "per_turn": [
          0.8618740003751251,
          0.7303527700450794,
          0.7745526112712423,
          0.7653122242687126,
          0.7056357673825392,
          0.7543169087695296,
          0.7366258118641682,
          0.5181370097653526,
          0.7968865212123182,
          0.8405845777064456
        ]
      }
    },
    "discrimination": {
      "Lyra": {
        "own_mean": 0.4843,
        "cross_mean": 0.5157,
        "gap": -0.0315
      },
      "Cipher": {
        "own_mean": 0.7484,
        "cross_mean": 0.2516,
        "gap": 0.4969
      }
    }
  },
  "coherence": {
    "per_turn": [
      null,
      0.6650591492652893,
      0.8597485423088074,
      0.6684888005256653,
      0.7842715382575989,
      0.572346568107605,
      0.703691303730011,
      0.7015423774719238,
      0.5965871214866638,
      0.7161118984222412,
      0.8354334831237793,
      0.6497405767440796,
      0.7724480628967285,
      0.6516611576080322,
      0.6572339534759521,
      0.6163879632949829,
      0.6065617799758911,
      0.5139104127883911,
      0.8155401349067688,
      0.5510556697845459,
      0.22342467308044434
    ],
    "mean": 0.6580622583627701,
    "min": 0.22342467308044434
  },
  "topic_drift": {
    "per_turn": [
      0.7736583948135376,
      0.736140251159668,
      0.7339772582054138,
      0.6536092162132263,
      0.7056530714035034,
      0.36558249592781067,
      0.6192123889923096,
      0.5597298741340637,
      0.2210557758808136,
      0.24155879020690918,
      0.24887344241142273,
      0.2448379397392273,
      0.2365376353263855,
      0.34966522455215454,
      0.3080868422985077,
      0.30086565017700195,
      0.3097934126853943,
      0.7141531109809875,
      0.7872306108474731,
      0.39085525274276733,
      0.45323115587234497
    ],
    "mean": 0.47401465688432964,
    "min": 0.2210557758808136,
    "drift_slope": -0.012988569790666768
  },
  "sentiment": {
    "per_turn": [
      0.8058,
      -0.25,
      0.2023,
      -0.6497,
      0.7397,
      0.9247,
      0.8916,
      0.9478,
      0.836,
      0.8588,
      0.9428,
      0.9153,
      0.7861,
      0.9264,
      0.8979,
      0.9522,
      0.9479,
      0.8255,
      0.926,
      0.9716,
      0.9694
    ],
    "by_speaker": {
      "Lyra": [
        0.8058,
        0.2023,
        0.7397,
        0.8916,
        0.836,
        0.9428,
        0.7861,
        0.8979,
        0.9479,
        0.926,
        0.9694
      ],
      "Cipher": [
        -0.25,
        -0.6497,
        0.9247,
        0.9478,
        0.8588,
        0.9153,
        0.9264,
        0.9522,
        0.8255,
        0.9716
      ]
    },
    "mean": 0.7318142857142858,
    "slope": 0.039027012987012985,
    "volatility": 0.4195858414762668
  },
  "diversity": {
    "by_speaker": {
      "Lyra": {
        "semantic_diversity": 0.5309239625930786,
        "ttr": 0.43782117163412126
      },
      "Cipher": {
        "semantic_diversity": 0.5038734674453735,
        "ttr": 0.4272300469483568
      }
    },
    "global_ttr": 0.3424317617866005
  }
}