{
  "condition_id": "crossiso__lyra-persona__t04__r02",
  "topic": "Strong government regulation of AI development will cause more harm than good",
  "turn_count": 21,
  "persona": {
    "by_speaker": {
      "Lyra": {
        "mean": 0.6400793978798884,
        "per_turn": [
          0.7035771401312477,
          0.6881753679117858,
          0.6723244499417524,
          0.45553231168239616,
          0.68625045009945,
          0.46196556409347833,
          0.7874099938488666,
          0.8338396612300987,
          0.5452132688185065,
          0.7098199447490883,
          0.4967652241721022
        ]
      },
      "Cipher": {
        "mean": 0.7735678218582589,
        "per_turn": [
          0.821716205027166,
          0.8244800526489828,
          0.7658821725429041,
          0.7964969208838983,
          0.7953438949410909,
          0.7776735906972128,
          0.7364784740686974,
          0.701711611687948,
          0.7255159712324974,
          0.7903793248521904
        ]
      }
    },
    "discrimination": {
      "Lyra": {
        "own_mean": 0.6401,
        "cross_mean": 0.3599,
        "gap": 0.2802
      },
      "Cipher": {
        "own_mean": 0.7736,
        "cross_mean": 0.2264,
        "gap": 0.5471
      }
    }
  },
  "coherence": {
    "per_turn": [
      null,
      0.6514678001403809,
      0.6790198087692261,
      0.6795167922973633,
      0.7440318465232849,
      0.6170094013214111,
      0.45091986656188965,
      0.5321417450904846,
      0.5778545141220093,
      0.8533598780632019,
      0.6305259466171265,
      0.8733528852462769,
      0.6609904170036316,
      0.8390499353408813,
      0.6452815532684326,
      0.6738244295120239,
      0.7617320418357849,
      0.570091724395752,
      0.583465039730072,
      0.7807519435882568,
      0.3005600571632385
    ],
    "mean": 0.6552473813295364,
    "min": 0.3005600571632385
  },
  "topic_drift": {
    "per_turn": [
      0.8019006848335266,
      0.6421898603439331,
      0.6536069512367249,
      0.7072094678878784,
      0.789239764213562,
      0.5203185081481934,
      0.48552635312080383,
      0.4644184708595276,
      0.530639111995697,
      0.48835521936416626,
      0.6753851175308228,
      0.6713737845420837,
      0.5172165632247925,
      0.5072011947631836,
      0.1629142165184021,
      0.4808340072631836,
      0.515385627746582,
      0.27407923340797424,
      0.6299107074737549,
      0.4601985216140747,
      0.4599990248680115
    ],
    "mean": 0.5446620186169943,
    "min": 0.1629142165184021,
    "drift_slope": -0.014447914896073276
  },
  "sentiment": {
    "per_turn": [
      0.8673,
      0.7227,
      0.4601,
      -0.3178,
      0.7922,
      0.7469,
      0.7245,
      0.9354,
      0.8799,
      0.6858,
      0.8519,
      0.7964,
      0.8197,
      0.8595,
      0.489,
      0.9001,
      0.9637,
      0.8718,
      0.957,
      0.7717,
      0.9705
    ],
    "by_speaker": {
      "Lyra": [
        0.8673,
        0.4601,
        0.7922,
        0.7245,
        0.8799,
        0.8519,
        0.8197,
        0.489,
        0.9637,
        0.957,
        0.9705
      ],
      "Cipher": [
        0.7227,
        -0.3178,
        0.7469,
        0.9354,
        0.6858,
        0.7964,
        0.8595,
        0.9001,
        0.8718,
        0.7717
      ]
    },
    "mean": 0.7499190476190476,
    "slope": 0.018689480519480522,
    "volatility": 0.27334190977087325
  },
  "diversity": {
    "by_speaker": {
      "Lyra": {
        "semantic_diversity": 0.4807929992675781,
        "ttr": 0.40309155766944116
      },
      "Cipher": {
        "semantic_diversity": 0.5121116042137146,
        "ttr": 0.4869109947643979
      }
    },
    "global_ttr": 0.3422913719943423
  }
}