{
  "condition_id": "crossiso__baseline__t01__r03",
  "topic": "Social media has done more harm than good to mental health and democracy",
  "turn_count": 21,
  "persona": {
    "by_speaker": {
      "Lyra": {
        "mean": 0.5606729750202688,
        "per_turn": [
          0.6002350500360499,
          0.6031378960394109,
          0.5542990243317938,
          0.5738027721515734,
          0.5414278180492372,
          0.5468321243822409,
          0.5121958081685952,
          0.5016297107176717,
          0.5344685704393821,
          0.5397558333270525,
          0.6596181175799485
        ]
      },
      "Cipher": {
        "mean": 0.7109009055547658,
        "per_turn": [
          0.6771333486405908,
          0.7012444658247208,
          0.7355683279950134,
          0.5542931386562365,
          0.7232505058786927,
          0.7385932517276875,
          0.7484478621034337,
          0.7997353190938512,
          0.735889316561167,
          0.6948535190662648
        ]
      }
    },
    "discrimination": {
      "Lyra": {
        "own_mean": 0.5607,
        "cross_mean": 0.4393,
        "gap": 0.1213
      },
      "Cipher": {
        "own_mean": 0.7109,
        "cross_mean": 0.2891,
        "gap": 0.4218
      }
    }
  },
  "coherence": {
    "per_turn": [
      null,
      0.841637134552002,
      0.7199179530143738,
      0.7614074945449829,
      0.7401524782180786,
      0.745026707649231,
      0.6661725044250488,
      0.5072060823440552,
      0.5604904294013977,
      0.6935727596282959,
      0.7574807405471802,
      0.8504495620727539,
      0.8232216835021973,
      0.6922483444213867,
      0.8380461931228638,
      0.6853804588317871,
      0.5150713920593262,
      0.7571777701377869,
      0.7151155471801758,
      0.7755352854728699,
      0.17175327241420746
    ],
    "mean": 0.690853189677,
    "min": 0.17175327241420746
  },
  "topic_drift": {
    "per_turn": [
      0.8579102158546448,
      0.8398575782775879,
      0.6968875527381897,
      0.6841644048690796,
      0.6246775388717651,
      0.5751529335975647,
      0.4787752628326416,
      0.3255983591079712,
      0.528396487236023,
      0.59947270154953,
      0.5750610828399658,
      0.545641303062439,
      0.5370491147041321,
      0.3935670554637909,
      0.3945152759552002,
      0.1606677919626236,
      0.4145783483982086,
      0.2515050172805786,
      0.46676337718963623,
      0.569110095500946,
      0.09339267760515213
    ],
    "mean": 0.5053687702332225,
    "min": 0.09339267760515213,
    "drift_slope": -0.023966484023379045
  },
  "sentiment": {
    "per_turn": [
      -0.2833,
      0.6652,
      -0.1531,
      0.0644,
      0.6292,
      0.8793,
      0.8622,
      0.8552,
      0.7506,
      0.8625,
      0.9735,
      0.483,
      0.9442,
      0.9042,
      0.8271,
      0.8807,
      0.9678,
      0.9403,
      0.9836,
      0.9788,
      0.9741
    ],
    "by_speaker": {
      "Lyra": [
        -0.2833,
        -0.1531,
        0.6292,
        0.8622,
        0.7506,
        0.9735,
        0.9442,
        0.8271,
        0.9678,
        0.9836,
        0.9741
      ],
      "Cipher": [
        0.6652,
        0.0644,
        0.8793,
        0.8552,
        0.8625,
        0.483,
        0.9042,
        0.8807,
        0.9403,
        0.9788
      ]
    },
    "mean": 0.7137857142857142,
    "slope": 0.04243402597402599,
    "volatility": 0.36821119235687383
  },
  "diversity": {
    "by_speaker": {
      "Lyra": {
        "semantic_diversity": 0.4929053783416748,
        "ttr": 0.4183381088825215
      },
      "Cipher": {
        "semantic_diversity": 0.4996829926967621,
        "ttr": 0.44321329639889195
      }
    },
    "global_ttr": 0.30977953646127754
  }
}