{
  "condition_id": "modiso__llama-8b__t01__r03",
  "topic": "Social media has done more harm than good to mental health and democracy",
  "turn_count": 21,
  "persona": {
    "by_speaker": {
      "Lyra": {
        "mean": 0.5057514271923416,
        "per_turn": [
          0.6475111274995801,
          0.5168023971540423,
          0.5783686665548727,
          0.5595487985269495,
          0.5386675839588109,
          0.5571316896536782,
          0.4997289095407792,
          0.27923986625519,
          0.5437387846022527,
          0.2701363127313955,
          0.5723915626382061
        ]
      },
      "Cipher": {
        "mean": 0.49712580414179064,
        "per_turn": [
          0.6817187076064517,
          0.4155144881626456,
          0.4942352149657684,
          0.4965675778606111,
          0.45070829312740845,
          0.5045635203053119,
          0.49305399855591875,
          0.46334708934899027,
          0.5490887104478323,
          0.422460441036968
        ]
      }
    },
    "discrimination": {
      "Lyra": {
        "own_mean": 0.5058,
        "cross_mean": 0.4942,
        "gap": 0.0115
      },
      "Cipher": {
        "own_mean": 0.4971,
        "cross_mean": 0.5029,
        "gap": -0.0057
      }
    }
  },
  "coherence": {
    "per_turn": [
      null,
      0.6328641176223755,
      0.5570234060287476,
      0.5194653868675232,
      0.2208384871482849,
      0.46176761388778687,
      0.18749630451202393,
      0.5777903199195862,
      0.5859857797622681,
      0.6114165782928467,
      0.4978075623512268,
      0.5501803159713745,
      0.6680402159690857,
      0.4185093641281128,
      0.4892734885215759,
      0.6365067362785339,
      0.39847567677497864,
      0.40191587805747986,
      0.4872836470603943,
      0.3451836407184601,
      0.15903547406196594
    ],
    "mean": 0.47034299969673155,
    "min": 0.15903547406196594
  },
  "topic_drift": {
    "per_turn": [
      0.5401037335395813,
      0.5896415710449219,
      0.3760836720466614,
      0.33484452962875366,
      0.42988938093185425,
      -0.012512385845184326,
      0.3440059423446655,
      0.3017319440841675,
      0.27807578444480896,
      0.17297333478927612,
      0.039675187319517136,
      0.27502503991127014,
      0.2574085295200348,
      0.2220628708600998,
      0.2879897654056549,
      0.45719802379608154,
      0.2860225439071655,
      0.09897281229496002,
      0.20195792615413666,
      0.22067733108997345,
      0.02982519194483757
    ],
    "mean": 0.2729358442482494,
    "min": -0.012512385845184326,
    "drift_slope": -0.01348646138976146
  },
  "sentiment": {
    "per_turn": [
      0.1139,
      0.8076,
      -0.4744,
      -0.3532,
      -0.7422,
      -0.3832,
      -0.2869,
      0.21,
      -0.2263,
      0.4215,
      0.4118,
      0.431,
      0.8589,
      -0.1867,
      0.9564,
      -0.6597,
      0.5859,
      0.6652,
      0.7865,
      0.8735,
      0.9283
    ],
    "by_speaker": {
      "Lyra": [
        0.1139,
        -0.4744,
        -0.7422,
        -0.2869,
        -0.2263,
        0.4118,
        0.8589,
        0.9564,
        0.5859,
        0.7865,
        0.9283
      ],
      "Cipher": [
        0.8076,
        -0.3532,
        -0.3832,
        0.21,
        0.4215,
        0.431,
        -0.1867,
        -0.6597,
        0.6652,
        0.8735
      ]
    },
    "mean": 0.2256142857142857,
    "slope": 0.05000285714285714,
    "volatility": 0.5566033855839699
  },
  "diversity": {
    "by_speaker": {
      "Lyra": {
        "semantic_diversity": 0.6618832945823669,
        "ttr": 0.4211287988422576
      },
      "Cipher": {
        "semantic_diversity": 0.7068023085594177,
        "ttr": 0.44466403162055335
      }
    },
    "global_ttr": 0.34252297410192145
  }
}