{
  "condition_id": "modiso__qwen-32b__t07__r01",
  "topic": "Meaningful climate action and sustained economic growth are fundamentally incompatible",
  "turn_count": 21,
  "persona": {
    "by_speaker": {
      "Lyra": {
        "mean": 0.5290779773245705,
        "per_turn": [
          0.5203072882894677,
          0.4838728900014979,
          0.5223720323794341,
          0.49782158571510515,
          0.5101352102140924,
          0.517722893341577,
          0.520679901042975,
          0.5268352514711576,
          0.5649032161992176,
          0.531114402148068,
          0.6240930797676822
        ]
      },
      "Cipher": {
        "mean": 0.546297008869514,
        "per_turn": [
          0.7974209218009959,
          0.5097344806538068,
          0.517574218380239,
          0.4412098231905525,
          0.7659785239988199,
          0.5116629136085133,
          0.4570011720702659,
          0.5050593396866875,
          0.4709844139026645,
          0.48634428140259495
        ]
      }
    },
    "discrimination": {
      "Lyra": {
        "own_mean": 0.5291,
        "cross_mean": 0.4709,
        "gap": 0.0582
      },
      "Cipher": {
        "own_mean": 0.5463,
        "cross_mean": 0.4537,
        "gap": 0.0926
      }
    }
  },
  "coherence": {
    "per_turn": [
      null,
      0.5328974723815918,
      0.5677527189254761,
      0.6015222668647766,
      0.4669889807701111,
      0.736591637134552,
      0.43161219358444214,
      0.525010883808136,
      0.5034439563751221,
      0.4250026047229767,
      0.5071832537651062,
      0.6052559614181519,
      0.7284865379333496,
      0.48189467191696167,
      0.4343993067741394,
      0.6465214490890503,
      0.5590164065361023,
      0.5658113360404968,
      0.6304385662078857,
      0.5937389135360718,
      0.26306772232055664
    ],
    "mean": 0.5403318420052529,
    "min": 0.26306772232055664
  },
  "topic_drift": {
    "per_turn": [
      0.6419364213943481,
      0.7450951337814331,
      0.43739446997642517,
      0.4068220257759094,
      0.5083022117614746,
      0.368061363697052,
      0.40528517961502075,
      0.2728073000907898,
      0.35984373092651367,
      0.35539117455482483,
      0.20338380336761475,
      0.2622010111808777,
      0.3506653308868408,
      0.17393162846565247,
      0.26148349046707153,
      0.2364763617515564,
      0.2734062969684601,
      0.23718047142028809,
      0.24883055686950684,
      0.1615765243768692,
      0.0943416953086853
    ],
    "mean": 0.33354362774462926,
    "min": 0.0943416953086853,
    "drift_slope": -0.021395192421101918
  },
  "sentiment": {
    "per_turn": [
      0.2869,
      0.9336,
      0.8462,
      0.8402,
      0.3483,
      0.7391,
      0.9163,
      0.0644,
      0.7876,
      0.1779,
      0.9604,
      0.4996,
      0.9204,
      -0.9042,
      0.5789,
      0.2911,
      -0.7691,
      0.2057,
      -0.6858,
      -0.886,
      0.5859
    ],
    "by_speaker": {
      "Lyra": [
        0.2869,
        0.8462,
        0.3483,
        0.9163,
        0.7876,
        0.9604,
        0.9204,
        0.5789,
        -0.7691,
        -0.6858,
        0.5859
      ],
      "Cipher": [
        0.9336,
        0.8402,
        0.7391,
        0.0644,
        0.1779,
        0.4996,
        -0.9042,
        0.2911,
        0.2057,
        -0.886
      ]
    },
    "mean": 0.3208285714285714,
    "slope": -0.0554498701298701,
    "volatility": 0.6120468330531089
  },
  "diversity": {
    "by_speaker": {
      "Lyra": {
        "semantic_diversity": 0.609805166721344,
        "ttr": 0.4560862865947612
      },
      "Cipher": {
        "semantic_diversity": 0.6501242518424988,
        "ttr": 0.4327390599675851
      }
    },
    "global_ttr": 0.3570300157977883
  }
}