{
  "condition_id": "modiso__qwen-235b__t02__r01",
  "topic": "Universal basic income would reduce workforce participation and innovation over time",
  "turn_count": 21,
  "persona": {
    "by_speaker": {
      "Lyra": {
        "mean": 0.567742507248878,
        "per_turn": [
          0.4941997263075426,
          0.7801183027652494,
          0.5238022476096179,
          0.5450751505968365,
          0.5484884705351631,
          0.5296025169736047,
          0.5344048937836211,
          0.48665172796921935,
          0.7335348645492891,
          0.4743175980403427,
          0.5949720806071706
        ]
      },
      "Cipher": {
        "mean": 0.6124775550044367,
        "per_turn": [
          0.7243282351932447,
          0.7567982593105254,
          0.7191406229287114,
          0.4849503961809546,
          0.7257304700164914,
          0.4529221950565421,
          0.4761940618255717,
          0.7726500323810712,
          0.476497865366874,
          0.5355634117843807
        ]
      }
    },
    "discrimination": {
      "Lyra": {
        "own_mean": 0.5677,
        "cross_mean": 0.4323,
        "gap": 0.1355
      },
      "Cipher": {
        "own_mean": 0.6125,
        "cross_mean": 0.3875,
        "gap": 0.225
      }
    }
  },
  "coherence": {
    "per_turn": [
      null,
      0.4130255877971649,
      0.5517373085021973,
      0.72227942943573,
      0.5092154741287231,
      0.396465539932251,
      0.5393644571304321,
      0.545912504196167,
      0.3006407916545868,
      0.5514557361602783,
      0.679877519607544,
      0.4650292992591858,
      0.5633479952812195,
      0.45316195487976074,
      0.5019558668136597,
      0.7319793701171875,
      0.6451399922370911,
      0.5728486776351929,
      0.4060436189174652,
      0.5614597797393799,
      0.11841948330402374
    ],
    "mean": 0.511468019336462,
    "min": 0.11841948330402374
  },
  "topic_drift": {
    "per_turn": [
      0.6063934564590454,
      0.37330424785614014,
      0.34091901779174805,
      0.318813294172287,
      0.2814940810203552,
      0.3929266631603241,
      0.268763929605484,
      0.2505146265029907,
      0.38877052068710327,
      0.4039067327976227,
      0.35985374450683594,
      0.2121112048625946,
      0.34516435861587524,
      0.29377925395965576,
      0.30066514015197754,
      0.11090340465307236,
      0.07796034961938858,
      0.23172099888324738,
      0.12983301281929016,
      0.24587136507034302,
      -0.005226068198680878
    ],
    "mean": 0.28230682547603336,
    "min": -0.005226068198680878,
    "drift_slope": -0.015862796242748
  },
  "sentiment": {
    "per_turn": [
      -0.2023,
      0.8646,
      0.7943,
      0.3331,
      0.8982,
      0.2649,
      0.417,
      0.5346,
      -0.8924,
      0.2841,
      -0.8543,
      0.0027,
      0.8745,
      0.6428,
      -0.9253,
      -0.7579,
      -0.0598,
      0.1248,
      -0.831,
      0.5941,
      0.7543
    ],
    "by_speaker": {
      "Lyra": [
        -0.2023,
        0.7943,
        0.8982,
        0.417,
        -0.8924,
        -0.8543,
        0.8745,
        -0.9253,
        -0.0598,
        -0.831,
        0.7543
      ],
      "Cipher": [
        0.8646,
        0.3331,
        0.2649,
        0.5346,
        0.2841,
        0.0027,
        0.6428,
        -0.7579,
        0.1248,
        0.5941
      ]
    },
    "mean": 0.1362380952380952,
    "slope": -0.02595220779220779,
    "volatility": 0.6295980232892295
  },
  "diversity": {
    "by_speaker": {
      "Lyra": {
        "semantic_diversity": 0.6742139458656311,
        "ttr": 0.5088566827697263
      },
      "Cipher": {
        "semantic_diversity": 0.606549859046936,
        "ttr": 0.4440619621342513
      }
    },
    "global_ttr": 0.38186356073211314
  }
}