{
  "condition_id": "modiso__gpt-oss-20b__t04__r01",
  "topic": "Strong government regulation of AI development will cause more harm than good",
  "turn_count": 21,
  "persona": {
    "by_speaker": {
      "Lyra": {
        "mean": 0.48242169077173996,
        "per_turn": [
          0.4887562360960589,
          0.4903864518092065,
          0.4805697046856511,
          0.47531465847255694,
          0.4596258288718783,
          0.45756338878687397,
          0.48629235845778446,
          0.6053197383393727,
          0.5832314567232577,
          0.1902564985123768,
          0.5893222777341218
        ]
      },
      "Cipher": {
        "mean": 0.598299581822566,
        "per_turn": [
          0.8281245614902116,
          0.44909005664948143,
          0.8143759615079029,
          0.5607317443186903,
          0.47861787135541844,
          0.525532619609258,
          0.6505486840154884,
          0.4763012416529865,
          0.7561310966112688,
          0.4435419810149537
        ]
      }
    },
    "discrimination": {
      "Lyra": {
        "own_mean": 0.4824,
        "cross_mean": 0.5176,
        "gap": -0.0352
      },
      "Cipher": {
        "own_mean": 0.5983,
        "cross_mean": 0.4017,
        "gap": 0.1966
      }
    }
  },
  "coherence": {
    "per_turn": [
      null,
      0.4113518297672272,
      0.6513349413871765,
      0.4367574453353882,
      0.43739259243011475,
      0.5479817390441895,
      0.29171353578567505,
      0.3662464916706085,
      0.5145928859710693,
      0.4363376498222351,
      0.6118377447128296,
      0.5345590114593506,
      0.6712583303451538,
      0.6916322112083435,
      0.2516340911388397,
      0.2624220550060272,
      0.6322080492973328,
      0.6311156749725342,
      0.588080644607544,
      0.40775755047798157,
      -0.013938140124082565
    ],
    "mean": 0.4681138167157769,
    "min": -0.013938140124082565
  },
  "topic_drift": {
    "per_turn": [
      0.7669039964675903,
      0.4723414182662964,
      0.44373810291290283,
      0.2800273299217224,
      0.3157816529273987,
      0.5015031695365906,
      0.19860151410102844,
      0.5147935748100281,
      0.6320183277130127,
      0.38306552171707153,
      0.3946736752986908,
      0.44009846448898315,
      0.47019994258880615,
      0.3248593509197235,
      0.016286199912428856,
      0.20963242650032043,
      0.11941829323768616,
      0.320197731256485,
      0.4289722740650177,
      0.1775537133216858,
      0.12621811032295227
    ],
    "mean": 0.35889927572792485,
    "min": 0.016286199912428856,
    "drift_slope": -0.01701309565793384
  },
  "sentiment": {
    "per_turn": [
      0.6452,
      -0.5216,
      0.0762,
      0.4404,
      -0.4341,
      0.5574,
      0.0062,
      0.2023,
      -0.3182,
      0.4404,
      -0.3612,
      0.0662,
      0.4019,
      -0.7072,
      0.5927,
      -0.4803,
      -0.6808,
      0.7935,
      -0.2732,
      0.7964,
      0.9231
    ],
    "by_speaker": {
      "Lyra": [
        0.6452,
        0.0762,
        -0.4341,
        0.0062,
        -0.3182,
        -0.3612,
        0.4019,
        0.5927,
        -0.6808,
        -0.2732,
        0.9231
      ],
      "Cipher": [
        -0.5216,
        0.4404,
        0.5574,
        0.2023,
        0.4404,
        0.0662,
        -0.7072,
        -0.4803,
        0.7935,
        0.7964
      ]
    },
    "mean": 0.10310952380952382,
    "slope": 0.010821168831168815,
    "volatility": 0.5132886618516792
  },
  "diversity": {
    "by_speaker": {
      "Lyra": {
        "semantic_diversity": 0.7359890937805176,
        "ttr": 0.539708265802269
      },
      "Cipher": {
        "semantic_diversity": 0.721039354801178,
        "ttr": 0.5123456790123457
      }
    },
    "global_ttr": 0.4252039891205802
  }
}