{
  "condition_id": "modiso__qwen-235b__t04__r02",
  "topic": "Strong government regulation of AI development will cause more harm than good",
  "turn_count": 21,
  "persona": {
    "by_speaker": {
      "Lyra": {
        "mean": 0.4935105063762533,
        "per_turn": [
          0.4599632961158558,
          0.4399114725894936,
          0.4547336054055284,
          0.4365714521583228,
          0.49442117513839356,
          0.5055329913635193,
          0.45457461596416726,
          0.49735369843904353,
          0.44498975256926865,
          0.4529153637160697,
          0.7876481466791238
        ]
      },
      "Cipher": {
        "mean": 0.610482876012585,
        "per_turn": [
          0.8210572642215046,
          0.5499219605087055,
          0.5571548956366486,
          0.5245045841263375,
          0.5036642521374124,
          0.5588182696418302,
          0.4357362265427944,
          0.8051573133259851,
          0.815126154303859,
          0.5336878396807726
        ]
      }
    },
    "discrimination": {
      "Lyra": {
        "own_mean": 0.4935,
        "cross_mean": 0.5065,
        "gap": -0.013
      },
      "Cipher": {
        "own_mean": 0.6105,
        "cross_mean": 0.3895,
        "gap": 0.221
      }
    }
  },
  "coherence": {
    "per_turn": [
      null,
      0.61277174949646,
      0.5123787522315979,
      0.6699206829071045,
      0.6386228203773499,
      0.6392034292221069,
      0.4861699640750885,
      0.4426390826702118,
      0.5482888221740723,
      0.4853377938270569,
      0.7269870042800903,
      0.5552570223808289,
      0.47502779960632324,
      0.31972283124923706,
      0.6126623153686523,
      0.4698331356048584,
      0.5215415358543396,
      0.46401190757751465,
      0.4223482012748718,
      0.573089599609375,
      -0.11397192627191544
    ],
    "mean": 0.5030921261757613,
    "min": -0.11397192627191544
  },
  "topic_drift": {
    "per_turn": [
      0.8216522932052612,
      0.6261157393455505,
      0.5457620620727539,
      0.645653486251831,
      0.7226537466049194,
      0.5582030415534973,
      0.5191071033477783,
      0.34061652421951294,
      0.31890517473220825,
      0.5362491011619568,
      0.4416351616382599,
      0.4115121364593506,
      0.49046921730041504,
      0.21636560559272766,
      0.3835121989250183,
      0.32700198888778687,
      0.40419143438339233,
      0.44885602593421936,
      0.39728784561157227,
      0.2754848599433899,
      0.014940252527594566
    ],
    "mean": 0.4498178571285236,
    "min": 0.014940252527594566,
    "drift_slope": -0.022794408655979405
  },
  "sentiment": {
    "per_turn": [
      0.8555,
      0.0997,
      0.3301,
      0.7269,
      0.806,
      0.4404,
      0.7226,
      0.0826,
      0.4939,
      -0.7184,
      -0.6597,
      -0.5187,
      0.0129,
      0.6745,
      -0.2617,
      0.7717,
      0.9011,
      0.7615,
      0.3076,
      -0.2846,
      0.6124
    ],
    "by_speaker": {
      "Lyra": [
        0.8555,
        0.3301,
        0.806,
        0.7226,
        0.4939,
        -0.6597,
        0.0129,
        -0.2617,
        0.9011,
        0.3076,
        0.6124
      ],
      "Cipher": [
        0.0997,
        0.7269,
        0.4404,
        0.0826,
        -0.7184,
        -0.5187,
        0.6745,
        0.7717,
        0.7615,
        -0.2846
      ]
    },
    "mean": 0.2931571428571429,
    "slope": -0.008472987012987024,
    "volatility": 0.5105036939108263
  },
  "diversity": {
    "by_speaker": {
      "Lyra": {
        "semantic_diversity": 0.6730550527572632,
        "ttr": 0.5167224080267558
      },
      "Cipher": {
        "semantic_diversity": 0.6350971460342407,
        "ttr": 0.4775828460038986
      }
    },
    "global_ttr": 0.39063906390639064
  }
}