{
  "condition_id": "modiso__llama4-scout__t07__r03",
  "topic": "Meaningful climate action and sustained economic growth are fundamentally incompatible",
  "turn_count": 21,
  "persona": {
    "by_speaker": {
      "Lyra": {
        "mean": 0.621727315319558,
        "per_turn": [
          0.5103611059605707,
          0.5053687419771207,
          0.756426593060835,
          0.7546631315433615,
          0.7254369254597944,
          0.5256637550144914,
          0.5443929805595269,
          0.4922645453902246,
          0.742543226397891,
          0.7325545726956666,
          0.5493248904556559
        ]
      },
      "Cipher": {
        "mean": 0.5943777465936211,
        "per_turn": [
          0.7515917235104903,
          0.5015624482522623,
          0.4764694641212684,
          0.568344202870942,
          0.5612475109508978,
          0.7591548904930707,
          0.49375690108431863,
          0.5160694013344782,
          0.7868044619899828,
          0.5287764613284993
        ]
      }
    },
    "discrimination": {
      "Lyra": {
        "own_mean": 0.6217,
        "cross_mean": 0.3783,
        "gap": 0.2435
      },
      "Cipher": {
        "own_mean": 0.5944,
        "cross_mean": 0.4056,
        "gap": 0.1888
      }
    }
  },
  "coherence": {
    "per_turn": [
      null,
      0.7732998132705688,
      0.6972463130950928,
      0.6560787558555603,
      0.476732075214386,
      0.6545257568359375,
      0.6559842824935913,
      0.5897473096847534,
      0.5378963351249695,
      0.607257604598999,
      0.47157785296440125,
      0.5654637813568115,
      0.4489761292934418,
      0.6380271911621094,
      0.6176434755325317,
      0.7027513384819031,
      0.5621634721755981,
      0.6632410883903503,
      0.5996153354644775,
      0.5453768372535706,
      0.2528427839279175
    ],
    "mean": 0.5858223766088486,
    "min": 0.2528427839279175
  },
  "topic_drift": {
    "per_turn": [
      0.8293160200119019,
      0.7746232151985168,
      0.5901194214820862,
      0.3300761878490448,
      0.504664421081543,
      0.5302370190620422,
      0.31697094440460205,
      0.2897340655326843,
      0.3162269592285156,
      0.15101666748523712,
      0.23318836092948914,
      0.3096607029438019,
      0.2636863589286804,
      0.3942675292491913,
      0.3488473892211914,
      0.3198191523551941,
      0.298835426568985,
      0.2323078215122223,
      0.39974772930145264,
      0.389056921005249,
      0.2867662310600281
    ],
    "mean": 0.3861508830672219,
    "min": 0.15101666748523712,
    "drift_slope": -0.01674719601869583
  },
  "sentiment": {
    "per_turn": [
      0.7351,
      0.9432,
      0.8107,
      0.34,
      0.884,
      0.8918,
      0.897,
      0.6249,
      0.8747,
      0.3182,
      0.4939,
      -0.765,
      -0.9356,
      -0.3029,
      0.8316,
      0.9274,
      0.7184,
      -0.0258,
      0.9308,
      0.4215,
      0.9545
    ],
    "by_speaker": {
      "Lyra": [
        0.7351,
        0.8107,
        0.884,
        0.897,
        0.8747,
        0.4939,
        -0.9356,
        0.8316,
        0.7184,
        0.9308,
        0.9545
      ],
      "Cipher": [
        0.9432,
        0.34,
        0.8918,
        0.6249,
        0.3182,
        -0.765,
        -0.3029,
        0.9274,
        -0.0258,
        0.4215
      ]
    },
    "mean": 0.5032571428571428,
    "slope": -0.016448701298701306,
    "volatility": 0.549554199044166
  },
  "diversity": {
    "by_speaker": {
      "Lyra": {
        "semantic_diversity": 0.5720796585083008,
        "ttr": 0.49226441631504925
      },
      "Cipher": {
        "semantic_diversity": 0.5947006940841675,
        "ttr": 0.48709122203098104
      }
    },
    "global_ttr": 0.3978328173374613
  }
}