{
  "condition_id": "modiso__qwen-235b__t07__r01",
  "topic": "Meaningful climate action and sustained economic growth are fundamentally incompatible",
  "turn_count": 21,
  "persona": {
    "by_speaker": {
      "Lyra": {
        "mean": 0.5264253975705887,
        "per_turn": [
          0.4993711036190995,
          0.5285363582198326,
          0.5114869654940384,
          0.5555479073599929,
          0.5474323487004338,
          0.4857508548287582,
          0.5215819856524739,
          0.5439923414262668,
          0.521173984146261,
          0.49014366741546905,
          0.5856618564138503
        ]
      },
      "Cipher": {
        "mean": 0.5682966185501724,
        "per_turn": [
          0.8140625384216379,
          0.49181707971452776,
          0.5035274265130875,
          0.4378111863860322,
          0.47453931093818036,
          0.5146532066708347,
          0.7623560544902555,
          0.4918908531535921,
          0.4738755551721957,
          0.7184329740413812
        ]
      }
    },
    "discrimination": {
      "Lyra": {
        "own_mean": 0.5264,
        "cross_mean": 0.4736,
        "gap": 0.0529
      },
      "Cipher": {
        "own_mean": 0.5683,
        "cross_mean": 0.4317,
        "gap": 0.1366
      }
    }
  },
  "coherence": {
    "per_turn": [
      null,
      0.3744681179523468,
      0.5667750239372253,
      0.6268886923789978,
      0.6070953607559204,
      0.5850250720977783,
      0.5771510004997253,
      0.7290531396865845,
      0.5466580390930176,
      0.42166537046432495,
      0.5212191343307495,
      0.6231358647346497,
      0.8000492453575134,
      0.46655088663101196,
      0.5761759281158447,
      0.5150233507156372,
      0.6156686544418335,
      0.8053761720657349,
      0.4549461901187897,
      0.431323766708374,
      0.21268334984779358
    ],
    "mean": 0.5528466179966927,
    "min": 0.21268334984779358
  },
  "topic_drift": {
    "per_turn": [
      0.6513813734054565,
      0.4212603271007538,
      0.5380624532699585,
      0.6532788276672363,
      0.37834781408309937,
      0.48499009013175964,
      0.35703086853027344,
      0.32238471508026123,
      0.2652307152748108,
      0.6107497215270996,
      0.3078944683074951,
      0.31711307168006897,
      0.28011786937713623,
      0.47053954005241394,
      0.3860136568546295,
      0.2863975763320923,
      0.388144850730896,
      0.31063851714134216,
      0.2597779631614685,
      0.42085403203964233,
      0.11710981279611588
    ],
    "mean": 0.3917770602163814,
    "min": 0.11710981279611588,
    "drift_slope": -0.013777633011341096
  },
  "sentiment": {
    "per_turn": [
      0.7184,
      0.2877,
      0.9384,
      0.7783,
      0.1431,
      0.8689,
      0.8752,
      -0.0346,
      0.6542,
      0.3818,
      0.517,
      0.8442,
      0.811,
      0.9186,
      0.8481,
      0.7096,
      0.8765,
      0.6705,
      0.8402,
      0.0647,
      0.8176
    ],
    "by_speaker": {
      "Lyra": [
        0.7184,
        0.9384,
        0.1431,
        0.8752,
        0.6542,
        0.517,
        0.811,
        0.8481,
        0.8765,
        0.8402,
        0.8176
      ],
      "Cipher": [
        0.2877,
        0.7783,
        0.8689,
        -0.0346,
        0.3818,
        0.8442,
        0.9186,
        0.7096,
        0.6705,
        0.0647
      ]
    },
    "mean": 0.6442571428571429,
    "slope": 0.005942727272727275,
    "volatility": 0.29162258481261205
  },
  "diversity": {
    "by_speaker": {
      "Lyra": {
        "semantic_diversity": 0.6420295834541321,
        "ttr": 0.4718543046357616
      },
      "Cipher": {
        "semantic_diversity": 0.5753268003463745,
        "ttr": 0.4470588235294118
      }
    },
    "global_ttr": 0.36983842010771995
  }
}