{
  "condition_id": "modiso__gpt-oss-120b__t07__r03",
  "topic": "Meaningful climate action and sustained economic growth are fundamentally incompatible",
  "turn_count": 21,
  "persona": {
    "by_speaker": {
      "Lyra": {
        "mean": 0.5126612880941018,
        "per_turn": [
          0.5235005065244513,
          0.507083498212497,
          0.48642033381333877,
          0.47894982956044113,
          0.4851186672805582,
          0.5066710539782624,
          0.5302503751521404,
          0.5258276597946274,
          0.4713879770727851,
          0.4641697010190205,
          0.6598945666269977
        ]
      },
      "Cipher": {
        "mean": 0.7036976308246199,
        "per_turn": [
          0.7719640941334176,
          0.5422290044653019,
          0.7382830586509515,
          0.8063399875886271,
          0.8025253951175185,
          0.5545283834205881,
          0.7484541760603086,
          0.7766020017615811,
          0.5426493239284165,
          0.7534008831194874
        ]
      }
    },
    "discrimination": {
      "Lyra": {
        "own_mean": 0.5127,
        "cross_mean": 0.4873,
        "gap": 0.0253
      },
      "Cipher": {
        "own_mean": 0.7037,
        "cross_mean": 0.2963,
        "gap": 0.4074
      }
    }
  },
  "coherence": {
    "per_turn": [
      null,
      0.6433345079421997,
      0.5216131806373596,
      0.5379675626754761,
      0.6099145412445068,
      0.5697200298309326,
      0.565255343914032,
      0.5767561793327332,
      0.6649390459060669,
      0.5598363876342773,
      0.49623650312423706,
      0.43606036901474,
      0.32444268465042114,
      0.6044023036956787,
      0.6428747177124023,
      0.6462799310684204,
      0.49518391489982605,
      0.7202184796333313,
      0.7151815891265869,
      0.5731964111328125,
      -0.01958809792995453
    ],
    "mean": 0.5441912792623043,
    "min": -0.01958809792995453
  },
  "topic_drift": {
    "per_turn": [
      0.6987459659576416,
      0.6582245826721191,
      0.4867824912071228,
      0.5104734301567078,
      0.4374077022075653,
      0.42389050126075745,
      0.3308185338973999,
      0.42525365948677063,
      0.2731977701187134,
      0.28613603115081787,
      0.18465399742126465,
      0.4550406336784363,
      0.2721007466316223,
      0.3919176757335663,
      0.36168497800827026,
      0.30561691522598267,
      0.5492827296257019,
      0.5766187906265259,
      0.4372992217540741,
      0.5995528697967529,
      0.04395110532641411
    ],
    "mean": 0.414697634854487,
    "min": 0.04395110532641411,
    "drift_slope": -0.008751677973316857
  },
  "sentiment": {
    "per_turn": [
      0.6808,
      -0.2263,
      0.5423,
      0.5719,
      -0.6249,
      0.1027,
      0.4019,
      0.0,
      0.8934,
      -0.3612,
      0.4404,
      0.8537,
      0.4019,
      0.928,
      0.2023,
      0.6956,
      0.1779,
      0.4118,
      0.1779,
      0.5352,
      0.8779
    ],
    "by_speaker": {
      "Lyra": [
        0.6808,
        0.5423,
        -0.6249,
        0.4019,
        0.8934,
        0.4404,
        0.4019,
        0.2023,
        0.1779,
        0.1779,
        0.8779
      ],
      "Cipher": [
        -0.2263,
        0.5719,
        0.1027,
        0.0,
        -0.3612,
        0.8537,
        0.928,
        0.6956,
        0.4118,
        0.5352
      ]
    },
    "mean": 0.3658666666666667,
    "slope": 0.01920441558441558,
    "volatility": 0.41267443565269446
  },
  "diversity": {
    "by_speaker": {
      "Lyra": {
        "semantic_diversity": 0.6493130326271057,
        "ttr": 0.5804878048780487
      },
      "Cipher": {
        "semantic_diversity": 0.528835654258728,
        "ttr": 0.5263157894736842
      }
    },
    "global_ttr": 0.46207497820401044
  }
}