{
  "condition_id": "modiso__llama-8b__t01__r01",
  "topic": "Social media has done more harm than good to mental health and democracy",
  "turn_count": 21,
  "persona": {
    "by_speaker": {
      "Lyra": {
        "mean": 0.5293863049515395,
        "per_turn": [
          0.6874714962551771,
          0.5444888300894165,
          0.7628480044626604,
          0.5798261066374406,
          0.5197224452920464,
          0.5625992290516597,
          0.5297538184238688,
          0.29710486014512516,
          0.7225841953281649,
          0.2440797494059436,
          0.37277061937543116
        ]
      },
      "Cipher": {
        "mean": 0.6247851682232198,
        "per_turn": [
          0.7356267998335895,
          0.5069922556046285,
          0.4975864734474857,
          0.48961301956610215,
          0.73950868361882,
          0.708656860614981,
          0.7773788369222454,
          0.534212873387077,
          0.7668418968261719,
          0.4914339824110977
        ]
      }
    },
    "discrimination": {
      "Lyra": {
        "own_mean": 0.5294,
        "cross_mean": 0.4706,
        "gap": 0.0588
      },
      "Cipher": {
        "own_mean": 0.6248,
        "cross_mean": 0.3752,
        "gap": 0.2496
      }
    }
  },
  "coherence": {
    "per_turn": [
      null,
      0.374019980430603,
      0.46252062916755676,
      0.36600613594055176,
      0.7334762811660767,
      0.35440969467163086,
      0.44368791580200195,
      0.6183418035507202,
      0.6906774640083313,
      0.4828763008117676,
      0.5741995573043823,
      0.5705941915512085,
      0.6735739707946777,
      0.4712735414505005,
      0.5164502859115601,
      0.673427939414978,
      0.5905171632766724,
      0.49946892261505127,
      0.5420031547546387,
      0.6436458826065063,
      0.26051294803619385
    ],
    "mean": 0.5270841881632805,
    "min": 0.26051294803619385
  },
  "topic_drift": {
    "per_turn": [
      0.5773981809616089,
      0.5758769512176514,
      0.4931575655937195,
      0.4431927502155304,
      0.3191627264022827,
      0.2998584508895874,
      0.551950216293335,
      0.429084837436676,
      0.5698063373565674,
      0.3232131898403168,
      0.5773442983627319,
      0.3303818702697754,
      0.4622715413570404,
      0.2826097011566162,
      0.20119985938072205,
      0.20993521809577942,
      0.2254091054201126,
      0.25851011276245117,
      0.22752496600151062,
      0.19945645332336426,
      0.1544482409954071
    ],
    "mean": 0.3672282177777517,
    "min": 0.1544482409954071,
    "drift_slope": -0.018308556853950796
  },
  "sentiment": {
    "per_turn": [
      0.6369,
      0.6416,
      0.8684,
      -0.25,
      -0.0207,
      -0.8085,
      0.7535,
      0.7579,
      0.754,
      0.6249,
      0.9676,
      -0.2023,
      0.7783,
      0.1027,
      -0.296,
      0.0,
      -0.5369,
      0.128,
      0.8908,
      -0.2023,
      0.9628
    ],
    "by_speaker": {
      "Lyra": [
        0.6369,
        0.8684,
        -0.0207,
        0.7535,
        0.754,
        0.9676,
        0.7783,
        -0.296,
        -0.5369,
        0.8908,
        0.9628
      ],
      "Cipher": [
        0.6416,
        -0.25,
        -0.8085,
        0.7579,
        0.6249,
        -0.2023,
        0.1027,
        0.0,
        0.128,
        -0.2023
      ]
    },
    "mean": 0.31193809523809524,
    "slope": -0.009750389610389612,
    "volatility": 0.5386472416430861
  },
  "diversity": {
    "by_speaker": {
      "Lyra": {
        "semantic_diversity": 0.6183998584747314,
        "ttr": 0.4226044226044226
      },
      "Cipher": {
        "semantic_diversity": 0.5983923673629761,
        "ttr": 0.4413309982486865
      }
    },
    "global_ttr": 0.3444043321299639
  }
}