{
  "condition_id": "modiso__llama-8b__t06__r01",
  "topic": "Remote work has weakened organisational culture more than it has empowered individuals",
  "turn_count": 21,
  "persona": {
    "by_speaker": {
      "Lyra": {
        "mean": 0.5324626312178041,
        "per_turn": [
          0.5624071225433168,
          0.559524956704718,
          0.5244529988176421,
          0.541598416562712,
          0.46508890078174525,
          0.553148382498039,
          0.5095582952040566,
          0.7368337286323644,
          0.7152152919001012,
          0.29490918439742775,
          0.3943516653537221
        ]
      },
      "Cipher": {
        "mean": 0.47344598265410537,
        "per_turn": [
          0.7219112731111905,
          0.4786044319362707,
          0.6447296312329646,
          0.47858500045697905,
          0.5188424068125306,
          0.492462561184541,
          0.3998593122643195,
          0.2603211229504447,
          0.38483324850433165,
          0.35431083808748176
        ]
      }
    },
    "discrimination": {
      "Lyra": {
        "own_mean": 0.5325,
        "cross_mean": 0.4675,
        "gap": 0.0649
      },
      "Cipher": {
        "own_mean": 0.4734,
        "cross_mean": 0.5266,
        "gap": -0.0531
      }
    }
  },
  "coherence": {
    "per_turn": [
      null,
      0.7017747759819031,
      0.6673867702484131,
      0.6624243259429932,
      0.7338756322860718,
      0.6128067374229431,
      0.560962975025177,
      0.5749518275260925,
      0.5134851336479187,
      0.6725277304649353,
      0.5935726165771484,
      0.4016323685646057,
      0.5976946353912354,
      0.4686959981918335,
      0.6642874479293823,
      0.5145307779312134,
      0.5654222965240479,
      0.21410265564918518,
      0.5342211723327637,
      0.38011327385902405,
      0.11009540408849716
    ],
    "mean": 0.5372282277792693,
    "min": 0.11009540408849716
  },
  "topic_drift": {
    "per_turn": [
      0.6466864943504333,
      0.6994525194168091,
      0.6045520305633545,
      0.598231315612793,
      0.6714695692062378,
      0.7163722515106201,
      0.5841802954673767,
      0.4969319999217987,
      0.37310591340065,
      0.4833526909351349,
      0.18909242749214172,
      0.3681684136390686,
      0.3784114122390747,
      0.4578321576118469,
      0.25679707527160645,
      0.24599574506282806,
      0.17698222398757935,
      0.17888598144054413,
      0.2762174606323242,
      0.16824617981910706,
      0.14508888125419617
    ],
    "mean": 0.41505014470645357,
    "min": 0.14508888125419617,
    "drift_slope": -0.028843038151790578
  },
  "sentiment": {
    "per_turn": [
      0.765,
      0.6808,
      0.431,
      0.5927,
      0.7501,
      -0.5103,
      0.6652,
      0.6369,
      0.5932,
      -0.5789,
      0.1531,
      0.5099,
      0.6288,
      0.2371,
      0.5499,
      -0.8905,
      -0.3818,
      0.0989,
      0.0799,
      -0.8678,
      0.8799
    ],
    "by_speaker": {
      "Lyra": [
        0.765,
        0.431,
        0.7501,
        0.6652,
        0.5932,
        0.1531,
        0.6288,
        0.5499,
        -0.3818,
        0.0799,
        0.8799
      ],
      "Cipher": [
        0.6808,
        0.5927,
        -0.5103,
        0.6369,
        -0.5789,
        0.5099,
        0.2371,
        -0.8905,
        0.0989,
        -0.8678
      ]
    },
    "mean": 0.23919523809523816,
    "slope": -0.03668415584415586,
    "volatility": 0.5460737596055182
  },
  "diversity": {
    "by_speaker": {
      "Lyra": {
        "semantic_diversity": 0.6922075152397156,
        "ttr": 0.42513368983957217
      },
      "Cipher": {
        "semantic_diversity": 0.6479253172874451,
        "ttr": 0.45263157894736844
      }
    },
    "global_ttr": 0.3535660091047041
  }
}