{
  "condition_id": "modiso__llama-8b__t07__r01",
  "topic": "Meaningful climate action and sustained economic growth are fundamentally incompatible",
  "turn_count": 21,
  "persona": {
    "by_speaker": {
      "Lyra": {
        "mean": 0.4920033781650432,
        "per_turn": [
          0.517197260360331,
          0.7531753130870953,
          0.5199820449565694,
          0.4738966731006105,
          0.49543721880375746,
          0.4836568320362713,
          0.23331283799784455,
          0.3026486429250248,
          0.5417900043767614,
          0.7870303434206589,
          0.3039099887505504
        ]
      },
      "Cipher": {
        "mean": 0.605762980878639,
        "per_turn": [
          0.7754793295603595,
          0.4700235546385497,
          0.7643441996452951,
          0.5177741115495635,
          0.748286680260078,
          0.5792382288795076,
          0.7161053178210639,
          0.45112804358089387,
          0.4816819448463522,
          0.5535683980047266
        ]
      }
    },
    "discrimination": {
      "Lyra": {
        "own_mean": 0.492,
        "cross_mean": 0.508,
        "gap": -0.016
      },
      "Cipher": {
        "own_mean": 0.6058,
        "cross_mean": 0.3942,
        "gap": 0.2115
      }
    }
  },
  "coherence": {
    "per_turn": [
      null,
      0.6845895648002625,
      0.6915619969367981,
      0.5323206186294556,
      0.4852074086666107,
      0.5410902500152588,
      0.38802510499954224,
      0.6242712736129761,
      0.561447262763977,
      0.7993112802505493,
      0.4744740128517151,
      0.6318367719650269,
      0.5994733572006226,
      0.3894907236099243,
      0.7928352355957031,
      0.499286949634552,
      0.5323486328125,
      0.801709771156311,
      0.6523410081863403,
      0.7343999147415161,
      0.40687295794487
    ],
    "mean": 0.5911447048187256,
    "min": 0.38802510499954224
  },
  "topic_drift": {
    "per_turn": [
      0.7343066930770874,
      0.7908357381820679,
      0.5554887652397156,
      0.37918075919151306,
      0.5028433203697205,
      0.28407225012779236,
      0.2029886096715927,
      0.37910494208335876,
      0.42154717445373535,
      0.46670112013816833,
      0.4295434355735779,
      0.22873911261558533,
      0.36899709701538086,
      0.28013139963150024,
      0.3882465660572052,
      0.21099086105823517,
      0.35181164741516113,
      0.3932390809059143,
      0.4443725347518921,
      0.47048407793045044,
      0.5932067036628723
    ],
    "mean": 0.42270628043583464,
    "min": 0.2029886096715927,
    "drift_slope": -0.00812368100726759
  },
  "sentiment": {
    "per_turn": [
      0.7096,
      0.775,
      0.8995,
      0.8675,
      0.7469,
      0.2512,
      0.9808,
      0.9481,
      0.4118,
      -0.7149,
      0.9449,
      0.4678,
      0.9774,
      -0.7689,
      0.9009,
      0.7743,
      0.9153,
      0.6486,
      0.9162,
      0.34,
      0.9509
    ],
    "by_speaker": {
      "Lyra": [
        0.7096,
        0.8995,
        0.7469,
        0.9808,
        0.4118,
        0.9449,
        0.9774,
        0.9009,
        0.9153,
        0.9162,
        0.9509
      ],
      "Cipher": [
        0.775,
        0.8675,
        0.2512,
        0.9481,
        -0.7149,
        0.4678,
        -0.7689,
        0.7743,
        0.6486,
        0.34
      ]
    },
    "mean": 0.6163285714285716,
    "slope": -0.0031577922077922,
    "volatility": 0.4898134028993735
  },
  "diversity": {
    "by_speaker": {
      "Lyra": {
        "semantic_diversity": 0.5351199507713318,
        "ttr": 0.42245989304812837
      },
      "Cipher": {
        "semantic_diversity": 0.6323636770248413,
        "ttr": 0.4515539305301645
      }
    },
    "global_ttr": 0.3413127413127413
  }
}