{
  "condition_id": "modiso__qwen-235b__t01__r01",
  "topic": "Social media has done more harm than good to mental health and democracy",
  "turn_count": 21,
  "persona": {
    "by_speaker": {
      "Lyra": {
        "mean": 0.5690267167776187,
        "per_turn": [
          0.6145434579435818,
          0.5807484931595368,
          0.5637694742553043,
          0.5554559979961111,
          0.538635001930434,
          0.48089155197151257,
          0.5153373737672498,
          0.5862839932457162,
          0.5957127683655428,
          0.5101869259499914,
          0.7177288459688262
        ]
      },
      "Cipher": {
        "mean": 0.6018516754061599,
        "per_turn": [
          0.685804979293934,
          0.51548749585392,
          0.7262203789474075,
          0.6817374312106647,
          0.49840432232290977,
          0.40843504578037537,
          0.5404028026777423,
          0.7409315198663737,
          0.4575258051437111,
          0.7635669729645602
        ]
      }
    },
    "discrimination": {
      "Lyra": {
        "own_mean": 0.569,
        "cross_mean": 0.431,
        "gap": 0.1381
      },
      "Cipher": {
        "own_mean": 0.6019,
        "cross_mean": 0.3981,
        "gap": 0.2037
      }
    }
  },
  "coherence": {
    "per_turn": [
      null,
      0.34528547525405884,
      0.3405337631702423,
      0.30418699979782104,
      0.4048713445663452,
      0.5981174111366272,
      0.5321958065032959,
      0.40315568447113037,
      0.49223095178604126,
      0.41679155826568604,
      0.5464522838592529,
      0.26447874307632446,
      0.3701053559780121,
      0.39705169200897217,
      0.3106994926929474,
      0.4224792420864105,
      0.48450443148612976,
      0.4187219738960266,
      0.4635086953639984,
      0.29951798915863037,
      0.1513679027557373
    ],
    "mean": 0.3983128398656845,
    "min": 0.1513679027557373
  },
  "topic_drift": {
    "per_turn": [
      0.47001728415489197,
      0.43855226039886475,
      0.30527687072753906,
      0.16747801005840302,
      0.18953806161880493,
      0.13411034643650055,
      0.15956121683120728,
      0.22502321004867554,
      0.3107908368110657,
      0.280680775642395,
      0.3198479413986206,
      0.12768980860710144,
      0.29146260023117065,
      0.08345060050487518,
      0.26207947731018066,
      -0.0027197562158107758,
      0.10893766582012177,
      0.2144547551870346,
      0.1638636589050293,
      0.03354183956980705,
      0.06719952076673508
    ],
    "mean": 0.20718271356253398,
    "min": -0.0027197562158107758,
    "drift_slope": -0.012791928590892197
  },
  "sentiment": {
    "per_turn": [
      0.5106,
      0.886,
      -0.25,
      0.743,
      -0.3561,
      0.2951,
      0.3952,
      -0.6705,
      0.7684,
      -0.1901,
      0.1154,
      -0.4939,
      0.3622,
      -0.9313,
      0.2263,
      -0.7469,
      0.8266,
      -0.3291,
      -0.2023,
      -0.7976,
      0.802
    ],
    "by_speaker": {
      "Lyra": [
        0.5106,
        -0.25,
        -0.3561,
        0.3952,
        0.7684,
        0.1154,
        0.3622,
        0.2263,
        0.8266,
        -0.2023,
        0.802
      ],
      "Cipher": [
        0.886,
        0.743,
        0.2951,
        -0.6705,
        -0.1901,
        -0.4939,
        -0.9313,
        -0.7469,
        -0.3291,
        -0.7976
      ]
    },
    "mean": 0.04585714285714285,
    "slope": -0.026038311688311697,
    "volatility": 0.5789572577129537
  },
  "diversity": {
    "by_speaker": {
      "Lyra": {
        "semantic_diversity": 0.6933342814445496,
        "ttr": 0.5257575757575758
      },
      "Cipher": {
        "semantic_diversity": 0.7490439414978027,
        "ttr": 0.45724907063197023
      }
    },
    "global_ttr": 0.39315525876460766
  }
}