{
  "condition_id": "modiso__gpt-oss-20b__t06__r02",
  "topic": "Remote work has weakened organisational culture more than it has empowered individuals",
  "turn_count": 21,
  "persona": {
    "by_speaker": {
      "Lyra": {
        "mean": 0.6528135488249432,
        "per_turn": [
          0.28896324916039734,
          0.6555726624129442,
          0.8356052360090276,
          0.5849831368752325,
          0.8657824343603222,
          0.7598330330031909,
          0.806541864414417,
          0.5930312306398721,
          0.6346772471140137,
          0.5458204132830649,
          0.6101385298018935
        ]
      },
      "Cipher": {
        "mean": 0.5956021891449872,
        "per_turn": [
          0.4882819759989212,
          0.6432159143133594,
          0.6144473297635865,
          0.4033670229080536,
          0.5658986764077757,
          0.7193837719035081,
          0.6347808452130411,
          0.5629016125864034,
          0.6810212712470198,
          0.6427234711082027
        ]
      }
    },
    "discrimination": {
      "Lyra": {
        "own_mean": 0.6528,
        "cross_mean": 0.3472,
        "gap": 0.3056
      },
      "Cipher": {
        "own_mean": 0.5956,
        "cross_mean": 0.4044,
        "gap": 0.1912
      }
    }
  },
  "coherence": {
    "per_turn": [
      null,
      0.6882559657096863,
      0.6267889738082886,
      0.4099774658679962,
      0.42739441990852356,
      0.30780524015426636,
      0.38326215744018555,
      0.6610184907913208,
      0.7979691028594971,
      0.5694194436073303,
      0.5809363126754761,
      0.472781777381897,
      0.5960706472396851,
      0.3862403631210327,
      0.5175427198410034,
      0.43628185987472534,
      0.5930253863334656,
      0.2752390503883362,
      0.4579753875732422,
      0.30292370915412903,
      0.34146302938461304
    ],
    "mean": 0.49161857515573504,
    "min": 0.2752390503883362
  },
  "topic_drift": {
    "per_turn": [
      0.8425686359405518,
      0.7247364521026611,
      0.48409467935562134,
      0.22077365219593048,
      0.3500005006790161,
      0.33001142740249634,
      0.5537914037704468,
      0.6016634702682495,
      0.6038039326667786,
      0.5812755227088928,
      0.31509995460510254,
      0.07852393388748169,
      0.324506014585495,
      0.4021530747413635,
      0.3402145206928253,
      0.2822999954223633,
      0.23015570640563965,
      0.310854971408844,
      0.2156284600496292,
      0.3296154737472534,
      0.3381054997444153
    ],
    "mean": 0.40285129916100276,
    "min": 0.07852393388748169,
    "drift_slope": -0.01764895163186185
  },
  "sentiment": {
    "per_turn": [
      0.6908,
      -0.4592,
      0.5187,
      0.9196,
      0.7096,
      -0.5994,
      0.3182,
      0.6922,
      0.891,
      -0.4585,
      0.3919,
      0.1901,
      0.351,
      0.8928,
      0.7783,
      0.915,
      0.9513,
      0.7717,
      0.8225,
      0.0516,
      0.9444
    ],
    "by_speaker": {
      "Lyra": [
        0.6908,
        0.5187,
        0.7096,
        0.3182,
        0.891,
        0.3919,
        0.351,
        0.7783,
        0.9513,
        0.8225,
        0.9444
      ],
      "Cipher": [
        -0.4592,
        0.9196,
        -0.5994,
        0.6922,
        -0.4585,
        0.1901,
        0.8928,
        0.915,
        0.7717,
        0.0516
      ]
    },
    "mean": 0.4896952380952381,
    "slope": 0.025404285714285713,
    "volatility": 0.48002014489095535
  },
  "diversity": {
    "by_speaker": {
      "Lyra": {
        "semantic_diversity": 0.5872753262519836,
        "ttr": 0.48464163822525597
      },
      "Cipher": {
        "semantic_diversity": 0.6132194399833679,
        "ttr": 0.42439862542955326
      }
    },
    "global_ttr": 0.3672945205479452
  }
}