{
  "condition_id": "modiso__qwen-32b__t01__r02",
  "topic": "Social media has done more harm than good to mental health and democracy",
  "turn_count": 21,
  "persona": {
    "by_speaker": {
      "Lyra": {
        "mean": 0.5357013625589725,
        "per_turn": [
          0.6423266828400502,
          0.5327779494940681,
          0.49903801093076655,
          0.5206376719221051,
          0.43242362476944607,
          0.5173357891395571,
          0.5269620988696422,
          0.5666481883921035,
          0.5130025611884125,
          0.5240561103410044,
          0.6175063002615409
        ]
      },
      "Cipher": {
        "mean": 0.5346037967324158,
        "per_turn": [
          0.7104543230356319,
          0.4756462320455357,
          0.6729445645490338,
          0.4507950745500673,
          0.3467823858093483,
          0.7506244666043106,
          0.46184009220410044,
          0.5085412458066372,
          0.48160480035171455,
          0.48680478236777774
        ]
      }
    },
    "discrimination": {
      "Lyra": {
        "own_mean": 0.5357,
        "cross_mean": 0.4643,
        "gap": 0.0714
      },
      "Cipher": {
        "own_mean": 0.5346,
        "cross_mean": 0.4654,
        "gap": 0.0692
      }
    }
  },
  "coherence": {
    "per_turn": [
      null,
      0.5900978446006775,
      0.46192029118537903,
      0.5625606775283813,
      0.5557516813278198,
      0.6262876987457275,
      0.4338762164115906,
      0.5522210597991943,
      0.3094913363456726,
      0.48499545454978943,
      0.5915226936340332,
      0.3333010971546173,
      0.40689828991889954,
      0.4053974449634552,
      0.5445720553398132,
      0.3852733373641968,
      0.4275304675102234,
      0.4312039613723755,
      0.2529006600379944,
      0.5673934817314148,
      0.20061135292053223
    ],
    "mean": 0.4561903551220894,
    "min": 0.20061135292053223
  },
  "topic_drift": {
    "per_turn": [
      0.520636796951294,
      0.6396809816360474,
      0.24700474739074707,
      0.1919311136007309,
      0.27785953879356384,
      0.35608649253845215,
      0.2681509256362915,
      0.32663965225219727,
      0.059356313198804855,
      0.17899882793426514,
      0.14657488465309143,
      0.08752353489398956,
      0.22664056718349457,
      0.34070390462875366,
      0.29575175046920776,
      0.1898813247680664,
      0.20320244133472443,
      0.229252427816391,
      0.15751796960830688,
      0.30223891139030457,
      0.1288335919380188
    ],
    "mean": 0.2559269856484163,
    "min": 0.059356313198804855,
    "drift_slope": -0.01077004526923229
  },
  "sentiment": {
    "per_turn": [
      0.743,
      0.3766,
      0.34,
      -0.0,
      0.6007,
      -0.5647,
      0.1633,
      0.6124,
      0.9161,
      0.8667,
      0.5594,
      0.4588,
      0.93,
      0.4939,
      0.6808,
      0.5859,
      0.1556,
      -0.296,
      -0.2023,
      0.6369,
      0.875
    ],
    "by_speaker": {
      "Lyra": [
        0.743,
        0.34,
        0.6007,
        0.1633,
        0.9161,
        0.5594,
        0.93,
        0.6808,
        0.1556,
        -0.2023,
        0.875
      ],
      "Cipher": [
        0.3766,
        -0.0,
        -0.5647,
        0.6124,
        0.8667,
        0.4588,
        0.4939,
        0.5859,
        -0.296,
        0.6369
      ]
    },
    "mean": 0.42533809523809524,
    "slope": 0.0021676623376623346,
    "volatility": 0.4050396341290806
  },
  "diversity": {
    "by_speaker": {
      "Lyra": {
        "semantic_diversity": 0.6971867084503174,
        "ttr": 0.49137931034482757
      },
      "Cipher": {
        "semantic_diversity": 0.6800127029418945,
        "ttr": 0.5108910891089109
      }
    },
    "global_ttr": 0.39815668202764976
  }
}