{
  "condition_id": "modiso__llama-70b__t00__r03",
  "topic": "AI will eliminate more jobs than it creates within the next decade",
  "turn_count": 21,
  "persona": {
    "by_speaker": {
      "Lyra": {
        "mean": 0.7475691076436511,
        "per_turn": [
          0.7552540019247194,
          0.7992207114963522,
          0.7576024222453701,
          0.7434909735747874,
          0.7407282383483819,
          0.7748453851160193,
          0.7872049359617183,
          0.7229405659073138,
          0.7234613338717255,
          0.7792908678433521,
          0.6392207477904217
        ]
      },
      "Cipher": {
        "mean": 0.578405570668949,
        "per_turn": [
          0.7207235287211732,
          0.48863961601143047,
          0.7924024249105777,
          0.5149950821886541,
          0.4673166288184986,
          0.4931900818468382,
          0.5471681797489942,
          0.5351874504859948,
          0.4580027794501593,
          0.7664299345071695
        ]
      }
    },
    "discrimination": {
      "Lyra": {
        "own_mean": 0.7476,
        "cross_mean": 0.2524,
        "gap": 0.4951
      },
      "Cipher": {
        "own_mean": 0.5784,
        "cross_mean": 0.4216,
        "gap": 0.1568
      }
    }
  },
  "coherence": {
    "per_turn": [
      null,
      0.6223037838935852,
      0.5215492248535156,
      0.47552382946014404,
      0.36930084228515625,
      0.6153363585472107,
      0.5554517507553101,
      0.4473282992839813,
      0.5535128116607666,
      0.5205543637275696,
      0.460966557264328,
      0.526300311088562,
      0.5323391556739807,
      0.6426733136177063,
      0.6543049812316895,
      0.6961106061935425,
      0.6721026301383972,
      0.4191139340400696,
      0.4932478368282318,
      0.5417138934135437,
      0.06968820840120316
    ],
    "mean": 0.5194711346179247,
    "min": 0.06968820840120316
  },
  "topic_drift": {
    "per_turn": [
      0.8639334440231323,
      0.5826142430305481,
      0.3815784454345703,
      0.5715335011482239,
      0.3083558976650238,
      0.5344403982162476,
      0.2980591654777527,
      0.4347124695777893,
      0.5800819396972656,
      0.63040691614151,
      0.4326661229133606,
      0.23516735434532166,
      0.149244025349617,
      0.40867000818252563,
      0.501395583152771,
      0.6147483587265015,
      0.5201811194419861,
      0.23221640288829803,
      0.2114228457212448,
      0.35008639097213745,
      0.05377700924873352
    ],
    "mean": 0.4235853162549791,
    "min": 0.05377700924873352,
    "drift_slope": -0.01659738373059732
  },
  "sentiment": {
    "per_turn": [
      0.4173,
      0.1406,
      0.9763,
      0.6808,
      -0.2782,
      0.0516,
      0.8324,
      0.6317,
      0.8822,
      -0.7351,
      0.7983,
      0.4215,
      0.7683,
      0.4497,
      0.8582,
      0.7696,
      0.9529,
      -0.4767,
      0.8748,
      -0.041,
      0.9585
    ],
    "by_speaker": {
      "Lyra": [
        0.4173,
        0.9763,
        -0.2782,
        0.8324,
        0.8822,
        0.7983,
        0.7683,
        0.8582,
        0.9529,
        0.8748,
        0.9585
      ],
      "Cipher": [
        0.1406,
        0.6808,
        0.0516,
        0.6317,
        -0.7351,
        0.4215,
        0.4497,
        0.7696,
        -0.4767,
        -0.041
      ]
    },
    "mean": 0.4730333333333334,
    "slope": 0.008215194805194809,
    "volatility": 0.49566785954318954
  },
  "diversity": {
    "by_speaker": {
      "Lyra": {
        "semantic_diversity": 0.5712149739265442,
        "ttr": 0.4085510688836104
      },
      "Cipher": {
        "semantic_diversity": 0.5674326419830322,
        "ttr": 0.4608208955223881
      }
    },
    "global_ttr": 0.3548621190130624
  }
}