{
  "condition_id": "modiso__gpt-oss-20b__t04__r02",
  "topic": "Strong government regulation of AI development will cause more harm than good",
  "turn_count": 21,
  "persona": {
    "by_speaker": {
      "Lyra": {
        "mean": 0.4617365202607292,
        "per_turn": [
          0.43277700403560704,
          0.45912809258597453,
          0.4611412878945761,
          0.5417600049110224,
          0.4773683067831135,
          0.714032605581036,
          0.464078463185964,
          0.18431685406243806,
          0.39534250452444986,
          0.43365148287123,
          0.5155051164326099
        ]
      },
      "Cipher": {
        "mean": 0.7279907123854485,
        "per_turn": [
          0.8253244611481273,
          0.815116658159978,
          0.7946366800749135,
          0.7470253493464034,
          0.6154925184040207,
          0.5057050493619988,
          0.922774255295003,
          0.6227952225966611,
          0.9031777810430679,
          0.5278591484243118
        ]
      }
    },
    "discrimination": {
      "Lyra": {
        "own_mean": 0.4617,
        "cross_mean": 0.5383,
        "gap": -0.0765
      },
      "Cipher": {
        "own_mean": 0.728,
        "cross_mean": 0.272,
        "gap": 0.456
      }
    }
  },
  "coherence": {
    "per_turn": [
      null,
      0.7275294065475464,
      0.38951629400253296,
      0.5887660980224609,
      0.5198351740837097,
      0.4396060109138489,
      0.5461205244064331,
      0.44551488757133484,
      0.5166159868240356,
      0.4697727859020233,
      0.5240506529808044,
      0.5620501041412354,
      0.6364890336990356,
      0.5869466066360474,
      0.7071066498756409,
      0.5613396167755127,
      0.6314631700515747,
      0.4975699782371521,
      0.6612288951873779,
      0.45916563272476196,
      0.19304347038269043
    ],
    "mean": 0.533186548948288,
    "min": 0.19304347038269043
  },
  "topic_drift": {
    "per_turn": [
      0.8643046021461487,
      0.7538456916809082,
      0.41216856241226196,
      0.6147761940956116,
      0.41499561071395874,
      0.3923085927963257,
      0.27509939670562744,
      0.4243115186691284,
      0.32531601190567017,
      0.31701189279556274,
      0.29918065667152405,
      0.372883141040802,
      0.45875951647758484,
      0.4048246145248413,
      0.6386080980300903,
      0.18752169609069824,
      0.2648659348487854,
      0.4392887055873871,
      0.38097140192985535,
      0.26374223828315735,
      0.5751599669456482
    ],
    "mean": 0.4323782878262656,
    "min": 0.18752169609069824,
    "drift_slope": -0.01167110042138533
  },
  "sentiment": {
    "per_turn": [
      -0.1102,
      -0.8945,
      0.8537,
      0.1706,
      -0.3485,
      -0.5734,
      0.6249,
      0.7717,
      0.7964,
      -0.631,
      -0.7744,
      0.7579,
      0.3964,
      -0.4912,
      0.8834,
      0.9505,
      0.9477,
      0.8176,
      0.9186,
      0.9573,
      0.9524
    ],
    "by_speaker": {
      "Lyra": [
        -0.1102,
        0.8537,
        -0.3485,
        0.6249,
        0.7964,
        -0.7744,
        0.3964,
        0.8834,
        0.9477,
        0.9186,
        0.9524
      ],
      "Cipher": [
        -0.8945,
        0.1706,
        -0.5734,
        0.7717,
        -0.631,
        0.7579,
        -0.4912,
        0.9505,
        0.8176,
        0.9573
      ]
    },
    "mean": 0.33218571428571425,
    "slope": 0.05918350649350649,
    "volatility": 0.6623136476709177
  },
  "diversity": {
    "by_speaker": {
      "Lyra": {
        "semantic_diversity": 0.5851392149925232,
        "ttr": 0.5665024630541872
      },
      "Cipher": {
        "semantic_diversity": 0.5997998118400574,
        "ttr": 0.4632867132867133
      }
    },
    "global_ttr": 0.42337002540220153
  }
}