{
  "condition_id": "modiso__qwen-32b__t03__r02",
  "topic": "The resources spent on space exploration would produce greater good if redirected to Earth's problems",
  "turn_count": 21,
  "persona": {
    "by_speaker": {
      "Lyra": {
        "mean": 0.5877336430314899,
        "per_turn": [
          0.6260949971021824,
          0.7537957542985156,
          0.5780692315466902,
          0.49029976814372433,
          0.556305001854424,
          0.5656530914047649,
          0.5644077136498419,
          0.6058368948046138,
          0.5793289169206612,
          0.5669930231057623,
          0.5782856805152079
        ]
      },
      "Cipher": {
        "mean": 0.6192886083151237,
        "per_turn": [
          0.7210159966939805,
          0.7552872516815008,
          0.7175780306031554,
          0.4740303229182712,
          0.7203330426728787,
          0.6915887193796181,
          0.3747587258467791,
          0.723739857431744,
          0.5485505148538199,
          0.46600362106948934
        ]
      }
    },
    "discrimination": {
      "Lyra": {
        "own_mean": 0.5877,
        "cross_mean": 0.4123,
        "gap": 0.1755
      },
      "Cipher": {
        "own_mean": 0.6193,
        "cross_mean": 0.3807,
        "gap": 0.2386
      }
    }
  },
  "coherence": {
    "per_turn": [
      null,
      0.5608826279640198,
      0.6046290993690491,
      0.5709477663040161,
      0.4672607183456421,
      0.5311919450759888,
      0.42107462882995605,
      0.5469404458999634,
      0.5403985977172852,
      0.6370548009872437,
      0.5539073944091797,
      0.5701170563697815,
      0.6139723658561707,
      0.5247784852981567,
      0.5519723296165466,
      0.4813828468322754,
      0.38144898414611816,
      0.36350706219673157,
      0.24449574947357178,
      0.4885953664779663,
      0.3428173065185547
    ],
    "mean": 0.49986877888441084,
    "min": 0.24449574947357178
  },
  "topic_drift": {
    "per_turn": [
      0.5744948387145996,
      0.688325047492981,
      0.4912918210029602,
      0.49122339487075806,
      0.46557873487472534,
      0.3786381781101227,
      0.38063234090805054,
      0.4905160665512085,
      0.49398842453956604,
      0.5165998935699463,
      0.44524773955345154,
      0.45723873376846313,
      0.3293397128582001,
      0.44421106576919556,
      0.3758859634399414,
      0.2938331961631775,
      0.2687722146511078,
      0.32758596539497375,
      0.2635895311832428,
      0.37682583928108215,
      0.15456756949424744
    ],
    "mean": 0.4146850605805715,
    "min": 0.15456756949424744,
    "drift_slope": -0.015741907814880468
  },
  "sentiment": {
    "per_turn": [
      0.872,
      0.7827,
      0.8954,
      0.6956,
      0.6124,
      0.3291,
      0.3639,
      -0.5927,
      0.3182,
      -0.0772,
      0.3607,
      -0.2144,
      0.8176,
      0.6486,
      0.7876,
      0.3818,
      0.0387,
      0.1406,
      0.6486,
      0.9136,
      0.6705
    ],
    "by_speaker": {
      "Lyra": [
        0.872,
        0.8954,
        0.6124,
        0.3639,
        0.3182,
        0.3607,
        0.8176,
        0.7876,
        0.0387,
        0.6486,
        0.6705
      ],
      "Cipher": [
        0.7827,
        0.6956,
        0.3291,
        -0.5927,
        -0.0772,
        -0.2144,
        0.6486,
        0.3818,
        0.1406,
        0.9136
      ]
    },
    "mean": 0.4473,
    "slope": -0.004668441558441564,
    "volatility": 0.39573564167918723
  },
  "diversity": {
    "by_speaker": {
      "Lyra": {
        "semantic_diversity": 0.5974804162979126,
        "ttr": 0.47186932849364793
      },
      "Cipher": {
        "semantic_diversity": 0.578392744064331,
        "ttr": 0.4461538461538462
      }
    },
    "global_ttr": 0.37441643323996265
  }
}