{
  "condition_id": "modiso__qwen-235b__t03__r01",
  "topic": "The resources spent on space exploration would produce greater good if redirected to Earth's problems",
  "turn_count": 21,
  "persona": {
    "by_speaker": {
      "Lyra": {
        "mean": 0.6013707746867575,
        "per_turn": [
          0.5752322009051112,
          0.5867849122077784,
          0.5053847486094776,
          0.749200390531489,
          0.5873820442917694,
          0.5624399658734713,
          0.6055180020020576,
          0.646594227245715,
          0.5937421629844133,
          0.589365736898893,
          0.6134341300041564
        ]
      },
      "Cipher": {
        "mean": 0.5611359477504415,
        "per_turn": [
          0.6496055147051214,
          0.47534589127649296,
          0.4860702394154564,
          0.6907873103683074,
          0.44703877417248294,
          0.7513910858830835,
          0.6221548817937959,
          0.38383213068695443,
          0.6765199808457535,
          0.4286136683569668
        ]
      }
    },
    "discrimination": {
      "Lyra": {
        "own_mean": 0.6014,
        "cross_mean": 0.3986,
        "gap": 0.2027
      },
      "Cipher": {
        "own_mean": 0.5611,
        "cross_mean": 0.4389,
        "gap": 0.1223
      }
    }
  },
  "coherence": {
    "per_turn": [
      null,
      0.5839810371398926,
      0.5932822227478027,
      0.5683196783065796,
      0.6618852615356445,
      0.7002953886985779,
      0.37363022565841675,
      0.4515502452850342,
      0.5790629982948303,
      0.5270040035247803,
      0.43321412801742554,
      0.548154890537262,
      0.4531942903995514,
      0.638283371925354,
      0.572746217250824,
      0.596628725528717,
      0.5892915725708008,
      0.4977164566516876,
      0.3185538649559021,
      0.43896484375,
      0.35856080055236816
    ],
    "mean": 0.5242160111665726,
    "min": 0.3185538649559021
  },
  "topic_drift": {
    "per_turn": [
      0.5678509473800659,
      0.5999679565429688,
      0.5208299160003662,
      0.559438943862915,
      0.47873634099960327,
      0.5754309892654419,
      0.36205700039863586,
      0.5537466406822205,
      0.48989757895469666,
      0.6161817312240601,
      0.44891199469566345,
      0.4154912233352661,
      0.41385769844055176,
      0.3041069507598877,
      0.49648821353912354,
      0.4269401431083679,
      0.3580428957939148,
      0.4810860753059387,
      0.2117362916469574,
      0.389526903629303,
      0.13558539748191833
    ],
    "mean": 0.44790056347846985,
    "min": 0.13558539748191833,
    "drift_slope": -0.014634316153340524
  },
  "sentiment": {
    "per_turn": [
      -0.1027,
      0.9011,
      0.8889,
      0.5423,
      -0.5719,
      0.6124,
      0.631,
      0.0129,
      0.0972,
      -0.128,
      0.25,
      -0.2732,
      0.8481,
      -0.1576,
      -0.128,
      0.5423,
      0.4767,
      -0.4939,
      0.1655,
      0.8519,
      0.6757
    ],
    "by_speaker": {
      "Lyra": [
        -0.1027,
        0.8889,
        -0.5719,
        0.631,
        0.0972,
        0.25,
        0.8481,
        -0.128,
        0.4767,
        0.1655,
        0.6757
      ],
      "Cipher": [
        0.9011,
        0.5423,
        0.6124,
        0.0129,
        -0.128,
        -0.2732,
        -0.1576,
        0.5423,
        -0.4939,
        0.8519
      ]
    },
    "mean": 0.2686047619047619,
    "slope": -0.002531428571428573,
    "volatility": 0.4572434013439257
  },
  "diversity": {
    "by_speaker": {
      "Lyra": {
        "semantic_diversity": 0.6250597238540649,
        "ttr": 0.4923599320882852
      },
      "Cipher": {
        "semantic_diversity": 0.5016527771949768,
        "ttr": 0.4484732824427481
      }
    },
    "global_ttr": 0.3917340521114106
  }
}