{
  "condition_id": "modiso__llama-70b__t04__r03",
  "topic": "Strong government regulation of AI development will cause more harm than good",
  "turn_count": 21,
  "persona": {
    "by_speaker": {
      "Lyra": {
        "mean": 0.49086920256808175,
        "per_turn": [
          0.7180251509400792,
          0.43747197313810376,
          0.46320519278275124,
          0.6878298999092279,
          0.19121179957589074,
          0.46315205607935783,
          0.550904358750741,
          0.4615486673314185,
          0.5003213336280221,
          0.44456528596278366,
          0.48132551015052305
        ]
      },
      "Cipher": {
        "mean": 0.5922421747402984,
        "per_turn": [
          0.8344069325776216,
          0.5250380874740559,
          0.5480636009630007,
          0.5859705630611771,
          0.49928868162222484,
          0.5024739336119464,
          0.5339872262516279,
          0.7926091957852115,
          0.5552139470962185,
          0.5453695789598998
        ]
      }
    },
    "discrimination": {
      "Lyra": {
        "own_mean": 0.4909,
        "cross_mean": 0.5091,
        "gap": -0.0183
      },
      "Cipher": {
        "own_mean": 0.5922,
        "cross_mean": 0.4078,
        "gap": 0.1845
      }
    }
  },
  "coherence": {
    "per_turn": [
      null,
      0.7741830348968506,
      0.788192629814148,
      0.5487569570541382,
      0.6220360994338989,
      0.5838371515274048,
      0.5237891674041748,
      0.7056525945663452,
      0.6725741624832153,
      0.4939787685871124,
      0.5336747169494629,
      0.7090189456939697,
      0.6086387634277344,
      0.5816412568092346,
      0.6391390562057495,
      0.6739711165428162,
      0.5350130796432495,
      0.632577657699585,
      0.5642458200454712,
      0.5145922899246216,
      0.16116835176944733
    ],
    "mean": 0.5933340810239315,
    "min": 0.16116835176944733
  },
  "topic_drift": {
    "per_turn": [
      0.8477548956871033,
      0.8076192736625671,
      0.7785828709602356,
      0.5725083947181702,
      0.7322291135787964,
      0.41228777170181274,
      0.6936507225036621,
      0.6188641786575317,
      0.6539658904075623,
      0.5021758079528809,
      0.7367286682128906,
      0.5805392861366272,
      0.4305729866027832,
      0.5490130186080933,
      0.5930919051170349,
      0.5226680040359497,
      0.42743420600891113,
      0.5857045650482178,
      0.601096510887146,
      0.37182262539863586,
      0.5427578091621399
    ],
    "mean": 0.5981461192880358,
    "min": 0.37182262539863586,
    "drift_slope": -0.01371004902697228
  },
  "sentiment": {
    "per_turn": [
      0.6651,
      -0.0772,
      0.7906,
      0.0834,
      0.0101,
      0.8864,
      0.9744,
      0.8934,
      0.7778,
      -0.3987,
      0.3818,
      0.6908,
      0.8689,
      -0.2382,
      0.7847,
      0.6654,
      0.9551,
      0.8294,
      0.7941,
      -0.5859,
      0.9299
    ],
    "by_speaker": {
      "Lyra": [
        0.6651,
        0.7906,
        0.0101,
        0.9744,
        0.7778,
        0.3818,
        0.8689,
        0.7847,
        0.9551,
        0.7941,
        0.9299
      ],
      "Cipher": [
        -0.0772,
        0.0834,
        0.8864,
        0.8934,
        -0.3987,
        0.6908,
        -0.2382,
        0.6654,
        0.8294,
        -0.5859
      ]
    },
    "mean": 0.5086333333333334,
    "slope": 0.0064971428571428645,
    "volatility": 0.4818979612733022
  },
  "diversity": {
    "by_speaker": {
      "Lyra": {
        "semantic_diversity": 0.44890156388282776,
        "ttr": 0.4219948849104859
      },
      "Cipher": {
        "semantic_diversity": 0.5467959046363831,
        "ttr": 0.5172413793103449
      }
    },
    "global_ttr": 0.3667736757624398
  }
}