{
  "condition_id": "modiso__llama-8b__t04__r01",
  "topic": "Strong government regulation of AI development will cause more harm than good",
  "turn_count": 21,
  "persona": {
    "by_speaker": {
      "Lyra": {
        "mean": 0.46546017163426506,
        "per_turn": [
          0.49258889675288053,
          0.7393195743645157,
          0.4522477542602237,
          0.454149574488075,
          0.48662702616772924,
          0.4539823902266366,
          0.25323350455521004,
          0.47450418571424613,
          0.5289360887628325,
          0.5016851064358223,
          0.2827877862487444
        ]
      },
      "Cipher": {
        "mean": 0.7167400000022776,
        "per_turn": [
          0.8435194590754335,
          0.816126243933782,
          0.8253224222043376,
          0.5758205195889428,
          0.7892591760752659,
          0.4767940674700699,
          0.8027125881766324,
          0.7858590729148378,
          0.5117433331412329,
          0.7402431174422404
        ]
      }
    },
    "discrimination": {
      "Lyra": {
        "own_mean": 0.4655,
        "cross_mean": 0.5345,
        "gap": -0.0691
      },
      "Cipher": {
        "own_mean": 0.7167,
        "cross_mean": 0.2833,
        "gap": 0.4335
      }
    }
  },
  "coherence": {
    "per_turn": [
      null,
      0.37896794080734253,
      0.6460501551628113,
      0.665287971496582,
      0.5863171815872192,
      0.7688419818878174,
      0.7246147394180298,
      0.6325871348381042,
      0.45198243856430054,
      0.5970098972320557,
      0.7261706590652466,
      0.39937034249305725,
      0.6493104696273804,
      0.6354644298553467,
      0.6440386772155762,
      0.8007500767707825,
      0.5015964508056641,
      0.4674965441226959,
      0.792079508304596,
      0.6601980924606323,
      0.5167317390441895
    ],
    "mean": 0.6122433215379715,
    "min": 0.37896794080734253
  },
  "topic_drift": {
    "per_turn": [
      0.6113375425338745,
      0.6727883219718933,
      0.7120198607444763,
      0.6752960681915283,
      0.5117044448852539,
      0.6125146150588989,
      0.5090512633323669,
      0.34754395484924316,
      0.5427416563034058,
      0.40232086181640625,
      0.5202621817588806,
      0.2658599019050598,
      0.4666163921356201,
      0.41930127143859863,
      0.5007811188697815,
      0.4573410153388977,
      0.23633348941802979,
      0.5888900756835938,
      0.5067844986915588,
      0.42449700832366943,
      0.319674015045166
    ],
    "mean": 0.4906504551569621,
    "min": 0.23633348941802979,
    "drift_slope": -0.012899475051211069
  },
  "sentiment": {
    "per_turn": [
      0.7269,
      -0.3214,
      0.96,
      -0.6187,
      0.4788,
      -0.3182,
      0.2672,
      -0.3545,
      0.9383,
      -0.8898,
      0.9034,
      -0.5216,
      0.9269,
      0.6908,
      0.7105,
      0.6808,
      -0.799,
      -0.6377,
      0.8097,
      0.93,
      0.8979
    ],
    "by_speaker": {
      "Lyra": [
        0.7269,
        0.96,
        0.4788,
        0.2672,
        0.9383,
        0.9034,
        0.9269,
        0.7105,
        -0.799,
        0.8097,
        0.8979
      ],
      "Cipher": [
        -0.3214,
        -0.6187,
        -0.3182,
        -0.3545,
        -0.8898,
        -0.5216,
        0.6908,
        0.6808,
        -0.6377,
        0.93
      ]
    },
    "mean": 0.2600142857142857,
    "slope": 0.018467402597402583,
    "volatility": 0.6719084052413793
  },
  "diversity": {
    "by_speaker": {
      "Lyra": {
        "semantic_diversity": 0.5067580938339233,
        "ttr": 0.41919191919191917
      },
      "Cipher": {
        "semantic_diversity": 0.571092426776886,
        "ttr": 0.44922547332185886
      }
    },
    "global_ttr": 0.3430444282592862
  }
}