{
  "condition_id": "modiso__qwen-235b__t06__r01",
  "topic": "Remote work has weakened organisational culture more than it has empowered individuals",
  "turn_count": 21,
  "persona": {
    "by_speaker": {
      "Lyra": {
        "mean": 0.61835224646123,
        "per_turn": [
          0.556151190091208,
          0.5861160932914896,
          0.6465877619803565,
          0.5281533570017192,
          0.61415428672149,
          0.5728552046727344,
          0.5571384184264065,
          0.6119151916069683,
          0.9099473234029561,
          0.5540411621270709,
          0.6648147217511309
        ]
      },
      "Cipher": {
        "mean": 0.4761323118424784,
        "per_turn": [
          0.3416279739143325,
          0.46535395746416164,
          0.4634021267361157,
          0.6614584083103806,
          0.3763692405819285,
          0.6654636417553832,
          0.6245123006028835,
          0.4005787629808173,
          0.3581692603754444,
          0.4043874457033366
        ]
      }
    },
    "discrimination": {
      "Lyra": {
        "own_mean": 0.6184,
        "cross_mean": 0.3816,
        "gap": 0.2367
      },
      "Cipher": {
        "own_mean": 0.4761,
        "cross_mean": 0.5239,
        "gap": -0.0477
      }
    }
  },
  "coherence": {
    "per_turn": [
      null,
      0.44969066977500916,
      0.2992628216743469,
      0.3616536855697632,
      0.43117186427116394,
      0.33613327145576477,
      0.5273810625076294,
      0.42124468088150024,
      0.6326163411140442,
      0.5336877107620239,
      0.3878059983253479,
      0.33646178245544434,
      0.675139307975769,
      0.2418401539325714,
      0.47066056728363037,
      0.28994128108024597,
      0.625877857208252,
      0.5214189291000366,
      0.6499826312065125,
      0.459338515996933,
      0.18316134810447693
    ],
    "mean": 0.44172352403402326,
    "min": 0.18316134810447693
  },
  "topic_drift": {
    "per_turn": [
      0.5890575647354126,
      0.5835306644439697,
      0.2220723032951355,
      0.21795129776000977,
      0.32132646441459656,
      0.626387357711792,
      0.4442765712738037,
      0.6476652026176453,
      0.5052065849304199,
      0.3410486578941345,
      0.41401419043540955,
      0.08896298706531525,
      0.19809994101524353,
      0.33605295419692993,
      0.16136568784713745,
      0.2773764133453369,
      0.321963369846344,
      0.320071280002594,
      0.25012537837028503,
      0.46415096521377563,
      0.04413781315088272
    ],
    "mean": 0.35118303093172254,
    "min": 0.04413781315088272,
    "drift_slope": -0.013322549168165627
  },
  "sentiment": {
    "per_turn": [
      0.7152,
      0.7269,
      0.8555,
      0.2263,
      0.486,
      -0.2263,
      0.7615,
      0.631,
      -0.6059,
      -0.2263,
      0.6369,
      -0.78,
      0.9081,
      -0.2575,
      -0.6249,
      0.6956,
      0.8093,
      0.0772,
      0.8426,
      0.6249,
      0.4118
    ],
    "by_speaker": {
      "Lyra": [
        0.7152,
        0.8555,
        0.486,
        0.7615,
        -0.6059,
        0.6369,
        0.9081,
        -0.6249,
        0.8093,
        0.8426,
        0.4118
      ],
      "Cipher": [
        0.7269,
        0.2263,
        -0.2263,
        0.631,
        -0.2263,
        -0.78,
        -0.2575,
        0.6956,
        0.0772,
        0.6249
      ]
    },
    "mean": 0.3184714285714286,
    "slope": -0.0055667532467532505,
    "volatility": 0.5383923221192951
  },
  "diversity": {
    "by_speaker": {
      "Lyra": {
        "semantic_diversity": 0.6860051155090332,
        "ttr": 0.4912
      },
      "Cipher": {
        "semantic_diversity": 0.6596306562423706,
        "ttr": 0.44970414201183434
      }
    },
    "global_ttr": 0.3789752650176678
  }
}