{
  "condition_id": "modiso__llama-8b__t04__r03",
  "topic": "Strong government regulation of AI development will cause more harm than good",
  "turn_count": 21,
  "persona": {
    "by_speaker": {
      "Lyra": {
        "mean": 0.4600503418299498,
        "per_turn": [
          0.4688675797915768,
          0.44321865506524094,
          0.46445515438614243,
          0.45503992355816864,
          0.21398821561361941,
          0.48551736802505974,
          0.49104134777622277,
          0.5011099490341049,
          0.5159398339157049,
          0.5151915032616522,
          0.5061842297019554
        ]
      },
      "Cipher": {
        "mean": 0.659511440136135,
        "per_turn": [
          0.7682182698152633,
          0.7940783255274075,
          0.5017154329537615,
          0.8348086488307456,
          0.8215420534012609,
          0.555936717646067,
          0.7966865166147485,
          0.5259270842298842,
          0.4995020903801568,
          0.4966992619620558
        ]
      }
    },
    "discrimination": {
      "Lyra": {
        "own_mean": 0.4601,
        "cross_mean": 0.5399,
        "gap": -0.0799
      },
      "Cipher": {
        "own_mean": 0.6595,
        "cross_mean": 0.3405,
        "gap": 0.319
      }
    }
  },
  "coherence": {
    "per_turn": [
      null,
      0.44586044549942017,
      0.2815192937850952,
      0.691150963306427,
      0.5777806043624878,
      0.5644808411598206,
      0.4832313060760498,
      0.6471142768859863,
      0.7775920629501343,
      0.8465243577957153,
      0.471191942691803,
      0.5944861173629761,
      0.536686897277832,
      0.6415244936943054,
      0.7130856513977051,
      0.675961434841156,
      0.564391016960144,
      0.6900649070739746,
      0.6216362714767456,
      0.3766882121562958,
      0.234172061085701
    ],
    "mean": 0.5717571578919888,
    "min": 0.234172061085701
  },
  "topic_drift": {
    "per_turn": [
      0.6230413913726807,
      0.4618714451789856,
      0.6518493890762329,
      0.5751855373382568,
      0.7329344749450684,
      0.3328492045402527,
      0.6797495484352112,
      0.7546394467353821,
      0.6975041627883911,
      0.595367968082428,
      0.46494972705841064,
      0.7023450136184692,
      0.5282037258148193,
      0.5926623344421387,
      0.499126136302948,
      0.5968142151832581,
      0.5203747749328613,
      0.4969404935836792,
      0.48612236976623535,
      0.26189956068992615,
      0.5740725994110107
    ],
    "mean": 0.5632620723474593,
    "min": 0.26189956068992615,
    "drift_slope": -0.007218893897997884
  },
  "sentiment": {
    "per_turn": [
      0.5584,
      0.2964,
      0.6728,
      0.1154,
      0.9468,
      0.8658,
      -0.576,
      0.0164,
      0.5994,
      0.2062,
      0.3796,
      -0.6059,
      -0.3187,
      0.1779,
      0.6533,
      -0.0772,
      -0.5883,
      0.5423,
      0.7314,
      0.2263,
      0.6486
    ],
    "by_speaker": {
      "Lyra": [
        0.5584,
        0.6728,
        0.9468,
        -0.576,
        0.5994,
        0.3796,
        -0.3187,
        0.6533,
        -0.5883,
        0.7314,
        0.6486
      ],
      "Cipher": [
        0.2964,
        0.1154,
        0.8658,
        0.0164,
        0.2062,
        -0.6059,
        0.1779,
        -0.0772,
        0.5423,
        0.2263
      ]
    },
    "mean": 0.2605190476190476,
    "slope": -0.009667532467532464,
    "volatility": 0.46519151675007564
  },
  "diversity": {
    "by_speaker": {
      "Lyra": {
        "semantic_diversity": 0.47283536195755005,
        "ttr": 0.42668428005284015
      },
      "Cipher": {
        "semantic_diversity": 0.5803269147872925,
        "ttr": 0.4897959183673469
      }
    },
    "global_ttr": 0.36728395061728397
  }
}