{
  "condition_id": "modiso__qwen-235b__t07__r02",
  "topic": "Meaningful climate action and sustained economic growth are fundamentally incompatible",
  "turn_count": 21,
  "persona": {
    "by_speaker": {
      "Lyra": {
        "mean": 0.5156940118308317,
        "per_turn": [
          0.53774929452269,
          0.48487080845428765,
          0.47147200331614775,
          0.46331002998908766,
          0.4854213953063424,
          0.4669783677631651,
          0.4175734656159885,
          0.5503497018391474,
          0.5252048473134554,
          0.5635066662902197,
          0.7061975497286175
        ]
      },
      "Cipher": {
        "mean": 0.5481998772342508,
        "per_turn": [
          0.7613936797483734,
          0.5246808320653626,
          0.5154423542866455,
          0.5919700680356196,
          0.5396695503449591,
          0.6479288424804639,
          0.46620423176188863,
          0.45995749964309096,
          0.4844918239795031,
          0.4902598899966011
        ]
      }
    },
    "discrimination": {
      "Lyra": {
        "own_mean": 0.5157,
        "cross_mean": 0.4843,
        "gap": 0.0314
      },
      "Cipher": {
        "own_mean": 0.5482,
        "cross_mean": 0.4518,
        "gap": 0.0964
      }
    }
  },
  "coherence": {
    "per_turn": [
      null,
      0.42433926463127136,
      0.43275362253189087,
      0.4162532687187195,
      0.550786554813385,
      0.5274847149848938,
      0.6111105680465698,
      0.5768752098083496,
      0.3597313463687897,
      0.4676053822040558,
      0.3347899317741394,
      0.7448369860649109,
      0.6524021625518799,
      0.41471216082572937,
      0.5358818769454956,
      0.46836599707603455,
      0.5689841508865356,
      0.5314639806747437,
      0.420116126537323,
      0.5367281436920166,
      -0.024391207844018936
    ],
    "mean": 0.47754151206463574,
    "min": -0.024391207844018936
  },
  "topic_drift": {
    "per_turn": [
      0.4009377956390381,
      0.7474002242088318,
      0.29852545261383057,
      0.45357632637023926,
      0.4462394714355469,
      0.462596595287323,
      0.44083669781684875,
      0.32728272676467896,
      0.36124759912490845,
      0.34504735469818115,
      0.41263872385025024,
      0.22348162531852722,
      0.28623101115226746,
      0.35799306631088257,
      0.5095855593681335,
      0.26726436614990234,
      0.11871819943189621,
      0.27000516653060913,
      0.13739024102687836,
      0.20675912499427795,
      0.0056075286120176315
    ],
    "mean": 0.3371126122240509,
    "min": 0.0056075286120176315,
    "drift_slope": -0.018492744925927812
  },
  "sentiment": {
    "per_turn": [
      0.5106,
      0.8558,
      0.9187,
      0.9344,
      0.5233,
      0.7964,
      0.9022,
      0.3013,
      0.5423,
      0.1154,
      0.3485,
      0.8885,
      0.7469,
      0.7236,
      0.8504,
      0.4215,
      0.0,
      0.7391,
      0.5859,
      -0.128,
      0.7845
    ],
    "by_speaker": {
      "Lyra": [
        0.5106,
        0.9187,
        0.5233,
        0.9022,
        0.5423,
        0.3485,
        0.7469,
        0.8504,
        0.0,
        0.5859,
        0.7845
      ],
      "Cipher": [
        0.8558,
        0.9344,
        0.7964,
        0.3013,
        0.1154,
        0.8885,
        0.7236,
        0.4215,
        0.7391,
        -0.128
      ]
    },
    "mean": 0.5886333333333333,
    "slope": -0.016775324675324672,
    "volatility": 0.30618621836630777
  },
  "diversity": {
    "by_speaker": {
      "Lyra": {
        "semantic_diversity": 0.6984737515449524,
        "ttr": 0.5403087478559176
      },
      "Cipher": {
        "semantic_diversity": 0.662531316280365,
        "ttr": 0.4863883847549909
      }
    },
    "global_ttr": 0.41798941798941797
  }
}