{
  "condition_id": "modiso__llama-8b__t01__r02",
  "topic": "Social media has done more harm than good to mental health and democracy",
  "turn_count": 21,
  "persona": {
    "by_speaker": {
      "Lyra": {
        "mean": 0.4854617928145208,
        "per_turn": [
          0.6439006489374548,
          0.2138555881940247,
          0.7700563720928335,
          0.27014525678210327,
          0.5167349679338022,
          0.606633432434996,
          0.23773521684972299,
          0.2305167396833659,
          0.5379233963572189,
          0.7050828644216087,
          0.6074952372725977
        ]
      },
      "Cipher": {
        "mean": 0.5696822383731899,
        "per_turn": [
          0.709380235674381,
          0.4603024553404786,
          0.5281143528149871,
          0.7536122640830365,
          0.46070262795406636,
          0.5087322591733623,
          0.4785576069919617,
          0.7558455001390683,
          0.5460649113979871,
          0.4955101701625697
        ]
      }
    },
    "discrimination": {
      "Lyra": {
        "own_mean": 0.4855,
        "cross_mean": 0.5145,
        "gap": -0.0291
      },
      "Cipher": {
        "own_mean": 0.5697,
        "cross_mean": 0.4303,
        "gap": 0.1394
      }
    }
  },
  "coherence": {
    "per_turn": [
      null,
      0.7160404920578003,
      0.5251704454421997,
      0.5196033716201782,
      0.571931004524231,
      0.5170252919197083,
      0.4930829703807831,
      0.5679652094841003,
      0.6203399896621704,
      0.36656180024147034,
      0.7225477695465088,
      0.6023154258728027,
      0.43465858697891235,
      0.6855466365814209,
      0.6613202691078186,
      0.5009065270423889,
      0.6157621145248413,
      0.5850589871406555,
      0.8072832226753235,
      0.719318687915802,
      0.3454735279083252
    ],
    "mean": 0.5788956165313721,
    "min": 0.3454735279083252
  },
  "topic_drift": {
    "per_turn": [
      0.6883384585380554,
      0.8183203935623169,
      0.36375290155410767,
      0.44669920206069946,
      0.3610664904117584,
      0.26608923077583313,
      0.151452898979187,
      0.2957371771335602,
      0.29466700553894043,
      0.17373056709766388,
      0.26659542322158813,
      0.15266436338424683,
      0.2711610496044159,
      0.3524545431137085,
      0.15639767050743103,
      0.21952666342258453,
      0.295026957988739,
      0.07021066546440125,
      0.144586980342865,
      0.2846565842628479,
      0.25554001331329346
    ],
    "mean": 0.3013654876322973,
    "min": 0.07021066546440125,
    "drift_slope": -0.01821675691511724
  },
  "sentiment": {
    "per_turn": [
      0.3728,
      -0.3508,
      0.7935,
      -0.4932,
      0.9455,
      0.9488,
      -0.7227,
      0.2153,
      0.2263,
      -0.3818,
      0.8018,
      0.5334,
      0.9638,
      0.9668,
      0.9428,
      0.431,
      0.9246,
      0.7267,
      0.899,
      -0.2654,
      0.916
    ],
    "by_speaker": {
      "Lyra": [
        0.3728,
        0.7935,
        0.9455,
        -0.7227,
        0.2263,
        0.8018,
        0.9638,
        0.9428,
        0.9246,
        0.899,
        0.916
      ],
      "Cipher": [
        -0.3508,
        -0.4932,
        0.9488,
        0.2153,
        -0.3818,
        0.5334,
        0.9668,
        0.431,
        0.7267,
        -0.2654
      ]
    },
    "mean": 0.4473428571428572,
    "slope": 0.03139766233766234,
    "volatility": 0.5545758238092799
  },
  "diversity": {
    "by_speaker": {
      "Lyra": {
        "semantic_diversity": 0.6296088695526123,
        "ttr": 0.4126984126984127
      },
      "Cipher": {
        "semantic_diversity": 0.6398025751113892,
        "ttr": 0.5018382352941176
      }
    },
    "global_ttr": 0.3521643433602348
  }
}