{
  "condition_id": "modiso__gemini-flash-lite__t00__r01",
  "topic": "AI will eliminate more jobs than it creates within the next decade",
  "turn_count": 21,
  "persona": {
    "by_speaker": {
      "Lyra": {
        "mean": 0.5038834490667924,
        "per_turn": [
          0.7376561681832688,
          0.5439173220798554,
          0.1924191940673887,
          0.7116096905573701,
          0.5369210430026972,
          0.307830384398464,
          0.4809144195199645,
          0.504730326929661,
          0.4801713336475736,
          0.5258129203252276,
          0.5207351370232458
        ]
      },
      "Cipher": {
        "mean": 0.5862722808187926,
        "per_turn": [
          0.7448081914035236,
          0.5244461633985331,
          0.56782311560662,
          0.7826664063160436,
          0.5368474166687918,
          0.7579072408786004,
          0.4832177112135562,
          0.5089766255935303,
          0.4926332558284361,
          0.46339668128029005
        ]
      }
    },
    "discrimination": {
      "Lyra": {
        "own_mean": 0.5039,
        "cross_mean": 0.4961,
        "gap": 0.0078
      },
      "Cipher": {
        "own_mean": 0.5863,
        "cross_mean": 0.4137,
        "gap": 0.1725
      }
    }
  },
  "coherence": {
    "per_turn": [
      null,
      0.6309622526168823,
      0.4668387770652771,
      0.2608887851238251,
      0.7319906949996948,
      0.60533207654953,
      0.568936824798584,
      0.7402660846710205,
      0.3528904616832733,
      0.4137944281101227,
      0.43450140953063965,
      0.36160069704055786,
      0.6283817291259766,
      0.6734360456466675,
      0.759006142616272,
      0.6351300477981567,
      0.7890274524688721,
      0.5169010162353516,
      0.587835431098938,
      0.4602583050727844,
      0.36656495928764343
    ],
    "mean": 0.5492271810770035,
    "min": 0.2608887851238251
  },
  "topic_drift": {
    "per_turn": [
      0.7194409370422363,
      0.6742594242095947,
      0.27377796173095703,
      0.6460525393486023,
      0.6728183627128601,
      0.46696507930755615,
      0.7156414985656738,
      0.6615526676177979,
      0.2921852469444275,
      0.6476846933364868,
      0.20354999601840973,
      0.478899210691452,
      0.46669578552246094,
      0.5413415431976318,
      0.4890517592430115,
      0.5390101671218872,
      0.5230202078819275,
      0.6267665028572083,
      0.4601948857307434,
      0.4444388151168823,
      0.43983960151672363
    ],
    "mean": 0.5230088993197396,
    "min": 0.20354999601840973,
    "drift_slope": -0.00666673496946111
  },
  "sentiment": {
    "per_turn": [
      0.7644,
      0.7826,
      0.7453,
      0.352,
      0.6983,
      0.128,
      0.4767,
      -0.0516,
      -0.1513,
      -0.4767,
      0.743,
      -0.242,
      0.6486,
      -0.6908,
      0.4019,
      0.2644,
      -0.631,
      0.4423,
      0.3832,
      -0.6682,
      0.6124
    ],
    "by_speaker": {
      "Lyra": [
        0.7644,
        0.7453,
        0.6983,
        0.4767,
        -0.1513,
        0.743,
        0.6486,
        0.4019,
        -0.631,
        0.3832,
        0.6124
      ],
      "Cipher": [
        0.7826,
        0.352,
        0.128,
        -0.0516,
        -0.4767,
        -0.242,
        -0.6908,
        0.2644,
        0.4423,
        -0.6682
      ]
    },
    "mean": 0.21578571428571433,
    "slope": -0.031841558441558455,
    "volatility": 0.4968686837017779
  },
  "diversity": {
    "by_speaker": {
      "Lyra": {
        "semantic_diversity": 0.5932345986366272,
        "ttr": 0.4862681744749596
      },
      "Cipher": {
        "semantic_diversity": 0.45005500316619873,
        "ttr": 0.43416370106761565
      }
    },
    "global_ttr": 0.37764606265876377
  }
}