{
  "condition_id": "modiso__qwen-32b__t06__r02",
  "topic": "Remote work has weakened organisational culture more than it has empowered individuals",
  "turn_count": 21,
  "persona": {
    "by_speaker": {
      "Lyra": {
        "mean": 0.5750213453361365,
        "per_turn": [
          0.5378349452158226,
          0.6337774170515686,
          0.6408214494385116,
          0.5454984149230283,
          0.5315842785518992,
          0.5144378424221496,
          0.5520968535488822,
          0.5438755489930558,
          0.5462714662337809,
          0.6554174541129258,
          0.6236191282058767
        ]
      },
      "Cipher": {
        "mean": 0.6178650965775035,
        "per_turn": [
          0.6350153131453349,
          0.5862720191066118,
          0.6979258092247181,
          0.6823971081587912,
          0.42413937414285824,
          0.46307216833802056,
          0.6842716558806397,
          0.7191364067500211,
          0.570694611392758,
          0.7157264996352819
        ]
      }
    },
    "discrimination": {
      "Lyra": {
        "own_mean": 0.575,
        "cross_mean": 0.425,
        "gap": 0.15
      },
      "Cipher": {
        "own_mean": 0.6179,
        "cross_mean": 0.3821,
        "gap": 0.2357
      }
    }
  },
  "coherence": {
    "per_turn": [
      null,
      0.6175737380981445,
      0.506587564945221,
      0.3755265474319458,
      0.5131036043167114,
      0.5203333497047424,
      0.5443863868713379,
      0.6483089923858643,
      0.6608151197433472,
      0.46853306889533997,
      0.45630955696105957,
      0.7374960780143738,
      0.5314399003982544,
      0.5862497687339783,
      0.3679250478744507,
      0.574307918548584,
      0.41450947523117065,
      0.2725178599357605,
      0.6362429857254028,
      0.4703320264816284,
      0.26176518201828003
    ],
    "mean": 0.5082132086157799,
    "min": 0.26176518201828003
  },
  "topic_drift": {
    "per_turn": [
      0.8884330987930298,
      0.6216042041778564,
      0.368571400642395,
      0.2437148094177246,
      0.3231397867202759,
      0.38881492614746094,
      0.6190319657325745,
      0.5660680532455444,
      0.6753086447715759,
      0.3141961693763733,
      0.3700968623161316,
      0.4407317042350769,
      0.3915034830570221,
      0.2857494354248047,
      0.30460983514785767,
      0.329923152923584,
      0.5066736340522766,
      0.300207257270813,
      0.3468468189239502,
      0.4505101442337036,
      0.116407610476017
    ],
    "mean": 0.42153061890885946,
    "min": 0.116407610476017,
    "drift_slope": -0.013988864789535467
  },
  "sentiment": {
    "per_turn": [
      0.2498,
      0.2928,
      0.4329,
      0.5499,
      -0.6643,
      0.3107,
      -0.4767,
      -0.7553,
      -0.1556,
      0.8271,
      -0.3736,
      0.4118,
      0.3612,
      -0.0772,
      -0.7199,
      0.25,
      0.9161,
      -0.1406,
      -0.4215,
      0.2617,
      0.9127
    ],
    "by_speaker": {
      "Lyra": [
        0.2498,
        0.4329,
        -0.6643,
        -0.4767,
        -0.1556,
        -0.3736,
        0.3612,
        -0.7199,
        0.9161,
        -0.4215,
        0.9127
      ],
      "Cipher": [
        0.2928,
        0.5499,
        0.3107,
        -0.7553,
        0.8271,
        0.4118,
        -0.0772,
        0.25,
        -0.1406,
        0.2617
      ]
    },
    "mean": 0.09485714285714286,
    "slope": 0.007193636363636365,
    "volatility": 0.5097777336124782
  },
  "diversity": {
    "by_speaker": {
      "Lyra": {
        "semantic_diversity": 0.5979568362236023,
        "ttr": 0.45321100917431195
      },
      "Cipher": {
        "semantic_diversity": 0.6710650324821472,
        "ttr": 0.48221343873517786
      }
    },
    "global_ttr": 0.37773549000951473
  }
}