{
  "condition_id": "modiso__gpt-oss-20b__t02__r02",
  "topic": "Universal basic income would reduce workforce participation and innovation over time",
  "turn_count": 21,
  "persona": {
    "by_speaker": {
      "Lyra": {
        "mean": 0.45322230759991283,
        "per_turn": [
          0.24582322638810158,
          0.48731715593786107,
          0.43899289790458274,
          0.4749367115874046,
          0.4780729659524662,
          0.4825091862461038,
          0.3993764578869613,
          0.4386157548423016,
          0.4143655160936156,
          0.48484362157175814,
          0.6405918891878843
        ]
      },
      "Cipher": {
        "mean": 0.6845413411574627,
        "per_turn": [
          0.7787323458236599,
          0.5216449743585316,
          0.804237172684819,
          0.5230325161816922,
          0.7929497644066171,
          0.5330578967977806,
          0.8379121393045605,
          0.5104538099512361,
          0.7943185618912625,
          0.7490742301744672
        ]
      }
    },
    "discrimination": {
      "Lyra": {
        "own_mean": 0.4532,
        "cross_mean": 0.5468,
        "gap": -0.0936
      },
      "Cipher": {
        "own_mean": 0.6845,
        "cross_mean": 0.3155,
        "gap": 0.3691
      }
    }
  },
  "coherence": {
    "per_turn": [
      null,
      0.47220903635025024,
      0.4221874177455902,
      0.3414921462535858,
      0.7479126453399658,
      0.5818771719932556,
      0.4722784161567688,
      0.6199836134910583,
      0.687572181224823,
      0.7143058776855469,
      0.7032376527786255,
      0.755516767501831,
      0.6487905383110046,
      0.7010921835899353,
      0.8109844923019409,
      0.38605156540870667,
      0.7164391279220581,
      0.37574273347854614,
      0.724736213684082,
      0.2246258556842804,
      0.053691316395998
    ],
    "mean": 0.5580363476648926,
    "min": 0.053691316395998
  },
  "topic_drift": {
    "per_turn": [
      0.8453375101089478,
      0.4741511940956116,
      0.37867504358291626,
      0.4322996437549591,
      0.5117450952529907,
      0.41513651609420776,
      0.34695225954055786,
      0.3988184928894043,
      0.4191814661026001,
      0.3392146825790405,
      0.4637115001678467,
      0.5391570329666138,
      0.3561496138572693,
      0.502626359462738,
      0.40139463543891907,
      0.37983712553977966,
      0.3720521330833435,
      0.3940303325653076,
      0.47826385498046875,
      0.17599895596504211,
      -0.008812615647912025
    ],
    "mean": 0.41028194439907867,
    "min": -0.008812615647912025,
    "drift_slope": -0.014425492291520167
  },
  "sentiment": {
    "per_turn": [
      0.6808,
      0.9398,
      0.6669,
      -0.1643,
      0.4854,
      -0.2732,
      0.25,
      0.128,
      0.0258,
      0.7729,
      -0.3919,
      0.8201,
      0.7946,
      0.6187,
      0.296,
      0.8134,
      0.128,
      0.5719,
      0.6369,
      0.0772,
      0.891
    ],
    "by_speaker": {
      "Lyra": [
        0.6808,
        0.6669,
        0.4854,
        0.25,
        0.0258,
        -0.3919,
        0.7946,
        0.296,
        0.128,
        0.6369,
        0.891
      ],
      "Cipher": [
        0.9398,
        -0.1643,
        -0.2732,
        0.128,
        0.7729,
        0.8201,
        0.6187,
        0.8134,
        0.5719,
        0.0772
      ]
    },
    "mean": 0.4175238095238096,
    "slope": 0.007508441558441548,
    "volatility": 0.3954075388938088
  },
  "diversity": {
    "by_speaker": {
      "Lyra": {
        "semantic_diversity": 0.5859823226928711,
        "ttr": 0.5442622950819672
      },
      "Cipher": {
        "semantic_diversity": 0.5351701378822327,
        "ttr": 0.4755134281200632
      }
    },
    "global_ttr": 0.40788415124698313
  }
}