{
  "condition_id": "modiso__llama4-scout__t04__r03",
  "topic": "Strong government regulation of AI development will cause more harm than good",
  "turn_count": 21,
  "persona": {
    "by_speaker": {
      "Lyra": {
        "mean": 0.4910158168731487,
        "per_turn": [
          0.43157251789984186,
          0.4450639863277799,
          0.4447666684046574,
          0.7009797188983025,
          0.4351790100521533,
          0.4250729190106978,
          0.42008192986506887,
          0.4583670157431311,
          0.7005406137528207,
          0.4624894185573253,
          0.4770601870928577
        ]
      },
      "Cipher": {
        "mean": 0.7086025984297412,
        "per_turn": [
          0.8088309177999098,
          0.7914125264700953,
          0.7794504039629115,
          0.509128857789417,
          0.7914997666459016,
          0.8805263253072839,
          0.5228172766335148,
          0.5708836145267687,
          0.6116815703099686,
          0.8197947248516406
        ]
      }
    },
    "discrimination": {
      "Lyra": {
        "own_mean": 0.491,
        "cross_mean": 0.509,
        "gap": -0.018
      },
      "Cipher": {
        "own_mean": 0.7086,
        "cross_mean": 0.2914,
        "gap": 0.4172
      }
    }
  },
  "coherence": {
    "per_turn": [
      null,
      0.8012162446975708,
      0.6939300894737244,
      0.5713615417480469,
      0.5162557363510132,
      0.5832594037055969,
      0.4577685594558716,
      0.6375341415405273,
      0.5384346842765808,
      0.5241773128509521,
      0.5766333341598511,
      0.7846194505691528,
      0.5799547433853149,
      0.5366226434707642,
      0.5579818487167358,
      0.6529463529586792,
      0.7692886590957642,
      0.47667479515075684,
      0.6317154765129089,
      0.5397137403488159,
      0.3221784830093384
    ],
    "mean": 0.5876133620738984,
    "min": 0.3221784830093384
  },
  "topic_drift": {
    "per_turn": [
      0.8266631960868835,
      0.6880143880844116,
      0.5554010272026062,
      0.5910035371780396,
      0.47632551193237305,
      0.41387760639190674,
      0.7051207423210144,
      0.4964607357978821,
      0.6946725845336914,
      0.36268654465675354,
      0.5432647466659546,
      0.44362133741378784,
      0.674742579460144,
      0.48520952463150024,
      0.5458952188491821,
      0.38131505250930786,
      0.5135107040405273,
      0.46308642625808716,
      0.6855493783950806,
      0.4303065538406372,
      0.6739362478256226
    ],
    "mean": 0.554793506860733,
    "min": 0.36268654465675354,
    "drift_slope": -0.005545656518502672
  },
  "sentiment": {
    "per_turn": [
      0.9054,
      0.5784,
      0.6486,
      0.9169,
      0.7615,
      0.2023,
      0.6424,
      -0.2105,
      0.9614,
      0.6369,
      -0.7351,
      -0.0516,
      0.7733,
      -0.4939,
      0.631,
      -0.6652,
      0.7635,
      0.2382,
      0.8602,
      -0.8608,
      0.9412
    ],
    "by_speaker": {
      "Lyra": [
        0.9054,
        0.6486,
        0.7615,
        0.6424,
        0.9614,
        -0.7351,
        0.7733,
        0.631,
        0.7635,
        0.8602,
        0.9412
      ],
      "Cipher": [
        0.5784,
        0.9169,
        0.2023,
        -0.2105,
        0.6369,
        -0.0516,
        -0.4939,
        -0.6652,
        0.2382,
        -0.8608
      ]
    },
    "mean": 0.35448095238095234,
    "slope": -0.028492077922077932,
    "volatility": 0.5942856885683756
  },
  "diversity": {
    "by_speaker": {
      "Lyra": {
        "semantic_diversity": 0.4387234151363373,
        "ttr": 0.44778254649499283
      },
      "Cipher": {
        "semantic_diversity": 0.6036686301231384,
        "ttr": 0.5151515151515151
      }
    },
    "global_ttr": 0.3903830480847596
  }
}