{
  "condition_id": "modiso__qwen-32b__t06__r03",
  "topic": "Remote work has weakened organisational culture more than it has empowered individuals",
  "turn_count": 21,
  "persona": {
    "by_speaker": {
      "Lyra": {
        "mean": 0.5992740119773798,
        "per_turn": [
          0.5707113042807517,
          0.5739707099676713,
          0.5587709919824088,
          0.5120357847561232,
          0.5398714037505804,
          0.8117265117703896,
          0.6114899415185912,
          0.6143251802305112,
          0.5895672231317914,
          0.577888599179402,
          0.6316564811829577
        ]
      },
      "Cipher": {
        "mean": 0.47990836123218517,
        "per_turn": [
          0.7006449165004747,
          0.46363171774161993,
          0.3661170048814054,
          0.4777646694979799,
          0.3286467291153132,
          0.40598488847442654,
          0.3588637414028498,
          0.43190474179382987,
          0.6600311112172421,
          0.60549409169671
        ]
      }
    },
    "discrimination": {
      "Lyra": {
        "own_mean": 0.5993,
        "cross_mean": 0.4007,
        "gap": 0.1985
      },
      "Cipher": {
        "own_mean": 0.4799,
        "cross_mean": 0.5201,
        "gap": -0.0402
      }
    }
  },
  "coherence": {
    "per_turn": [
      null,
      0.5822137594223022,
      0.688088059425354,
      0.7442296743392944,
      0.6517028212547302,
      0.44342342019081116,
      0.4881638288497925,
      0.6956063508987427,
      0.6170035600662231,
      0.6626721620559692,
      0.5995084643363953,
      0.8181734085083008,
      0.7548103332519531,
      0.6428909301757812,
      0.63111412525177,
      0.6020092964172363,
      0.5094451904296875,
      0.6057278513908386,
      0.7275303602218628,
      0.7381380200386047,
      0.23274603486061096
    ],
    "mean": 0.621759882569313,
    "min": 0.23274603486061096
  },
  "topic_drift": {
    "per_turn": [
      0.6617597341537476,
      0.7965855598449707,
      0.7524208426475525,
      0.6789723634719849,
      0.5410051345825195,
      0.3683329224586487,
      0.6277487277984619,
      0.6382567882537842,
      0.7617748975753784,
      0.6577544212341309,
      0.710034966468811,
      0.793524980545044,
      0.6742280721664429,
      0.41606858372688293,
      0.669572651386261,
      0.34462547302246094,
      0.6286103129386902,
      0.6737278699874878,
      0.6620253324508667,
      0.7069740295410156,
      0.14871665835380554
    ],
    "mean": 0.6148914439337594,
    "min": 0.14871665835380554,
    "drift_slope": -0.00886793279802645
  },
  "sentiment": {
    "per_turn": [
      0.886,
      -0.2732,
      0.9636,
      -0.1406,
      0.8402,
      -0.296,
      0.4588,
      0.0258,
      -0.8047,
      0.3013,
      0.7003,
      0.8807,
      0.0258,
      -0.21,
      -0.3612,
      0.6657,
      0.4265,
      -0.7783,
      0.8265,
      -0.1779,
      0.785
    ],
    "by_speaker": {
      "Lyra": [
        0.886,
        0.9636,
        0.8402,
        0.4588,
        -0.8047,
        0.7003,
        0.0258,
        -0.3612,
        0.4265,
        0.8265,
        0.785
      ],
      "Cipher": [
        -0.2732,
        -0.1406,
        -0.296,
        0.0258,
        0.3013,
        0.8807,
        -0.21,
        0.6657,
        -0.7783,
        -0.1779
      ]
    },
    "mean": 0.22591904761904763,
    "slope": -0.006667142857142858,
    "volatility": 0.5555866771509774
  },
  "diversity": {
    "by_speaker": {
      "Lyra": {
        "semantic_diversity": 0.4287396967411041,
        "ttr": 0.4278169014084507
      },
      "Cipher": {
        "semantic_diversity": 0.47714856266975403,
        "ttr": 0.49079754601226994
      }
    },
    "global_ttr": 0.3623462630085147
  }
}