{
  "condition_id": "modiso__llama4-scout__t00__r01",
  "topic": "AI will eliminate more jobs than it creates within the next decade",
  "turn_count": 21,
  "persona": {
    "by_speaker": {
      "Lyra": {
        "mean": 0.5083412410513711,
        "per_turn": [
          0.5295901203953073,
          0.7537046934477034,
          0.4895386418947892,
          0.4984472279248281,
          0.4563599267114934,
          0.4989217697079289,
          0.43912921833857166,
          0.47627161536896223,
          0.4637979844387359,
          0.45416462509995803,
          0.5318278282368047
        ]
      },
      "Cipher": {
        "mean": 0.6264615459226338,
        "per_turn": [
          0.7635715055977633,
          0.7615864695471123,
          0.5634823166254534,
          0.5079238148806176,
          0.49553700022849145,
          0.47032729155023223,
          0.7913371004755784,
          0.8013512036606939,
          0.5740080184575753,
          0.5354907382028201
        ]
      }
    },
    "discrimination": {
      "Lyra": {
        "own_mean": 0.5083,
        "cross_mean": 0.4917,
        "gap": 0.0167
      },
      "Cipher": {
        "own_mean": 0.6265,
        "cross_mean": 0.3735,
        "gap": 0.2529
      }
    }
  },
  "coherence": {
    "per_turn": [
      null,
      0.6952813863754272,
      0.6813995838165283,
      0.8241796493530273,
      0.5976670384407043,
      0.544501781463623,
      0.6851642727851868,
      0.5552332401275635,
      0.4923049807548523,
      0.40673285722732544,
      0.4471055269241333,
      0.3877432346343994,
      0.44323885440826416,
      0.3683552145957947,
      0.5267999172210693,
      0.6654391288757324,
      0.4544874429702759,
      0.647085428237915,
      0.662278950214386,
      0.7619653344154358,
      0.3730508089065552
    ],
    "mean": 0.5610007315874099,
    "min": 0.3683552145957947
  },
  "topic_drift": {
    "per_turn": [
      0.8365200161933899,
      0.6614442467689514,
      0.5656371116638184,
      0.5330168008804321,
      0.4421795606613159,
      0.603084146976471,
      0.5933614373207092,
      0.30376970767974854,
      0.6069573163986206,
      0.35231131315231323,
      0.30338555574417114,
      0.29839789867401123,
      0.212306946516037,
      0.5001967549324036,
      0.5962817072868347,
      0.6024488210678101,
      0.3615384101867676,
      0.3822040259838104,
      0.46936848759651184,
      0.4181707501411438,
      0.5418545603752136
    ],
    "mean": 0.48497312267621356,
    "min": 0.212306946516037,
    "drift_slope": -0.00998861027228369
  },
  "sentiment": {
    "per_turn": [
      0.34,
      0.0387,
      -0.3507,
      0.2856,
      0.6597,
      0.6249,
      0.736,
      0.2144,
      0.9118,
      0.4497,
      -0.0387,
      0.0005,
      0.9313,
      -0.7579,
      0.9217,
      0.5927,
      0.9677,
      -0.0516,
      0.7787,
      0.5023,
      0.9493
    ],
    "by_speaker": {
      "Lyra": [
        0.34,
        -0.3507,
        0.6597,
        0.736,
        0.9118,
        -0.0387,
        0.9313,
        0.9217,
        0.9677,
        0.7787,
        0.9493
      ],
      "Cipher": [
        0.0387,
        0.2856,
        0.6249,
        0.2144,
        0.4497,
        0.0005,
        -0.7579,
        0.5927,
        -0.0516,
        0.5023
      ]
    },
    "mean": 0.41457619047619043,
    "slope": 0.02083493506493506,
    "volatility": 0.4630283390532807
  },
  "diversity": {
    "by_speaker": {
      "Lyra": {
        "semantic_diversity": 0.5812188386917114,
        "ttr": 0.476038338658147
      },
      "Cipher": {
        "semantic_diversity": 0.6345921158790588,
        "ttr": 0.5209923664122137
      }
    },
    "global_ttr": 0.3982608695652174
  }
}