{
  "condition_id": "modiso__qwen-235b__t07__r03",
  "topic": "Meaningful climate action and sustained economic growth are fundamentally incompatible",
  "turn_count": 21,
  "persona": {
    "by_speaker": {
      "Lyra": {
        "mean": 0.5794475190253409,
        "per_turn": [
          0.5593455900761448,
          0.5060045604554166,
          0.48369632137363483,
          0.5237061683371362,
          0.5198135298574424,
          0.5715420493774346,
          0.7910490901916127,
          0.5058845243421781,
          0.515660894882325,
          0.7997430175878897,
          0.5974769627975339
        ]
      },
      "Cipher": {
        "mean": 0.6432153543092503,
        "per_turn": [
          0.7247218076702534,
          0.7759286906885918,
          0.7784472100101226,
          0.49330677319140936,
          0.7052893057760299,
          0.74219892293638,
          0.4535192874749079,
          0.7572407525812803,
          0.4908538926349767,
          0.5106469001285505
        ]
      }
    },
    "discrimination": {
      "Lyra": {
        "own_mean": 0.5794,
        "cross_mean": 0.4206,
        "gap": 0.1589
      },
      "Cipher": {
        "own_mean": 0.6432,
        "cross_mean": 0.3568,
        "gap": 0.2864
      }
    }
  },
  "coherence": {
    "per_turn": [
      null,
      0.49362239241600037,
      0.600435733795166,
      0.5975945591926575,
      0.5352834463119507,
      0.6282306909561157,
      0.5013271570205688,
      0.6843796968460083,
      0.6375467777252197,
      0.5628108978271484,
      0.4253372550010681,
      0.5888258218765259,
      0.41447317600250244,
      0.4156828224658966,
      0.454026460647583,
      0.5842094421386719,
      0.3443189263343811,
      0.39439281821250916,
      0.3607550263404846,
      0.23869849741458893,
      0.1405952274799347
    ],
    "mean": 0.4801273413002491,
    "min": 0.1405952274799347
  },
  "topic_drift": {
    "per_turn": [
      0.5504676103591919,
      0.6558175086975098,
      0.5146650075912476,
      0.4807458519935608,
      0.3493884205818176,
      0.33356934785842896,
      0.5564876794815063,
      0.3213569223880768,
      0.5606955289840698,
      0.24964004755020142,
      0.15032196044921875,
      0.14015889167785645,
      0.22613078355789185,
      0.2468269318342209,
      0.2744242548942566,
      0.19259846210479736,
      0.1677210032939911,
      0.21903392672538757,
      0.31066977977752686,
      0.150111585855484,
      0.15983469784259796
    ],
    "mean": 0.32431743826184956,
    "min": 0.14015889167785645,
    "drift_slope": -0.020580442830339656
  },
  "sentiment": {
    "per_turn": [
      0.3612,
      0.34,
      0.9119,
      0.9398,
      0.8591,
      0.7717,
      0.932,
      0.0,
      0.9136,
      0.4215,
      0.1406,
      0.9253,
      -0.3883,
      0.6672,
      0.7351,
      0.796,
      0.5756,
      0.7572,
      0.9741,
      0.4588,
      0.872
    ],
    "by_speaker": {
      "Lyra": [
        0.3612,
        0.9119,
        0.8591,
        0.932,
        0.9136,
        0.1406,
        -0.3883,
        0.7351,
        0.5756,
        0.9741,
        0.872
      ],
      "Cipher": [
        0.34,
        0.9398,
        0.7717,
        0.0,
        0.4215,
        0.9253,
        0.6672,
        0.796,
        0.7572,
        0.4588
      ]
    },
    "mean": 0.6173523809523809,
    "slope": 0.003806623376623372,
    "volatility": 0.3547005062880482
  },
  "diversity": {
    "by_speaker": {
      "Lyra": {
        "semantic_diversity": 0.6623106598854065,
        "ttr": 0.5098335854765507
      },
      "Cipher": {
        "semantic_diversity": 0.6933885216712952,
        "ttr": 0.4845890410958904
      }
    },
    "global_ttr": 0.39919678714859436
  }
}