{
  "condition_id": "modiso__qwen-32b__t04__r01",
  "topic": "Strong government regulation of AI development will cause more harm than good",
  "turn_count": 21,
  "persona": {
    "by_speaker": {
      "Lyra": {
        "mean": 0.45403910578344214,
        "per_turn": [
          0.4471802565388523,
          0.45999854177207256,
          0.4528389982263072,
          0.38024611956389,
          0.46989546395122894,
          0.4440402157894816,
          0.4480562892861415,
          0.2610124048449153,
          0.49312924074578024,
          0.5171350353981885,
          0.6208975975010058
        ]
      },
      "Cipher": {
        "mean": 0.5957127447477164,
        "per_turn": [
          0.8451926639596782,
          0.5548917466763532,
          0.542709319079321,
          0.5517312688484424,
          0.810005922786942,
          0.5169772121371596,
          0.5352908432916198,
          0.5522205334085323,
          0.5522974109992642,
          0.4958105262898521
        ]
      }
    },
    "discrimination": {
      "Lyra": {
        "own_mean": 0.454,
        "cross_mean": 0.546,
        "gap": -0.0919
      },
      "Cipher": {
        "own_mean": 0.5957,
        "cross_mean": 0.4043,
        "gap": 0.1914
      }
    }
  },
  "coherence": {
    "per_turn": [
      null,
      0.682624340057373,
      0.7535032033920288,
      0.757811963558197,
      0.6182315945625305,
      0.40355873107910156,
      0.5790657997131348,
      0.43152111768722534,
      0.542306661605835,
      0.6001349091529846,
      0.7602204084396362,
      0.5838209986686707,
      0.4894273579120636,
      0.5756896734237671,
      0.4957185685634613,
      0.44078245759010315,
      0.5427458882331848,
      0.4430004060268402,
      0.6339496374130249,
      0.44635534286499023,
      0.15449053049087524
    ],
    "mean": 0.5467479795217514,
    "min": 0.15449053049087524
  },
  "topic_drift": {
    "per_turn": [
      0.7577154636383057,
      0.767156720161438,
      0.6947882175445557,
      0.6846132874488831,
      0.5263271331787109,
      0.3213602602481842,
      0.3545488119125366,
      0.7063425779342651,
      0.40664753317832947,
      0.5704734325408936,
      0.6579311490058899,
      0.4350005090236664,
      0.2989483177661896,
      0.3171384632587433,
      0.22679276764392853,
      0.39325976371765137,
      0.48183608055114746,
      0.2280452698469162,
      0.2567210793495178,
      0.31705138087272644,
      0.06304244697093964
    ],
    "mean": 0.45074955551397233,
    "min": 0.06304244697093964,
    "drift_slope": -0.02550019236741127
  },
  "sentiment": {
    "per_turn": [
      0.8481,
      0.431,
      -0.0387,
      0.9201,
      0.736,
      -0.2846,
      0.6503,
      -0.9573,
      -0.2382,
      0.7321,
      0.5267,
      0.3318,
      -0.5362,
      0.5267,
      0.4772,
      -0.7184,
      0.0114,
      0.3804,
      0.7003,
      -0.7783,
      0.7411
    ],
    "by_speaker": {
      "Lyra": [
        0.8481,
        -0.0387,
        0.736,
        0.6503,
        -0.2382,
        0.5267,
        -0.5362,
        0.4772,
        0.0114,
        0.7003,
        0.7411
      ],
      "Cipher": [
        0.431,
        0.9201,
        -0.2846,
        -0.9573,
        0.7321,
        0.3318,
        0.5267,
        -0.7184,
        0.3804,
        -0.7783
      ]
    },
    "mean": 0.212452380952381,
    "slope": -0.01762714285714286,
    "volatility": 0.5709831276124896
  },
  "diversity": {
    "by_speaker": {
      "Lyra": {
        "semantic_diversity": 0.6404162049293518,
        "ttr": 0.4982638888888889
      },
      "Cipher": {
        "semantic_diversity": 0.6274611949920654,
        "ttr": 0.5212355212355212
      }
    },
    "global_ttr": 0.4031078610603291
  }
}