{
  "condition_id": "modiso__gpt-oss-20b__t02__r01",
  "topic": "Universal basic income would reduce workforce participation and innovation over time",
  "turn_count": 21,
  "persona": {
    "by_speaker": {
      "Lyra": {
        "mean": 0.4372354454934813,
        "per_turn": [
          0.22984545321901942,
          0.2436604416093993,
          0.4701280261270434,
          0.47090895388817966,
          0.496961558479781,
          0.5043030462525746,
          0.5541612087542794,
          0.5046402285466286,
          0.4811212354025399,
          0.2407194329966052,
          0.6131403151522437
        ]
      },
      "Cipher": {
        "mean": 0.6588144734272559,
        "per_turn": [
          0.7574691945949827,
          0.48892298373409104,
          0.7781094986890349,
          0.7631750967062965,
          0.5138776118889842,
          0.7459565890528191,
          0.7407680736948926,
          0.544874477518619,
          0.7225189604957934,
          0.5324722478970448
        ]
      }
    },
    "discrimination": {
      "Lyra": {
        "own_mean": 0.4372,
        "cross_mean": 0.5628,
        "gap": -0.1255
      },
      "Cipher": {
        "own_mean": 0.6588,
        "cross_mean": 0.3412,
        "gap": 0.3176
      }
    }
  },
  "coherence": {
    "per_turn": [
      null,
      0.6761698126792908,
      0.7810714244842529,
      0.5695970058441162,
      0.4745868742465973,
      0.7488559484481812,
      0.7809689044952393,
      0.525973379611969,
      0.531578540802002,
      0.3161628842353821,
      0.6964614987373352,
      0.6114082336425781,
      0.5620280504226685,
      0.3547061085700989,
      0.5695277452468872,
      0.5676664113998413,
      0.8227297067642212,
      0.3994259834289551,
      0.5102249383926392,
      0.4666796624660492,
      0.011183401569724083
    ],
    "mean": 0.5488503257744014,
    "min": 0.011183401569724083
  },
  "topic_drift": {
    "per_turn": [
      0.8598893880844116,
      0.6674139499664307,
      0.46544337272644043,
      0.3941196799278259,
      0.40313881635665894,
      0.5705714821815491,
      0.503511905670166,
      0.4144302010536194,
      0.4346618056297302,
      0.1706610471010208,
      0.23812700808048248,
      0.09027756005525589,
      0.1771443784236908,
      0.3738958239555359,
      0.38451406359672546,
      0.27578216791152954,
      0.2236633151769638,
      0.28243333101272583,
      0.3661734163761139,
      0.37320971488952637,
      -0.003479704260826111
    ],
    "mean": 0.36502774875788463,
    "min": -0.003479704260826111,
    "drift_slope": -0.021560137080294754
  },
  "sentiment": {
    "per_turn": [
      0.4939,
      0.4767,
      0.8269,
      0.806,
      0.8801,
      0.7783,
      0.7269,
      0.7569,
      0.4577,
      0.7506,
      0.9042,
      0.1901,
      -0.1901,
      0.775,
      0.5994,
      -0.3412,
      -0.6492,
      0.8898,
      0.8343,
      0.4478,
      0.9468
    ],
    "by_speaker": {
      "Lyra": [
        0.4939,
        0.8269,
        0.8801,
        0.7269,
        0.4577,
        0.9042,
        -0.1901,
        0.5994,
        -0.6492,
        0.8343,
        0.9468
      ],
      "Cipher": [
        0.4767,
        0.806,
        0.7783,
        0.7569,
        0.7506,
        0.1901,
        0.775,
        -0.3412,
        0.8898,
        0.4478
      ]
    },
    "mean": 0.5409952380952381,
    "slope": -0.01580571428571428,
    "volatility": 0.43013161825764834
  },
  "diversity": {
    "by_speaker": {
      "Lyra": {
        "semantic_diversity": 0.6471298933029175,
        "ttr": 0.5403087478559176
      },
      "Cipher": {
        "semantic_diversity": 0.6288681626319885,
        "ttr": 0.4869109947643979
      }
    },
    "global_ttr": 0.40570934256055363
  }
}