{
  "condition_id": "modiso__gpt-oss-20b__t01__r03",
  "topic": "Social media has done more harm than good to mental health and democracy",
  "turn_count": 21,
  "persona": {
    "by_speaker": {
      "Lyra": {
        "mean": 0.5460145072986968,
        "per_turn": [
          0.34480700353221105,
          0.5789680477312512,
          0.7311148503732019,
          0.47014258702019557,
          0.4997415143067335,
          0.5518405933507766,
          0.49832970171149626,
          0.552587959847654,
          0.5052872031471431,
          0.550683974125275,
          0.7226561451397264
        ]
      },
      "Cipher": {
        "mean": 0.6386980374210729,
        "per_turn": [
          0.6973742959738322,
          0.7962152618545677,
          0.5373804925245846,
          0.7791793380778402,
          0.7321285365258249,
          0.5265421927431485,
          0.7466546751536909,
          0.4977170959418513,
          0.5316532864823758,
          0.5421351989330128
        ]
      }
    },
    "discrimination": {
      "Lyra": {
        "own_mean": 0.546,
        "cross_mean": 0.454,
        "gap": 0.092
      },
      "Cipher": {
        "own_mean": 0.6387,
        "cross_mean": 0.3613,
        "gap": 0.2774
      }
    }
  },
  "coherence": {
    "per_turn": [
      null,
      0.6374351382255554,
      0.6966181993484497,
      0.3289562463760376,
      0.7080826163291931,
      0.4418891668319702,
      0.6827608942985535,
      0.5466321110725403,
      0.6282070875167847,
      0.6109058856964111,
      0.4827214777469635,
      0.468584805727005,
      0.7107739448547363,
      0.35497522354125977,
      0.5507177114486694,
      0.5168306827545166,
      0.6060553193092346,
      0.49820882081985474,
      0.5070961713790894,
      0.4045459032058716,
      0.02745097130537033
    ],
    "mean": 0.5204724188894033,
    "min": 0.02745097130537033
  },
  "topic_drift": {
    "per_turn": [
      0.6999660134315491,
      0.7622960805892944,
      0.6258845329284668,
      0.2774956226348877,
      0.3072987496852875,
      0.180995911359787,
      0.23420298099517822,
      0.2704889178276062,
      0.31856778264045715,
      0.21957287192344666,
      0.19802847504615784,
      0.23649069666862488,
      0.15882191061973572,
      0.02244441956281662,
      0.2677040696144104,
      0.3449680805206299,
      0.2912368178367615,
      0.15292885899543762,
      0.13219541311264038,
      0.011234681122004986,
      0.12727059423923492
    ],
    "mean": 0.2780996895883055,
    "min": 0.011234681122004986,
    "drift_slope": -0.022723637527314492
  },
  "sentiment": {
    "per_turn": [
      0.3535,
      -0.2631,
      -0.2023,
      -0.7931,
      0.9518,
      0.9657,
      0.9377,
      0.5267,
      0.3919,
      -0.2235,
      0.9184,
      0.6369,
      0.2263,
      0.4939,
      0.5859,
      -0.4767,
      0.7322,
      -0.5423,
      0.1655,
      0.7783,
      0.9136
    ],
    "by_speaker": {
      "Lyra": [
        0.3535,
        -0.2023,
        0.9518,
        0.9377,
        0.3919,
        0.9184,
        0.2263,
        0.5859,
        0.7322,
        0.1655,
        0.9136
      ],
      "Cipher": [
        -0.2631,
        -0.7931,
        0.9657,
        0.5267,
        -0.2235,
        0.6369,
        0.4939,
        -0.4767,
        -0.5423,
        0.7783
      ]
    },
    "mean": 0.33701428571428566,
    "slope": 0.013202077922077927,
    "volatility": 0.5385377170199515
  },
  "diversity": {
    "by_speaker": {
      "Lyra": {
        "semantic_diversity": 0.6221755146980286,
        "ttr": 0.512539184952978
      },
      "Cipher": {
        "semantic_diversity": 0.6990086436271667,
        "ttr": 0.4689922480620155
      }
    },
    "global_ttr": 0.39428076256499134
  }
}