{
  "condition_id": "modiso__llama4-scout__t00__r02",
  "topic": "AI will eliminate more jobs than it creates within the next decade",
  "turn_count": 21,
  "persona": {
    "by_speaker": {
      "Lyra": {
        "mean": 0.5421506677205373,
        "per_turn": [
          0.5061084470853272,
          0.48005375148749674,
          0.7863645103083108,
          0.4430803063420884,
          0.4998897702136466,
          0.5081580292725639,
          0.46075937972403647,
          0.45615547801428996,
          0.7337919218222594,
          0.5039259070335063,
          0.585369843622385
        ]
      },
      "Cipher": {
        "mean": 0.6364893206469778,
        "per_turn": [
          0.7701431989771076,
          0.5320963703216673,
          0.7853327439400839,
          0.5547778730696202,
          0.7959838877679923,
          0.5524826232810929,
          0.5027265115482901,
          0.5725277924960159,
          0.5276849666848782,
          0.7711372383830302
        ]
      }
    },
    "discrimination": {
      "Lyra": {
        "own_mean": 0.5422,
        "cross_mean": 0.4578,
        "gap": 0.0843
      },
      "Cipher": {
        "own_mean": 0.6365,
        "cross_mean": 0.3635,
        "gap": 0.273
      }
    }
  },
  "coherence": {
    "per_turn": [
      null,
      0.7432859539985657,
      0.77752685546875,
      0.6929514408111572,
      0.4177349805831909,
      0.44345295429229736,
      0.3634300231933594,
      0.5751153230667114,
      0.34638506174087524,
      0.5279091596603394,
      0.5842911005020142,
      0.5856846570968628,
      0.6232786178588867,
      0.5901919603347778,
      0.6623654961585999,
      0.4807867109775543,
      0.5043656826019287,
      0.5961681008338928,
      0.6410692930221558,
      0.4376911222934723,
      0.1492525190114975
    ],
    "mean": 0.5371468506753445,
    "min": 0.1492525190114975
  },
  "topic_drift": {
    "per_turn": [
      0.7853173017501831,
      0.7170380353927612,
      0.6887457370758057,
      0.7044020891189575,
      0.3567006289958954,
      0.5425094962120056,
      0.32806694507598877,
      0.27879783511161804,
      0.3704219460487366,
      0.4452283978462219,
      0.5223144888877869,
      0.4419407546520233,
      0.5194107890129089,
      0.5285528898239136,
      0.37325865030288696,
      0.5516265630722046,
      0.47139787673950195,
      0.525921106338501,
      0.5385901927947998,
      0.40293553471565247,
      0.14411187171936035
    ],
    "mean": 0.4874899586041768,
    "min": 0.14411187171936035,
    "drift_slope": -0.012637788560483372
  },
  "sentiment": {
    "per_turn": [
      -0.0679,
      -0.8105,
      0.8446,
      0.6652,
      0.6797,
      -0.3612,
      -0.1154,
      0.5994,
      0.7652,
      -0.2263,
      -0.6124,
      -0.6652,
      0.5727,
      0.0,
      0.9572,
      0.1027,
      0.9209,
      -0.2382,
      0.3919,
      0.7579,
      0.8747
    ],
    "by_speaker": {
      "Lyra": [
        -0.0679,
        0.8446,
        0.6797,
        -0.1154,
        0.7652,
        -0.6124,
        0.5727,
        0.9572,
        0.9209,
        0.3919,
        0.8747
      ],
      "Cipher": [
        -0.8105,
        0.6652,
        -0.3612,
        0.5994,
        -0.2263,
        -0.6652,
        0.0,
        0.1027,
        -0.2382,
        0.7579
      ]
    },
    "mean": 0.23976190476190476,
    "slope": 0.024715844155844144,
    "volatility": 0.5640896935402
  },
  "diversity": {
    "by_speaker": {
      "Lyra": {
        "semantic_diversity": 0.602683961391449,
        "ttr": 0.5321252059308073
      },
      "Cipher": {
        "semantic_diversity": 0.5479628443717957,
        "ttr": 0.51953125
      }
    },
    "global_ttr": 0.4298480786416443
  }
}