{
  "condition_id": "modiso__llama4-scout__t01__r01",
  "topic": "Social media has done more harm than good to mental health and democracy",
  "turn_count": 21,
  "persona": {
    "by_speaker": {
      "Lyra": {
        "mean": 0.575591334980302,
        "per_turn": [
          0.631484630276659,
          0.26205168264992,
          0.5627625192310906,
          0.6007171178022552,
          0.4990795514703843,
          0.5576533539341433,
          0.6042383047970571,
          0.5752856463781308,
          0.8917909876504146,
          0.7875201584323468,
          0.3589207321609208
        ]
      },
      "Cipher": {
        "mean": 0.5070977334357624,
        "per_turn": [
          0.7231740875540758,
          0.47921710224401226,
          0.46032373061766474,
          0.47471146364741046,
          0.479016713161691,
          0.458637668503888,
          0.37983092498499693,
          0.4355421721997282,
          0.4648715529366382,
          0.7156519185075176
        ]
      }
    },
    "discrimination": {
      "Lyra": {
        "own_mean": 0.5756,
        "cross_mean": 0.4244,
        "gap": 0.1512
      },
      "Cipher": {
        "own_mean": 0.5071,
        "cross_mean": 0.4929,
        "gap": 0.0142
      }
    }
  },
  "coherence": {
    "per_turn": [
      null,
      0.6359187364578247,
      0.6008647680282593,
      0.6177442073822021,
      0.39506494998931885,
      0.6391581296920776,
      0.546913743019104,
      0.37433403730392456,
      0.3358888626098633,
      0.5660562515258789,
      0.3829176425933838,
      0.409954309463501,
      0.45618319511413574,
      0.5185670256614685,
      0.38866716623306274,
      0.4018026888370514,
      0.3742314875125885,
      0.5459651947021484,
      0.7042635679244995,
      0.4169345200061798,
      0.24996642768383026
    ],
    "mean": 0.47806984558701515,
    "min": 0.24996642768383026
  },
  "topic_drift": {
    "per_turn": [
      0.7189691066741943,
      0.674214243888855,
      0.566739559173584,
      0.34924793243408203,
      0.49750959873199463,
      0.1833411455154419,
      0.22566279768943787,
      0.27007347345352173,
      0.13003845512866974,
      0.14980316162109375,
      0.2560354471206665,
      0.38748660683631897,
      0.27014073729515076,
      0.23793843388557434,
      0.27094221115112305,
      0.14980018138885498,
      0.27639999985694885,
      0.2578616142272949,
      0.21993042528629303,
      0.08301596343517303,
      0.5805641412734985
    ],
    "mean": 0.32170072552703677,
    "min": 0.08301596343517303,
    "drift_slope": -0.01429970564393254
  },
  "sentiment": {
    "per_turn": [
      0.0516,
      -0.7003,
      0.8793,
      -0.8846,
      0.7644,
      -0.3714,
      0.6908,
      0.6486,
      0.34,
      -0.4917,
      -0.0772,
      -0.1154,
      0.7707,
      -0.5106,
      0.785,
      -0.6597,
      0.6648,
      0.8325,
      0.9796,
      0.1779,
      0.8316
    ],
    "by_speaker": {
      "Lyra": [
        0.0516,
        0.8793,
        0.7644,
        0.6908,
        0.34,
        -0.0772,
        0.7707,
        0.785,
        0.6648,
        0.9796,
        0.8316
      ],
      "Cipher": [
        -0.7003,
        -0.8846,
        -0.3714,
        0.6486,
        -0.4917,
        -0.1154,
        -0.5106,
        -0.6597,
        0.8325,
        0.1779
      ]
    },
    "mean": 0.21932857142857143,
    "slope": 0.031978831168831164,
    "volatility": 0.6078572436908876
  },
  "diversity": {
    "by_speaker": {
      "Lyra": {
        "semantic_diversity": 0.6433274149894714,
        "ttr": 0.46967340590979784
      },
      "Cipher": {
        "semantic_diversity": 0.7209123373031616,
        "ttr": 0.4980544747081712
      }
    },
    "global_ttr": 0.38720829732065687
  }
}