{
  "condition_id": "modiso__gpt-oss-20b__t06__r03",
  "topic": "Remote work has weakened organisational culture more than it has empowered individuals",
  "turn_count": 21,
  "persona": {
    "by_speaker": {
      "Lyra": {
        "mean": 0.557768194827046,
        "per_turn": [
          0.30426926442479807,
          0.6808872357664917,
          0.3624073722518115,
          0.5554982163358114,
          0.5853408462450493,
          0.5945635996442444,
          0.6326383981763759,
          0.5286404059799925,
          0.5777421788765817,
          0.6235669546903613,
          0.6898956707059876
        ]
      },
      "Cipher": {
        "mean": 0.40856368905396395,
        "per_turn": [
          0.6072988714879307,
          0.6787944903602258,
          0.4544888149356626,
          -0.5579261581082832,
          0.4460489104492244,
          0.5448321988664445,
          0.41500725787696485,
          0.4118460047609117,
          0.6748830648972616,
          0.4103634350132964
        ]
      }
    },
    "discrimination": {
      "Lyra": {
        "own_mean": 0.5578,
        "cross_mean": 0.4422,
        "gap": 0.1155
      },
      "Cipher": {
        "own_mean": 0.4086,
        "cross_mean": 0.5914,
        "gap": -0.1829
      }
    }
  },
  "coherence": {
    "per_turn": [
      null,
      0.7236380577087402,
      0.6829503774642944,
      0.6843741536140442,
      0.812589168548584,
      0.3817440867424011,
      0.6938097476959229,
      0.306433767080307,
      0.4093703329563141,
      0.24341821670532227,
      0.5446878671646118,
      0.3879837393760681,
      0.5725170373916626,
      0.3696146011352539,
      0.45769473910331726,
      0.26405298709869385,
      0.7274854183197021,
      0.5530685782432556,
      0.6468498706817627,
      0.7374327778816223,
      0.3036031424999237
    ],
    "mean": 0.5251659333705903,
    "min": 0.24341821670532227
  },
  "topic_drift": {
    "per_turn": [
      0.8060802221298218,
      0.7691735029220581,
      0.5559297204017639,
      0.6554789543151855,
      0.5610206723213196,
      0.35238876938819885,
      0.319324254989624,
      0.18149444460868835,
      0.020230337977409363,
      0.27694419026374817,
      0.27003544569015503,
      0.2707461416721344,
      0.20314113795757294,
      0.3430677056312561,
      0.11589792370796204,
      0.6872925758361816,
      0.5955576300621033,
      0.38031986355781555,
      0.7365847826004028,
      0.6613429188728333,
      0.20159843564033508
    ],
    "mean": 0.42684045859745573,
    "min": 0.020230337977409363,
    "drift_slope": -0.00725167204033245
  },
  "sentiment": {
    "per_turn": [
      -0.024,
      -0.5499,
      -0.5727,
      -0.9097,
      0.7311,
      -0.7964,
      0.7152,
      -0.34,
      0.936,
      -0.3535,
      0.5965,
      0.2732,
      -0.304,
      0.6808,
      0.743,
      0.6597,
      0.7579,
      0.8873,
      0.5267,
      0.8074,
      0.9205
    ],
    "by_speaker": {
      "Lyra": [
        -0.024,
        -0.5727,
        0.7311,
        0.7152,
        0.936,
        0.5965,
        -0.304,
        0.743,
        0.7579,
        0.5267,
        0.9205
      ],
      "Cipher": [
        -0.5499,
        -0.9097,
        -0.7964,
        -0.34,
        -0.3535,
        0.2732,
        0.6808,
        0.6597,
        0.8873,
        0.8074
      ]
    },
    "mean": 0.2564333333333333,
    "slope": 0.06726818181818182,
    "volatility": 0.6166910751926139
  },
  "diversity": {
    "by_speaker": {
      "Lyra": {
        "semantic_diversity": 0.6238175630569458,
        "ttr": 0.5099099099099099
      },
      "Cipher": {
        "semantic_diversity": 0.6294659376144409,
        "ttr": 0.42579505300353354
      }
    },
    "global_ttr": 0.3809099018733274
  }
}