{
  "condition_id": "modiso__llama-70b__t03__r02",
  "topic": "The resources spent on space exploration would produce greater good if redirected to Earth's problems",
  "turn_count": 21,
  "persona": {
    "by_speaker": {
      "Lyra": {
        "mean": 0.6948038353227268,
        "per_turn": [
          0.8203820674670939,
          0.7885125744525725,
          0.8014531084359546,
          0.5486577584191921,
          0.7850473571164748,
          0.5112950223321784,
          0.7603884896923987,
          0.5647669394777127,
          0.8813980501295995,
          0.5467051495350237,
          0.6342356714917947
        ]
      },
      "Cipher": {
        "mean": 0.6138963864076328,
        "per_turn": [
          0.7028910561782037,
          0.7147387907704295,
          0.7568033813749552,
          0.49017369095298835,
          0.7368740018438018,
          0.7020998471878386,
          0.5255629328969051,
          0.6633022314235006,
          0.42630636920276643,
          0.4202115622449384
        ]
      }
    },
    "discrimination": {
      "Lyra": {
        "own_mean": 0.6948,
        "cross_mean": 0.3052,
        "gap": 0.3896
      },
      "Cipher": {
        "own_mean": 0.6139,
        "cross_mean": 0.3861,
        "gap": 0.2278
      }
    }
  },
  "coherence": {
    "per_turn": [
      null,
      0.5396672487258911,
      0.6027082204818726,
      0.6355770230293274,
      0.6635400056838989,
      0.6664571762084961,
      0.7087950706481934,
      0.5611279010772705,
      0.6841219067573547,
      0.5634436011314392,
      0.5951961874961853,
      0.4427729845046997,
      0.47323060035705566,
      0.5109938383102417,
      0.4358275532722473,
      0.5123229026794434,
      0.6174086332321167,
      0.598514199256897,
      0.7297085523605347,
      0.5642462968826294,
      0.38320571184158325
    ],
    "mean": 0.5744432806968689,
    "min": 0.38320571184158325
  },
  "topic_drift": {
    "per_turn": [
      0.7588485479354858,
      0.4893411695957184,
      0.5644361972808838,
      0.5518993139266968,
      0.6487892270088196,
      0.563543438911438,
      0.6094722151756287,
      0.4986349940299988,
      0.5821871757507324,
      0.36514562368392944,
      0.31958240270614624,
      0.35645413398742676,
      0.6000926494598389,
      0.2768436074256897,
      0.4022236466407776,
      0.4702070355415344,
      0.5458019971847534,
      0.516793966293335,
      0.4271513819694519,
      0.32865849137306213,
      0.33249640464782715
    ],
    "mean": 0.4861239819299607,
    "min": 0.2768436074256897,
    "drift_slope": -0.012474721902376655
  },
  "sentiment": {
    "per_turn": [
      0.3976,
      -0.1027,
      0.9185,
      0.7366,
      0.7152,
      0.1531,
      0.9402,
      0.8126,
      0.9213,
      0.6509,
      0.7579,
      0.4886,
      0.7328,
      0.4932,
      0.912,
      -0.1779,
      0.8801,
      -0.6249,
      0.6855,
      -0.1406,
      0.9686
    ],
    "by_speaker": {
      "Lyra": [
        0.3976,
        0.9185,
        0.7152,
        0.9402,
        0.9213,
        0.7579,
        0.7328,
        0.912,
        0.8801,
        0.6855,
        0.9686
      ],
      "Cipher": [
        -0.1027,
        0.7366,
        0.1531,
        0.8126,
        0.6509,
        0.4886,
        0.4932,
        -0.1779,
        -0.6249,
        -0.1406
      ]
    },
    "mean": 0.529457142857143,
    "slope": -0.010781168831168825,
    "volatility": 0.4402088287678589
  },
  "diversity": {
    "by_speaker": {
      "Lyra": {
        "semantic_diversity": 0.45622989535331726,
        "ttr": 0.3945267958950969
      },
      "Cipher": {
        "semantic_diversity": 0.5865188837051392,
        "ttr": 0.45271317829457364
      }
    },
    "global_ttr": 0.335742444152431
  }
}