{
  "condition_id": "modiso__llama4-scout__t02__r01",
  "topic": "Universal basic income would reduce workforce participation and innovation over time",
  "turn_count": 21,
  "persona": {
    "by_speaker": {
      "Lyra": {
        "mean": 0.5062814553560501,
        "per_turn": [
          0.46597117124926213,
          0.5020196574564585,
          0.46750727888553595,
          0.7730159234847662,
          0.4967435689116677,
          0.4392901578677646,
          0.4547449702710062,
          0.4864810726678779,
          0.5396932300788877,
          0.4449663580997051,
          0.49866261994361927
        ]
      },
      "Cipher": {
        "mean": 0.6617032804568338,
        "per_turn": [
          0.7490717188613617,
          0.7608146118249105,
          0.770810943369407,
          0.7336494151843946,
          0.7803194338417653,
          0.5489220761516358,
          0.5031828329412034,
          0.7498362399108335,
          0.5178291254152032,
          0.5025964070676235
        ]
      }
    },
    "discrimination": {
      "Lyra": {
        "own_mean": 0.5063,
        "cross_mean": 0.4937,
        "gap": 0.0126
      },
      "Cipher": {
        "own_mean": 0.6617,
        "cross_mean": 0.3383,
        "gap": 0.3234
      }
    }
  },
  "coherence": {
    "per_turn": [
      null,
      0.4252520501613617,
      0.597530722618103,
      0.5778979063034058,
      0.5407185554504395,
      0.4436190128326416,
      0.2666524648666382,
      0.3015339970588684,
      0.646714448928833,
      0.6926538944244385,
      0.6652845144271851,
      0.5812450647354126,
      0.6697828769683838,
      0.4828204810619354,
      0.46093836426734924,
      0.6556334495544434,
      0.6590529680252075,
      0.5596505403518677,
      0.7426885366439819,
      0.4142083525657654,
      0.3276251256465912
    ],
    "mean": 0.5355751663446426,
    "min": 0.2666524648666382
  },
  "topic_drift": {
    "per_turn": [
      0.712039589881897,
      0.5284667015075684,
      0.48890677094459534,
      0.4491000175476074,
      0.676331639289856,
      0.4194043278694153,
      0.383745014667511,
      0.4204269051551819,
      0.5105793476104736,
      0.40237876772880554,
      0.5192133188247681,
      0.3666933476924896,
      0.5500600337982178,
      0.30744481086730957,
      0.4262518882751465,
      0.3526476323604584,
      0.21892298758029938,
      0.5159512758255005,
      0.4420841932296753,
      0.35958606004714966,
      0.6751680374145508
    ],
    "mean": 0.4631144127675465,
    "min": 0.21892298758029938,
    "drift_slope": -0.006492391344788789
  },
  "sentiment": {
    "per_turn": [
      0.6808,
      -0.5048,
      0.858,
      0.0,
      0.6007,
      0.8126,
      0.9025,
      0.7684,
      0.9557,
      -0.3919,
      -0.5171,
      0.2382,
      -0.4826,
      0.1779,
      0.8047,
      -0.7841,
      -0.7443,
      -0.4939,
      0.9638,
      0.3071,
      0.9324
    ],
    "by_speaker": {
      "Lyra": [
        0.6808,
        0.858,
        0.6007,
        0.9025,
        0.9557,
        -0.5171,
        -0.4826,
        0.8047,
        -0.7443,
        0.9638,
        0.9324
      ],
      "Cipher": [
        -0.5048,
        0.0,
        0.8126,
        0.7684,
        -0.3919,
        0.2382,
        0.1779,
        -0.7841,
        -0.4939,
        0.3071
      ]
    },
    "mean": 0.2421,
    "slope": -0.01720844155844156,
    "volatility": 0.6270951647990006
  },
  "diversity": {
    "by_speaker": {
      "Lyra": {
        "semantic_diversity": 0.5298027992248535,
        "ttr": 0.4778481012658228
      },
      "Cipher": {
        "semantic_diversity": 0.5745601058006287,
        "ttr": 0.4931506849315068
      }
    },
    "global_ttr": 0.39807524059492566
  }
}