{
  "condition_id": "modiso__gpt-oss-120b__t00__r02",
  "topic": "AI will eliminate more jobs than it creates within the next decade",
  "turn_count": 21,
  "persona": {
    "by_speaker": {
      "Lyra": {
        "mean": 0.512768504608453,
        "per_turn": [
          0.5222437040704491,
          0.5908754615004518,
          0.46023102989919873,
          0.42350594549392023,
          0.5138665903830152,
          0.49299058351005254,
          0.572248279641542,
          0.3706439778580486,
          0.5015910646626631,
          0.5052314025853586,
          0.6870255110882841
        ]
      },
      "Cipher": {
        "mean": 0.6970777181196623,
        "per_turn": [
          0.7774202143435193,
          0.7928623753105476,
          0.8082549285060516,
          0.6469918996848709,
          0.7549184170349001,
          0.4480184798381065,
          0.9411415518071011,
          0.5296412055361247,
          0.7483833577419029,
          0.5231447513934993
        ]
      }
    },
    "discrimination": {
      "Lyra": {
        "own_mean": 0.5128,
        "cross_mean": 0.4872,
        "gap": 0.0255
      },
      "Cipher": {
        "own_mean": 0.6971,
        "cross_mean": 0.3029,
        "gap": 0.3942
      }
    }
  },
  "coherence": {
    "per_turn": [
      null,
      0.4829363226890564,
      0.33935707807540894,
      0.3351401388645172,
      0.5002653002738953,
      0.5876258611679077,
      0.5084611177444458,
      0.5672645568847656,
      0.2588258981704712,
      0.6639083623886108,
      0.6772577166557312,
      0.530985951423645,
      0.6446061730384827,
      0.49556964635849,
      0.6248507499694824,
      0.13628259301185608,
      0.4914495348930359,
      0.3940187692642212,
      0.49174177646636963,
      0.7093483209609985,
      0.07712555676698685
    ],
    "mean": 0.4758510712534189,
    "min": 0.07712555676698685
  },
  "topic_drift": {
    "per_turn": [
      0.7328184843063354,
      0.5343901515007019,
      0.3626443147659302,
      0.6190405488014221,
      0.40836307406425476,
      0.5796425342559814,
      0.38208431005477905,
      0.2077573537826538,
      0.5454583764076233,
      0.45974141359329224,
      0.33370888233184814,
      0.3786460757255554,
      0.2511579990386963,
      0.3182990849018097,
      0.39437001943588257,
      0.22662317752838135,
      0.1932322084903717,
      0.44278112053871155,
      0.5285558700561523,
      0.445991575717926,
      0.09033270925283432
    ],
    "mean": 0.4016971087881497,
    "min": 0.09033270925283432,
    "drift_slope": -0.01359971237260025
  },
  "sentiment": {
    "per_turn": [
      0.6597,
      -0.5267,
      0.6486,
      0.1032,
      0.489,
      0.6908,
      0.8689,
      0.9505,
      -0.3612,
      -0.3612,
      -0.3612,
      0.4118,
      -0.296,
      0.6597,
      0.8779,
      0.3643,
      0.5813,
      -0.0644,
      -0.3818,
      -0.34,
      0.9117
    ],
    "by_speaker": {
      "Lyra": [
        0.6597,
        0.6486,
        0.489,
        0.8689,
        -0.3612,
        -0.3612,
        -0.296,
        0.8779,
        0.5813,
        -0.3818,
        0.9117
      ],
      "Cipher": [
        -0.5267,
        0.1032,
        0.6908,
        0.9505,
        -0.3612,
        0.4118,
        0.6597,
        0.3643,
        -0.0644,
        -0.34
      ]
    },
    "mean": 0.26309047619047615,
    "slope": -0.008088051948051945,
    "volatility": 0.5111614896299659
  },
  "diversity": {
    "by_speaker": {
      "Lyra": {
        "semantic_diversity": 0.6884625554084778,
        "ttr": 0.5871886120996441
      },
      "Cipher": {
        "semantic_diversity": 0.6677663326263428,
        "ttr": 0.5136612021857924
      }
    },
    "global_ttr": 0.4446444644464446
  }
}