{
  "condition_id": "modiso__qwen-32b__t01__r01",
  "topic": "Social media has done more harm than good to mental health and democracy",
  "turn_count": 21,
  "persona": {
    "by_speaker": {
      "Lyra": {
        "mean": 0.5468090785481631,
        "per_turn": [
          0.6235324204937727,
          0.6188737925597134,
          0.5374714524573001,
          0.5230457186019808,
          0.5137416658801303,
          0.48017940081604454,
          0.5775175340362877,
          0.44760436717771024,
          0.600157199299205,
          0.468527070699977,
          0.624249242007672
        ]
      },
      "Cipher": {
        "mean": 0.6897009692815385,
        "per_turn": [
          0.71870125411319,
          0.7246263457771851,
          0.4821450870987641,
          0.689637523311092,
          0.7461631159739137,
          0.8148614157944448,
          0.7316307926579956,
          0.47995065917977553,
          0.7241213275141761,
          0.7851721713948474
        ]
      }
    },
    "discrimination": {
      "Lyra": {
        "own_mean": 0.5468,
        "cross_mean": 0.4532,
        "gap": 0.0936
      },
      "Cipher": {
        "own_mean": 0.6897,
        "cross_mean": 0.3103,
        "gap": 0.3794
      }
    }
  },
  "coherence": {
    "per_turn": [
      null,
      0.5060935020446777,
      0.550771176815033,
      0.3538960814476013,
      0.6306150555610657,
      0.4624430537223816,
      0.4343146085739136,
      0.6634522080421448,
      0.5423835515975952,
      0.5451353788375854,
      0.5588554739952087,
      0.580866813659668,
      0.4181518256664276,
      0.4046994149684906,
      0.5475603342056274,
      0.5334721207618713,
      0.5255630016326904,
      0.40515661239624023,
      0.340656578540802,
      0.4733749032020569,
      0.09238580614328384
    ],
    "mean": 0.4784923750907183,
    "min": 0.09238580614328384
  },
  "topic_drift": {
    "per_turn": [
      0.6772490739822388,
      0.6654626131057739,
      0.5450692772865295,
      0.11365482956171036,
      0.1903075873851776,
      0.3446047604084015,
      0.3073002099990845,
      0.3131589889526367,
      0.2345689833164215,
      0.23667789995670319,
      0.11435635387897491,
      0.14633657038211823,
      0.19571319222450256,
      0.046957600861787796,
      -0.04501688480377197,
      0.08791720867156982,
      0.08319065719842911,
      0.1650034636259079,
      0.13038088381290436,
      0.04961225017905235,
      0.046801984310150146
    ],
    "mean": 0.2213955954426811,
    "min": -0.04501688480377197,
    "drift_slope": -0.024814617749932516
  },
  "sentiment": {
    "per_turn": [
      -0.4215,
      -0.789,
      -0.5499,
      0.5647,
      0.3546,
      0.8,
      -0.8414,
      0.3593,
      0.8047,
      0.871,
      0.1655,
      -0.34,
      0.7003,
      -0.0516,
      -0.3504,
      0.7964,
      0.4731,
      0.4118,
      -0.296,
      0.3612,
      0.9267
    ],
    "by_speaker": {
      "Lyra": [
        -0.4215,
        -0.5499,
        0.3546,
        -0.8414,
        0.8047,
        0.1655,
        0.7003,
        -0.3504,
        0.4731,
        -0.296,
        0.9267
      ],
      "Cipher": [
        -0.789,
        0.5647,
        0.8,
        0.3593,
        0.871,
        -0.34,
        -0.0516,
        0.7964,
        0.4118,
        0.3612
      ]
    },
    "mean": 0.18807142857142858,
    "slope": 0.03220675324675324,
    "volatility": 0.558527363990817
  },
  "diversity": {
    "by_speaker": {
      "Lyra": {
        "semantic_diversity": 0.768707811832428,
        "ttr": 0.4497528830313015
      },
      "Cipher": {
        "semantic_diversity": 0.7423716187477112,
        "ttr": 0.48007590132827327
      }
    },
    "global_ttr": 0.36331569664902996
  }
}