{
  "condition_id": "modiso__qwen-32b__t02__r01",
  "topic": "Universal basic income would reduce workforce participation and innovation over time",
  "turn_count": 21,
  "persona": {
    "by_speaker": {
      "Lyra": {
        "mean": 0.497537913814086,
        "per_turn": [
          0.5012902785656537,
          0.4889212681440148,
          0.4940728139354299,
          0.49230505118947115,
          0.4578836275082705,
          0.4590870665954113,
          0.47507330876482,
          0.4707951502695031,
          0.5263428483141124,
          0.5045837548811838,
          0.6025618837870754
        ]
      },
      "Cipher": {
        "mean": 0.7101418675192729,
        "per_turn": [
          0.7363094302936375,
          0.7685502779494452,
          0.7792490373979462,
          0.8161679072672301,
          0.5637287773864005,
          0.5376210320082373,
          0.8351320674930902,
          0.789336144106007,
          0.7635462650710279,
          0.5117777362197071
        ]
      }
    },
    "discrimination": {
      "Lyra": {
        "own_mean": 0.4975,
        "cross_mean": 0.5025,
        "gap": -0.0049
      },
      "Cipher": {
        "own_mean": 0.7101,
        "cross_mean": 0.2899,
        "gap": 0.4203
      }
    }
  },
  "coherence": {
    "per_turn": [
      null,
      0.5056023597717285,
      0.5070018768310547,
      0.5178325176239014,
      0.5176126956939697,
      0.4508976340293884,
      0.6873308420181274,
      0.7113064527511597,
      0.6312878131866455,
      0.7974321842193604,
      0.6386290788650513,
      0.6154837012290955,
      0.7169662714004517,
      0.6456906795501709,
      0.6725573539733887,
      0.7627873420715332,
      0.6090435981750488,
      0.6977695226669312,
      0.5378960371017456,
      0.44929108023643494,
      0.2034199833869934
    ],
    "mean": 0.593791951239109,
    "min": 0.2034199833869934
  },
  "topic_drift": {
    "per_turn": [
      0.7676812410354614,
      0.5475221872329712,
      0.44184619188308716,
      0.48481568694114685,
      0.4253721237182617,
      0.39472705125808716,
      0.5374008417129517,
      0.36178988218307495,
      0.32675236463546753,
      0.3245430588722229,
      0.41307076811790466,
      0.3840053677558899,
      0.42088794708251953,
      0.27829709649086,
      0.4536892771720886,
      0.5749961137771606,
      0.3551434874534607,
      0.26478055119514465,
      0.23680946230888367,
      0.4588363766670227,
      0.1154632419347763
    ],
    "mean": 0.4080204914013545,
    "min": 0.1154632419347763,
    "drift_slope": -0.013452610025158176
  },
  "sentiment": {
    "per_turn": [
      0.9081,
      0.6369,
      0.9274,
      -0.2969,
      0.8229,
      -0.7227,
      0.8485,
      0.7645,
      0.9549,
      -0.7964,
      -0.6757,
      0.0772,
      -0.168,
      0.4019,
      0.9303,
      -0.0168,
      0.1803,
      0.5106,
      0.9445,
      0.5719,
      0.9795
    ],
    "by_speaker": {
      "Lyra": [
        0.9081,
        0.9274,
        0.8229,
        0.8485,
        0.9549,
        -0.6757,
        -0.168,
        0.9303,
        0.1803,
        0.9445,
        0.9795
      ],
      "Cipher": [
        0.6369,
        -0.2969,
        -0.7227,
        0.7645,
        -0.7964,
        0.0772,
        0.4019,
        -0.0168,
        0.5106,
        0.5719
      ]
    },
    "mean": 0.3706142857142857,
    "slope": 0.004492727272727265,
    "volatility": 0.590956515430071
  },
  "diversity": {
    "by_speaker": {
      "Lyra": {
        "semantic_diversity": 0.5851372480392456,
        "ttr": 0.4894366197183099
      },
      "Cipher": {
        "semantic_diversity": 0.4112497866153717,
        "ttr": 0.461839530332681
      }
    },
    "global_ttr": 0.38461538461538464
  }
}