{
  "condition_id": "modiso__qwen-32b__t04__r03",
  "topic": "Strong government regulation of AI development will cause more harm than good",
  "turn_count": 21,
  "persona": {
    "by_speaker": {
      "Lyra": {
        "mean": 0.48414714063224357,
        "per_turn": [
          0.4570067095201212,
          0.5208224902466042,
          0.4483861590855257,
          0.49044225562190946,
          0.4371300481451075,
          0.49828564556767885,
          0.4430601549952231,
          0.46834905872952093,
          0.4727125392658783,
          0.432809988528963,
          0.6566134972481474
        ]
      },
      "Cipher": {
        "mean": 0.5760564432304178,
        "per_turn": [
          0.7974110257179263,
          0.5489875391016326,
          0.5390681822703864,
          0.551609775635735,
          0.583731612667913,
          0.5149860551166794,
          0.5930375164949697,
          0.587131794864761,
          0.5454057058277788,
          0.49919522460639687
        ]
      }
    },
    "discrimination": {
      "Lyra": {
        "own_mean": 0.4841,
        "cross_mean": 0.5159,
        "gap": -0.0317
      },
      "Cipher": {
        "own_mean": 0.5761,
        "cross_mean": 0.4239,
        "gap": 0.1521
      }
    }
  },
  "coherence": {
    "per_turn": [
      null,
      0.6913836002349854,
      0.5058975219726562,
      0.5687447786331177,
      0.5186676979064941,
      0.6613911390304565,
      0.454709529876709,
      0.6565802097320557,
      0.42516326904296875,
      0.3491639494895935,
      0.554338276386261,
      0.4459674656391144,
      0.7418836355209351,
      0.5157054662704468,
      0.689947247505188,
      0.547107458114624,
      0.5274996757507324,
      0.6358177065849304,
      0.5092827081680298,
      0.6244311928749084,
      0.0840086042881012
    ],
    "mean": 0.5353845566511154,
    "min": 0.0840086042881012
  },
  "topic_drift": {
    "per_turn": [
      0.8656666278839111,
      0.7578270435333252,
      0.4306148290634155,
      0.5236508250236511,
      0.584511399269104,
      0.3804400563240051,
      0.38555383682250977,
      0.5646106600761414,
      0.3377586603164673,
      0.503627598285675,
      0.30112379789352417,
      0.24060063064098358,
      0.24282552301883698,
      0.35074755549430847,
      0.35867127776145935,
      0.44355499744415283,
      0.45183634757995605,
      0.37005186080932617,
      0.3644641041755676,
      0.34896138310432434,
      0.036980703473091125
    ],
    "mean": 0.421146653237797,
    "min": 0.036980703473091125,
    "drift_slope": -0.01980978848485204
  },
  "sentiment": {
    "per_turn": [
      0.7764,
      0.9148,
      0.4019,
      -0.4877,
      0.71,
      0.82,
      0.8034,
      -0.4118,
      -0.631,
      0.3213,
      0.6474,
      -0.0644,
      0.9397,
      0.2584,
      0.8639,
      0.0,
      0.666,
      -0.0516,
      0.4039,
      -0.1629,
      0.9618
    ],
    "by_speaker": {
      "Lyra": [
        0.7764,
        0.4019,
        0.71,
        0.8034,
        -0.631,
        0.6474,
        0.9397,
        0.8639,
        0.666,
        0.4039,
        0.9618
      ],
      "Cipher": [
        0.9148,
        -0.4877,
        0.82,
        -0.4118,
        0.3213,
        -0.0644,
        0.2584,
        0.0,
        -0.0516,
        -0.1629
      ]
    },
    "mean": 0.36569047619047623,
    "slope": -0.005366623376623388,
    "volatility": 0.497804215582948
  },
  "diversity": {
    "by_speaker": {
      "Lyra": {
        "semantic_diversity": 0.6478051543235779,
        "ttr": 0.5211786372007366
      },
      "Cipher": {
        "semantic_diversity": 0.6200007200241089,
        "ttr": 0.504835589941973
      }
    },
    "global_ttr": 0.41037735849056606
  }
}