{
  "condition_id": "modiso__qwen-235b__t05__r03",
  "topic": "Genetic editing to prevent hereditary diseases in human embryos should be legally permitted",
  "turn_count": 21,
  "persona": {
    "by_speaker": {
      "Lyra": {
        "mean": 0.5351609957572081,
        "per_turn": [
          0.496121005457009,
          0.45110278417597693,
          0.5263489659446892,
          0.5130555810124179,
          0.48642614030514,
          0.5288751504958686,
          0.49990805402835276,
          0.5126871371160273,
          0.5411205750920927,
          0.48043744416373907,
          0.8506881155379766
        ]
      },
      "Cipher": {
        "mean": 0.5331845746750772,
        "per_turn": [
          0.776241171894691,
          0.5323669865951155,
          0.5123694694517849,
          0.47431402321094096,
          0.5194886573362363,
          0.5012733540475082,
          0.5048281606515233,
          0.4774524700513994,
          0.511260771801658,
          0.5222506817099141
        ]
      }
    },
    "discrimination": {
      "Lyra": {
        "own_mean": 0.5352,
        "cross_mean": 0.4648,
        "gap": 0.0703
      },
      "Cipher": {
        "own_mean": 0.5332,
        "cross_mean": 0.4668,
        "gap": 0.0664
      }
    }
  },
  "coherence": {
    "per_turn": [
      null,
      0.5618213415145874,
      0.5092853307723999,
      0.5965574383735657,
      0.4880622327327728,
      0.599733293056488,
      0.5132724046707153,
      0.3441162705421448,
      0.44412022829055786,
      0.5725134015083313,
      0.426513671875,
      0.6932708024978638,
      0.36867251992225647,
      0.5926033854484558,
      0.6458010673522949,
      0.2732371985912323,
      0.493125319480896,
      0.317099004983902,
      0.3686513304710388,
      0.5511356592178345,
      0.07143986225128174
    ],
    "mean": 0.47155158817768095,
    "min": 0.07143986225128174
  },
  "topic_drift": {
    "per_turn": [
      0.8068509101867676,
      0.49331867694854736,
      0.553689181804657,
      0.4664876461029053,
      0.23512619733810425,
      0.18755947053432465,
      0.07181113958358765,
      0.10730279982089996,
      0.419677734375,
      0.3255979120731354,
      0.4370054602622986,
      0.3145097494125366,
      0.36207816004753113,
      0.5935299396514893,
      0.5193122625350952,
      0.12736961245536804,
      0.22605818510055542,
      0.2537715435028076,
      0.4522950351238251,
      0.3169226050376892,
      -0.030491996556520462
    ],
    "mean": 0.3447515345400288,
    "min": -0.030491996556520462,
    "drift_slope": -0.012330023857293189
  },
  "sentiment": {
    "per_turn": [
      -0.5859,
      -0.6795,
      -0.5604,
      -0.8743,
      0.1255,
      0.857,
      -0.5267,
      0.2023,
      0.8322,
      0.5423,
      -0.8551,
      -0.815,
      0.7615,
      0.9239,
      0.4767,
      0.8935,
      -0.2905,
      -0.9136,
      0.5859,
      0.6705,
      0.7351
    ],
    "by_speaker": {
      "Lyra": [
        -0.5859,
        -0.5604,
        0.1255,
        -0.5267,
        0.8322,
        -0.8551,
        0.7615,
        0.4767,
        -0.2905,
        0.5859,
        0.7351
      ],
      "Cipher": [
        -0.6795,
        -0.8743,
        0.857,
        0.2023,
        0.5423,
        -0.815,
        0.9239,
        0.8935,
        -0.9136,
        0.6705
      ]
    },
    "mean": 0.07168571428571428,
    "slope": 0.04756038961038961,
    "volatility": 0.6879047375117839
  },
  "diversity": {
    "by_speaker": {
      "Lyra": {
        "semantic_diversity": 0.6629767417907715,
        "ttr": 0.5088566827697263
      },
      "Cipher": {
        "semantic_diversity": 0.648855984210968,
        "ttr": 0.5159474671669794
      }
    },
    "global_ttr": 0.4168110918544194
  }
}