{
  "condition_id": "modiso__gpt-oss-20b__t01__r02",
  "topic": "Social media has done more harm than good to mental health and democracy",
  "turn_count": 21,
  "persona": {
    "by_speaker": {
      "Lyra": {
        "mean": 0.5210260294063316,
        "per_turn": [
          0.3223196263989557,
          0.5731161058959854,
          0.5071282080347232,
          0.48826227850241144,
          0.48764980146720865,
          0.48999217076458745,
          0.7323121006700493,
          0.5420539858847269,
          0.49300468060613434,
          0.47914536278063585,
          0.6163020024642294
        ]
      },
      "Cipher": {
        "mean": 0.5800156594285154,
        "per_turn": [
          0.7117842271395265,
          0.48523661646756,
          0.6992604067685942,
          0.702006758476335,
          0.49183102127990697,
          0.5215499014011754,
          0.44823996606795613,
          0.5277614945464756,
          0.7005719752501759,
          0.5119142268874479
        ]
      }
    },
    "discrimination": {
      "Lyra": {
        "own_mean": 0.521,
        "cross_mean": 0.479,
        "gap": 0.0421
      },
      "Cipher": {
        "own_mean": 0.58,
        "cross_mean": 0.42,
        "gap": 0.16
      }
    }
  },
  "coherence": {
    "per_turn": [
      null,
      0.7873866558074951,
      0.6829273700714111,
      0.5842258930206299,
      0.5129119157791138,
      0.6647704839706421,
      0.5541974306106567,
      0.4560793340206146,
      0.3873428404331207,
      0.4221389889717102,
      0.4318307638168335,
      0.278494268655777,
      0.5908716320991516,
      0.49548450112342834,
      0.6972404718399048,
      0.3792170286178589,
      0.7431832551956177,
      0.5039079189300537,
      0.39176881313323975,
      0.5387481451034546,
      0.28383955359458923
    ],
    "mean": 0.5193283632397652,
    "min": 0.278494268655777
  },
  "topic_drift": {
    "per_turn": [
      0.8478353023529053,
      0.8185636401176453,
      0.5780110955238342,
      0.3044312596321106,
      0.3283402919769287,
      0.2743150293827057,
      0.16507618129253387,
      0.2056889533996582,
      0.3343183100223541,
      0.10012863576412201,
      0.13387562334537506,
      0.2493155300617218,
      0.0999416783452034,
      0.03042886033654213,
      0.0778321623802185,
      0.03526812046766281,
      0.02346951700747013,
      0.2140381932258606,
      0.1497962325811386,
      0.1421549767255783,
      0.1759149432182312
    ],
    "mean": 0.2518449779599905,
    "min": 0.02346951700747013,
    "drift_slope": -0.027381992011101218
  },
  "sentiment": {
    "per_turn": [
      0.4144,
      -0.8337,
      0.1927,
      0.3687,
      -0.7003,
      -0.5664,
      0.9331,
      -0.1779,
      0.3612,
      0.6136,
      0.7419,
      0.6667,
      0.7861,
      0.0,
      -0.0387,
      -0.0258,
      0.2732,
      0.9022,
      0.2242,
      0.7783,
      0.8074
    ],
    "by_speaker": {
      "Lyra": [
        0.4144,
        0.1927,
        -0.7003,
        0.9331,
        0.3612,
        0.7419,
        0.7861,
        -0.0387,
        0.2732,
        0.2242,
        0.8074
      ],
      "Cipher": [
        -0.8337,
        0.3687,
        -0.5664,
        -0.1779,
        0.6136,
        0.6667,
        0.0,
        -0.0258,
        0.9022,
        0.7783
      ]
    },
    "mean": 0.2724238095238095,
    "slope": 0.037036233766233766,
    "volatility": 0.5123896182219914
  },
  "diversity": {
    "by_speaker": {
      "Lyra": {
        "semantic_diversity": 0.714077889919281,
        "ttr": 0.48773006134969327
      },
      "Cipher": {
        "semantic_diversity": 0.7126123309135437,
        "ttr": 0.4666666666666667
      }
    },
    "global_ttr": 0.37865748709122204
  }
}