{
  "condition_id": "modiso__llama-8b__t02__r01",
  "topic": "Universal basic income would reduce workforce participation and innovation over time",
  "turn_count": 21,
  "persona": {
    "by_speaker": {
      "Lyra": {
        "mean": 0.4797962920289389,
        "per_turn": [
          0.4914499847631024,
          0.4684729824685791,
          0.4706239032114288,
          0.4787444388543115,
          0.7046729241360372,
          0.2588499096820834,
          0.4937096502490698,
          0.2628353090466708,
          0.4582514307221161,
          0.5152046518099966,
          0.6749440273749323
        ]
      },
      "Cipher": {
        "mean": 0.6311438547641227,
        "per_turn": [
          0.7478825613013289,
          0.5766758061920626,
          0.7790072711393914,
          0.8021927331290136,
          0.5412227687442233,
          0.49109578046577107,
          0.5105703898508661,
          0.5553516629853954,
          0.7865485701106945,
          0.5208910037224806
        ]
      }
    },
    "discrimination": {
      "Lyra": {
        "own_mean": 0.4798,
        "cross_mean": 0.5202,
        "gap": -0.0404
      },
      "Cipher": {
        "own_mean": 0.6311,
        "cross_mean": 0.3689,
        "gap": 0.2623
      }
    }
  },
  "coherence": {
    "per_turn": [
      null,
      0.34448593854904175,
      0.7555928230285645,
      0.7437809705734253,
      0.6678262948989868,
      0.6995747685432434,
      0.6461799144744873,
      0.7866691946983337,
      0.5864235758781433,
      0.68294358253479,
      0.7747851610183716,
      0.4353768825531006,
      0.5603466629981995,
      0.6913474798202515,
      0.6551221609115601,
      0.563794732093811,
      0.6918943524360657,
      0.6602756381034851,
      0.5912088751792908,
      0.5693268775939941,
      0.09810380637645721
    ],
    "mean": 0.6102529846131801,
    "min": 0.09810380637645721
  },
  "topic_drift": {
    "per_turn": [
      0.6493064165115356,
      0.45661333203315735,
      0.4646788537502289,
      0.48944875597953796,
      0.39302897453308105,
      0.2968588173389435,
      0.26344433426856995,
      0.3907891511917114,
      0.36563917994499207,
      0.2959466874599457,
      0.29478245973587036,
      0.30368250608444214,
      0.44354957342147827,
      0.39031916856765747,
      0.2996746301651001,
      0.1560247242450714,
      0.14939071238040924,
      0.21982795000076294,
      0.3602985739707947,
      0.5167138576507568,
      0.06721852719783783
    ],
    "mean": 0.34605891363961355,
    "min": 0.06721852719783783,
    "drift_slope": -0.012806875636051224
  },
  "sentiment": {
    "per_turn": [
      0.1027,
      0.3859,
      0.9496,
      0.1385,
      0.9721,
      -0.743,
      0.3626,
      0.899,
      0.8008,
      0.3296,
      0.471,
      -0.69,
      0.9049,
      -0.9161,
      0.9139,
      -0.4588,
      -0.3094,
      -0.2796,
      0.9729,
      -0.308,
      0.9382
    ],
    "by_speaker": {
      "Lyra": [
        0.1027,
        0.9496,
        0.9721,
        0.3626,
        0.8008,
        0.471,
        0.9049,
        0.9139,
        -0.3094,
        0.9729,
        0.9382
      ],
      "Cipher": [
        0.3859,
        0.1385,
        -0.743,
        0.899,
        0.3296,
        -0.69,
        -0.9161,
        -0.4588,
        -0.2796,
        -0.308
      ]
    },
    "mean": 0.25889523809523807,
    "slope": -0.014220649350649348,
    "volatility": 0.6308236448720873
  },
  "diversity": {
    "by_speaker": {
      "Lyra": {
        "semantic_diversity": 0.5361806154251099,
        "ttr": 0.40473061760841
      },
      "Cipher": {
        "semantic_diversity": 0.48350024223327637,
        "ttr": 0.43050847457627117
      }
    },
    "global_ttr": 0.32938564026646927
  }
}