{
  "condition_id": "modiso__llama-8b__t06__r03",
  "topic": "Remote work has weakened organisational culture more than it has empowered individuals",
  "turn_count": 21,
  "persona": {
    "by_speaker": {
      "Lyra": {
        "mean": 0.513042719891061,
        "per_turn": [
          0.570521770637261,
          0.6167539105373863,
          0.5768262262781005,
          0.3457551411777022,
          0.5727823102545162,
          0.5436848259878881,
          0.6065906748157028,
          0.564345563667543,
          0.3238975061443117,
          0.5436787707245381,
          0.37863321857672105
        ]
      },
      "Cipher": {
        "mean": 0.4871678961732,
        "per_turn": [
          0.6275802111992286,
          0.3813870362328353,
          0.6606451294894962,
          0.38851532492149865,
          0.46936756303764837,
          0.370328399019033,
          0.37636785318215105,
          0.42179915267248447,
          0.7278589418548363,
          0.4478293501227878
        ]
      }
    },
    "discrimination": {
      "Lyra": {
        "own_mean": 0.513,
        "cross_mean": 0.487,
        "gap": 0.0261
      },
      "Cipher": {
        "own_mean": 0.4872,
        "cross_mean": 0.5128,
        "gap": -0.0257
      }
    }
  },
  "coherence": {
    "per_turn": [
      null,
      0.5864626169204712,
      0.6128888130187988,
      0.5383539199829102,
      0.33126652240753174,
      0.4211622178554535,
      0.3825806975364685,
      0.34183549880981445,
      0.6650749444961548,
      0.6491919755935669,
      0.5417689681053162,
      0.34120213985443115,
      0.24718675017356873,
      0.26814770698547363,
      0.47226735949516296,
      0.2922923266887665,
      0.620829164981842,
      0.3454090356826782,
      0.5749433040618896,
      0.6889389157295227,
      0.07587139308452606
    ],
    "mean": 0.4498837135732174,
    "min": 0.07587139308452606
  },
  "topic_drift": {
    "per_turn": [
      0.7983886003494263,
      0.6351958513259888,
      0.465392529964447,
      0.2229243814945221,
      0.5908779501914978,
      0.45033031702041626,
      0.41560715436935425,
      0.4881490468978882,
      0.7053531408309937,
      0.6402653455734253,
      0.4460826516151428,
      0.1419854462146759,
      0.5086556673049927,
      0.02342331036925316,
      0.12036967277526855,
      0.5579107403755188,
      0.3359833359718323,
      0.40006816387176514,
      0.5953831672668457,
      0.703415036201477,
      0.040366046130657196
    ],
    "mean": 0.44219655029120897,
    "min": 0.02342331036925316,
    "drift_slope": -0.01187608942099206
  },
  "sentiment": {
    "per_turn": [
      0.4588,
      -0.3612,
      -0.6742,
      -0.5106,
      0.9552,
      0.7469,
      0.5106,
      0.4939,
      0.3206,
      -0.0516,
      -0.264,
      -0.2263,
      -0.9461,
      0.3169,
      -0.5927,
      -0.5106,
      -0.6757,
      -0.4767,
      -0.729,
      -0.7717,
      0.8271
    ],
    "by_speaker": {
      "Lyra": [
        0.4588,
        -0.6742,
        0.9552,
        0.5106,
        0.3206,
        -0.264,
        -0.9461,
        -0.5927,
        -0.6757,
        -0.729,
        0.8271
      ],
      "Cipher": [
        -0.3612,
        -0.5106,
        0.7469,
        0.4939,
        -0.0516,
        -0.2263,
        0.3169,
        -0.5106,
        -0.4767,
        -0.7717
      ]
    },
    "mean": -0.10287619047619048,
    "slope": -0.031088051948051955,
    "volatility": 0.5829989846472918
  },
  "diversity": {
    "by_speaker": {
      "Lyra": {
        "semantic_diversity": 0.6606711745262146,
        "ttr": 0.4423076923076923
      },
      "Cipher": {
        "semantic_diversity": 0.6924340724945068,
        "ttr": 0.48065173116089616
      }
    },
    "global_ttr": 0.3716160787530763
  }
}