{
  "condition_id": "modiso__gpt-oss-120b__t01__r01",
  "topic": "Social media has done more harm than good to mental health and democracy",
  "turn_count": 21,
  "persona": {
    "by_speaker": {
      "Lyra": {
        "mean": 0.5760776134505392,
        "per_turn": [
          0.5958818851281924,
          0.8058334699472585,
          0.5621450721031612,
          0.544308380104016,
          0.5680908919733589,
          0.4814559513296885,
          0.5498508138437196,
          0.5067379408066641,
          0.5350220901186602,
          0.5478783755320725,
          0.6396488770691398
        ]
      },
      "Cipher": {
        "mean": 0.6513963596147262,
        "per_turn": [
          0.73174831519982,
          0.6304284673674109,
          0.6999879329775933,
          0.7534740297309075,
          0.5136803256540459,
          0.7106061810404982,
          0.7123223664680203,
          0.4689218373801757,
          0.764149056575476,
          0.5286450837533142
        ]
      }
    },
    "discrimination": {
      "Lyra": {
        "own_mean": 0.5761,
        "cross_mean": 0.4239,
        "gap": 0.1522
      },
      "Cipher": {
        "own_mean": 0.6514,
        "cross_mean": 0.3486,
        "gap": 0.3028
      }
    }
  },
  "coherence": {
    "per_turn": [
      null,
      0.5059462785720825,
      0.4536072909832001,
      0.4704276919364929,
      0.27660781145095825,
      0.21068203449249268,
      0.5782901048660278,
      0.4808736741542816,
      0.5615500211715698,
      0.40167808532714844,
      0.6275341510772705,
      0.3412909209728241,
      0.28684771060943604,
      0.3604660630226135,
      0.4793350100517273,
      0.396293044090271,
      0.736083984375,
      0.5362738370895386,
      0.49371498823165894,
      0.3076173961162567,
      0.047868505120277405
    ],
    "mean": 0.4276494301855564,
    "min": 0.047868505120277405
  },
  "topic_drift": {
    "per_turn": [
      0.7273776531219482,
      0.5283191204071045,
      0.35723915696144104,
      0.5207513570785522,
      0.1048283576965332,
      0.24067094922065735,
      0.36985617876052856,
      0.1583634614944458,
      0.30450695753097534,
      0.20357820391654968,
      0.12572354078292847,
      0.23120540380477905,
      0.16677889227867126,
      0.13450556993484497,
      0.08465895801782608,
      0.1805785447359085,
      0.2435063123703003,
      0.3401981592178345,
      0.15018115937709808,
      -0.01777512952685356,
      0.0862327367067337
    ],
    "mean": 0.24958502589946702,
    "min": -0.01777512952685356,
    "drift_slope": -0.01970807735312294
  },
  "sentiment": {
    "per_turn": [
      0.4019,
      -0.0772,
      0.179,
      -0.6249,
      0.3818,
      -0.7633,
      0.6908,
      0.1531,
      -0.1779,
      0.0129,
      0.296,
      0.7964,
      0.3182,
      0.4497,
      0.7412,
      0.5859,
      0.6249,
      0.7469,
      0.6133,
      -0.4939,
      0.9136
    ],
    "by_speaker": {
      "Lyra": [
        0.4019,
        0.179,
        0.3818,
        0.6908,
        -0.1779,
        0.296,
        0.3182,
        0.7412,
        0.6249,
        0.6133,
        0.9136
      ],
      "Cipher": [
        -0.0772,
        -0.6249,
        -0.7633,
        0.1531,
        0.0129,
        0.7964,
        0.4497,
        0.5859,
        0.7469,
        -0.4939
      ]
    },
    "mean": 0.27468571428571426,
    "slope": 0.033136883116883106,
    "volatility": 0.46738837759427015
  },
  "diversity": {
    "by_speaker": {
      "Lyra": {
        "semantic_diversity": 0.6949365139007568,
        "ttr": 0.5668896321070234
      },
      "Cipher": {
        "semantic_diversity": 0.7196905612945557,
        "ttr": 0.5191489361702127
      }
    },
    "global_ttr": 0.4363295880149813
  }
}