{
  "condition_id": "modiso__qwen-32b__t06__r01",
  "topic": "Remote work has weakened organisational culture more than it has empowered individuals",
  "turn_count": 21,
  "persona": {
    "by_speaker": {
      "Lyra": {
        "mean": 0.5645822785177107,
        "per_turn": [
          0.57356021065262,
          0.5563492688366392,
          0.3521351985748707,
          0.5245468902824715,
          0.6096662612637818,
          0.6018179774828782,
          0.525770065224927,
          0.5459169966162492,
          0.8084845242944895,
          0.5814841504309081,
          0.5306735200349827
        ]
      },
      "Cipher": {
        "mean": 0.4916843156012213,
        "per_turn": [
          0.7141966165858653,
          0.6039166275126637,
          0.42313654448085014,
          0.42799817182537314,
          0.3791083626371601,
          0.4684656357912018,
          0.4703038750273174,
          0.49048551233836835,
          0.4911138573278534,
          0.44811795248555997
        ]
      }
    },
    "discrimination": {
      "Lyra": {
        "own_mean": 0.5646,
        "cross_mean": 0.4354,
        "gap": 0.1292
      },
      "Cipher": {
        "own_mean": 0.4917,
        "cross_mean": 0.5083,
        "gap": -0.0166
      }
    }
  },
  "coherence": {
    "per_turn": [
      null,
      0.6109437346458435,
      0.5578479170799255,
      0.5673308968544006,
      0.4300221800804138,
      0.5207799673080444,
      0.46032702922821045,
      0.43584853410720825,
      0.44167372584342957,
      0.7674697637557983,
      0.5539456009864807,
      0.7956313490867615,
      0.36732521653175354,
      0.5956667065620422,
      0.4113503694534302,
      0.5908777117729187,
      0.586455225944519,
      0.37850531935691833,
      0.391418993473053,
      0.5079593658447266,
      0.18414060771465302
    ],
    "mean": 0.5077760107815266,
    "min": 0.18414060771465302
  },
  "topic_drift": {
    "per_turn": [
      0.6586647629737854,
      0.8286762833595276,
      0.5263431072235107,
      0.5221760272979736,
      0.4127201735973358,
      0.7234152555465698,
      0.453380286693573,
      0.47826093435287476,
      0.5571229457855225,
      0.48906397819519043,
      0.28020358085632324,
      0.2590591013431549,
      0.5065752863883972,
      0.3404388427734375,
      0.34102001786231995,
      0.46283841133117676,
      0.4268811345100403,
      0.42629507184028625,
      0.12571761012077332,
      0.1901417076587677,
      0.37203651666641235
    ],
    "mean": 0.4467157636369978,
    "min": 0.12571761012077332,
    "drift_slope": -0.019352195208722906
  },
  "sentiment": {
    "per_turn": [
      0.5106,
      0.1027,
      -0.0772,
      -0.1053,
      -0.5106,
      0.2878,
      -0.3919,
      0.4404,
      -0.4767,
      -0.4019,
      0.5757,
      -0.0772,
      0.0,
      0.9379,
      0.3506,
      0.9136,
      0.8181,
      0.4404,
      0.5719,
      0.7749,
      0.9354
    ],
    "by_speaker": {
      "Lyra": [
        0.5106,
        -0.0772,
        -0.5106,
        -0.3919,
        -0.4767,
        0.5757,
        0.0,
        0.3506,
        0.8181,
        0.5719,
        0.9354
      ],
      "Cipher": [
        0.1027,
        -0.1053,
        0.2878,
        0.4404,
        -0.4019,
        -0.0772,
        0.9379,
        0.9136,
        0.4404,
        0.7749
      ]
    },
    "mean": 0.26758095238095236,
    "slope": 0.04695103896103895,
    "volatility": 0.47333400934128217
  },
  "diversity": {
    "by_speaker": {
      "Lyra": {
        "semantic_diversity": 0.5722817182540894,
        "ttr": 0.4288164665523156
      },
      "Cipher": {
        "semantic_diversity": 0.6050653457641602,
        "ttr": 0.477112676056338
      }
    },
    "global_ttr": 0.35621198957428324
  }
}