{
  "condition_id": "modiso__gpt-oss-20b__t06__r01",
  "topic": "Remote work has weakened organisational culture more than it has empowered individuals",
  "turn_count": 21,
  "persona": {
    "by_speaker": {
      "Lyra": {
        "mean": 0.5483746356890952,
        "per_turn": [
          0.37239214295061907,
          0.5226527948117383,
          0.6215681278987881,
          0.5116022923587842,
          0.5799371795431248,
          0.46386290410101,
          0.5535646514844887,
          0.594985942248577,
          0.5569715808963405,
          0.5259686265401587,
          0.728614749746417
        ]
      },
      "Cipher": {
        "mean": 0.6222456405233869,
        "per_turn": [
          0.7073311423645493,
          0.4552726210880368,
          0.688599077164621,
          0.7816362518981335,
          0.8151412430107489,
          0.65954960764942,
          0.4642693057754844,
          0.6244241872661787,
          0.7137223168656569,
          0.312510652151039
        ]
      }
    },
    "discrimination": {
      "Lyra": {
        "own_mean": 0.5484,
        "cross_mean": 0.4516,
        "gap": 0.0967
      },
      "Cipher": {
        "own_mean": 0.6222,
        "cross_mean": 0.3778,
        "gap": 0.2445
      }
    }
  },
  "coherence": {
    "per_turn": [
      null,
      0.5148861408233643,
      0.5617190599441528,
      0.6641172766685486,
      0.6409316062927246,
      0.3109337389469147,
      0.44797706604003906,
      0.20290988683700562,
      0.5065869092941284,
      0.6105023622512817,
      0.6651057600975037,
      0.16345322132110596,
      0.3210478723049164,
      0.3447575569152832,
      0.5028696060180664,
      0.34884506464004517,
      0.7319835424423218,
      0.16535119712352753,
      0.45496493577957153,
      0.430460661649704,
      -0.0270913764834404
    ],
    "mean": 0.42811560444533825,
    "min": -0.0270913764834404
  },
  "topic_drift": {
    "per_turn": [
      0.5218591690063477,
      0.7551695108413696,
      0.31853753328323364,
      0.4553016424179077,
      0.3474681079387665,
      0.6193833351135254,
      0.29971185326576233,
      0.2573128342628479,
      0.325438916683197,
      0.3292611241340637,
      0.17214593291282654,
      0.46351897716522217,
      0.2549397945404053,
      0.4923904538154602,
      0.3119601607322693,
      0.16195838153362274,
      0.17532822489738464,
      0.33099332451820374,
      0.10860054939985275,
      -0.022461846470832825,
      0.09153833985328674
    ],
    "mean": 0.32239791999260586,
    "min": -0.022461846470832825,
    "drift_slope": -0.0213298999643945
  },
  "sentiment": {
    "per_turn": [
      0.4588,
      0.6671,
      -0.6597,
      0.0,
      0.351,
      0.9207,
      0.0772,
      0.876,
      0.8957,
      0.7269,
      0.8442,
      -0.3071,
      0.7227,
      -0.0516,
      0.2062,
      -0.3818,
      0.743,
      0.8779,
      0.7391,
      -0.4767,
      0.7783
    ],
    "by_speaker": {
      "Lyra": [
        0.4588,
        -0.6597,
        0.351,
        0.0772,
        0.8957,
        0.8442,
        0.7227,
        0.2062,
        0.743,
        0.7391,
        0.7783
      ],
      "Cipher": [
        0.6671,
        0.0,
        0.9207,
        0.876,
        0.7269,
        -0.3071,
        -0.0516,
        -0.3818,
        0.8779,
        -0.4767
      ]
    },
    "mean": 0.38132857142857146,
    "slope": 0.003154805194805197,
    "volatility": 0.5039946089496793
  },
  "diversity": {
    "by_speaker": {
      "Lyra": {
        "semantic_diversity": 0.7361668944358826,
        "ttr": 0.5164473684210527
      },
      "Cipher": {
        "semantic_diversity": 0.7178409099578857,
        "ttr": 0.4810606060606061
      }
    },
    "global_ttr": 0.40316901408450706
  }
}