{
  "condition_id": "modiso__llama-70b__t06__r01",
  "topic": "Remote work has weakened organisational culture more than it has empowered individuals",
  "turn_count": 21,
  "persona": {
    "by_speaker": {
      "Lyra": {
        "mean": 0.6771521906623895,
        "per_turn": [
          0.8603707242712927,
          0.728710826217138,
          0.6402350187689733,
          0.7833889824287874,
          0.5545692681688986,
          0.7743678082742347,
          0.5209038240386428,
          0.5942868347747654,
          0.5842720246733206,
          0.7309723763373508,
          0.6765964093328809
        ]
      },
      "Cipher": {
        "mean": 0.5352124048953766,
        "per_turn": [
          0.7210033292813144,
          0.38407369295392474,
          0.7174488579110054,
          0.40242563019335387,
          0.7551108190541628,
          0.4869304839383881,
          0.45553510503878275,
          0.4271841817770202,
          0.5357648492686045,
          0.4666470995372084
        ]
      }
    },
    "discrimination": {
      "Lyra": {
        "own_mean": 0.6772,
        "cross_mean": 0.3228,
        "gap": 0.3543
      },
      "Cipher": {
        "own_mean": 0.5352,
        "cross_mean": 0.4648,
        "gap": 0.0704
      }
    }
  },
  "coherence": {
    "per_turn": [
      null,
      0.6786426305770874,
      0.6579090356826782,
      0.6200906038284302,
      0.6254065036773682,
      0.48371896147727966,
      0.5011245012283325,
      0.5460258722305298,
      0.7265783548355103,
      0.6191414594650269,
      0.6338824033737183,
      0.7985262870788574,
      0.5522893667221069,
      0.619795560836792,
      0.4374776780605316,
      0.45137712359428406,
      0.6962655782699585,
      0.12985140085220337,
      0.24178001284599304,
      0.5396254062652588,
      0.07583370059728622
    ],
    "mean": 0.5317671220749617,
    "min": 0.07583370059728622
  },
  "topic_drift": {
    "per_turn": [
      0.5649950504302979,
      0.7238985300064087,
      0.5401107668876648,
      0.572834312915802,
      0.4462105631828308,
      0.44932883977890015,
      0.5386847853660583,
      0.684177577495575,
      0.5807527303695679,
      0.5470826029777527,
      0.5895928144454956,
      0.6943119168281555,
      0.47622740268707275,
      0.5887661576271057,
      0.4218398928642273,
      0.5559754371643066,
      0.6074070334434509,
      0.07619253545999527,
      0.31086426973342896,
      0.2225710153579712,
      0.0897662490606308
    ],
    "mean": 0.48959954686108087,
    "min": 0.07619253545999527,
    "drift_slope": -0.018038601854017806
  },
  "sentiment": {
    "per_turn": [
      0.7463,
      0.6658,
      0.8124,
      0.8798,
      0.7393,
      0.6752,
      0.5789,
      -0.6908,
      0.7645,
      0.128,
      0.9253,
      -0.617,
      0.9553,
      -0.7351,
      0.8708,
      0.8271,
      0.8583,
      0.5494,
      0.9254,
      0.7845,
      0.9607
    ],
    "by_speaker": {
      "Lyra": [
        0.7463,
        0.8124,
        0.7393,
        0.5789,
        0.7645,
        0.9253,
        0.9553,
        0.8708,
        0.8583,
        0.9254,
        0.9607
      ],
      "Cipher": [
        0.6658,
        0.8798,
        0.6752,
        -0.6908,
        0.128,
        -0.617,
        -0.7351,
        0.8271,
        0.5494,
        0.7845
      ]
    },
    "mean": 0.5525761904761904,
    "slope": 0.005127662337662333,
    "volatility": 0.5346683341365418
  },
  "diversity": {
    "by_speaker": {
      "Lyra": {
        "semantic_diversity": 0.59043288230896,
        "ttr": 0.4064362336114422
      },
      "Cipher": {
        "semantic_diversity": 0.5865378975868225,
        "ttr": 0.4573502722323049
      }
    },
    "global_ttr": 0.3474820143884892
  }
}