{
  "condition_id": "modiso__gpt-oss-120b__t05__r03",
  "topic": "Genetic editing to prevent hereditary diseases in human embryos should be legally permitted",
  "turn_count": 21,
  "persona": {
    "by_speaker": {
      "Lyra": {
        "mean": 0.5469910155083071,
        "per_turn": [
          0.4622586612690378,
          0.59850559441717,
          0.46771245127966343,
          0.4977664917537048,
          0.5450877156902731,
          0.6098131260942296,
          0.5342232826032567,
          0.5504026191169897,
          0.5925661080060427,
          0.5027272383034422,
          0.6558378820575681
        ]
      },
      "Cipher": {
        "mean": 0.5232863869319535,
        "per_turn": [
          0.7969197399194023,
          0.6554392166782237,
          0.5471596146410902,
          0.5113216143283195,
          0.47038978494461636,
          0.4255675348968302,
          0.4137116633039941,
          0.4077174210992569,
          0.449840373382404,
          0.5547969061253983
        ]
      }
    },
    "discrimination": {
      "Lyra": {
        "own_mean": 0.547,
        "cross_mean": 0.453,
        "gap": 0.094
      },
      "Cipher": {
        "own_mean": 0.5233,
        "cross_mean": 0.4767,
        "gap": 0.0466
      }
    }
  },
  "coherence": {
    "per_turn": [
      null,
      0.7117799520492554,
      0.2488430142402649,
      0.5599445104598999,
      0.0775182843208313,
      0.5564500093460083,
      0.46837079524993896,
      0.5957034826278687,
      0.4513225555419922,
      0.36233067512512207,
      0.4361187219619751,
      0.5395724773406982,
      0.3776320219039917,
      0.2991386353969574,
      0.7070292234420776,
      0.5956594944000244,
      0.5941861867904663,
      0.23642444610595703,
      0.35890689492225647,
      0.4260248839855194,
      0.029914598912000656
    ],
    "mean": 0.4316435432061553,
    "min": 0.029914598912000656
  },
  "topic_drift": {
    "per_turn": [
      0.9026941061019897,
      0.7375212907791138,
      0.1491682380437851,
      0.08471937477588654,
      0.1350022703409195,
      0.38158556818962097,
      0.22150255739688873,
      0.2890026569366455,
      0.3159484267234802,
      0.23116078972816467,
      0.19653916358947754,
      0.19837413728237152,
      0.005209863185882568,
      0.11299346387386322,
      0.20320981740951538,
      0.08994407951831818,
      0.11277557909488678,
      0.1354396939277649,
      0.14648213982582092,
      0.03543780744075775,
      -0.018070008605718613
    ],
    "mean": 0.22222100074092546,
    "min": -0.018070008605718613,
    "drift_slope": -0.023428401244538183
  },
  "sentiment": {
    "per_turn": [
      0.5859,
      0.1154,
      -0.7351,
      -0.4019,
      0.4404,
      -0.4547,
      0.7269,
      0.7814,
      0.6124,
      -0.3491,
      0.6808,
      0.4135,
      0.2212,
      -0.3716,
      -0.2023,
      -0.1531,
      0.1779,
      -0.3612,
      0.6486,
      0.3818,
      0.9403
    ],
    "by_speaker": {
      "Lyra": [
        0.5859,
        -0.7351,
        0.4404,
        0.7269,
        0.6124,
        0.6808,
        0.2212,
        -0.2023,
        0.1779,
        0.6486,
        0.9403
      ],
      "Cipher": [
        0.1154,
        -0.4019,
        -0.4547,
        0.7814,
        -0.3491,
        0.4135,
        -0.3716,
        -0.1531,
        -0.3612,
        0.3818
      ]
    },
    "mean": 0.17607142857142857,
    "slope": 0.013030519480519477,
    "volatility": 0.48514253197027635
  },
  "diversity": {
    "by_speaker": {
      "Lyra": {
        "semantic_diversity": 0.7101902961730957,
        "ttr": 0.5851979345955249
      },
      "Cipher": {
        "semantic_diversity": 0.7611099481582642,
        "ttr": 0.5369649805447471
      }
    },
    "global_ttr": 0.4657534246575342
  }
}