{
  "condition_id": "modiso__qwen-235b__t06__r02",
  "topic": "Remote work has weakened organisational culture more than it has empowered individuals",
  "turn_count": 21,
  "persona": {
    "by_speaker": {
      "Lyra": {
        "mean": 0.6190639437276242,
        "per_turn": [
          0.6305569516789253,
          0.5787513144283696,
          0.5628490494143524,
          0.5543596844706957,
          0.6241943997313761,
          0.8562653662597367,
          0.34411822696885036,
          0.6195767071695136,
          0.603071837757671,
          0.5643969545021617,
          0.8715628886222139
        ]
      },
      "Cipher": {
        "mean": 0.465066251877153,
        "per_turn": [
          0.45401808434443913,
          0.40583876339169783,
          0.46353784581623714,
          0.4542686866575618,
          0.4305929311127532,
          0.2929912525681086,
          0.721572019730573,
          0.374597842703976,
          0.6474262370382775,
          0.4058188554079056
        ]
      }
    },
    "discrimination": {
      "Lyra": {
        "own_mean": 0.6191,
        "cross_mean": 0.3809,
        "gap": 0.2381
      },
      "Cipher": {
        "own_mean": 0.4651,
        "cross_mean": 0.5349,
        "gap": -0.0699
      }
    }
  },
  "coherence": {
    "per_turn": [
      null,
      0.5303388237953186,
      0.5909523963928223,
      0.6063799858093262,
      0.47581368684768677,
      0.5555222630500793,
      0.6241705417633057,
      0.4910917282104492,
      0.46353381872177124,
      0.3698844313621521,
      0.312111496925354,
      0.2505355775356293,
      0.5849037170410156,
      0.3404462933540344,
      0.5892268419265747,
      0.7305005788803101,
      0.6637184023857117,
      0.33407050371170044,
      0.5686190128326416,
      0.533113956451416,
      0.2629544734954834
    ],
    "mean": 0.4938944265246391,
    "min": 0.2505355775356293
  },
  "topic_drift": {
    "per_turn": [
      0.49158406257629395,
      0.7700268030166626,
      0.6415992975234985,
      0.5039465427398682,
      0.26434311270713806,
      0.36150920391082764,
      0.41130074858665466,
      0.26404663920402527,
      0.45074039697647095,
      0.18803191184997559,
      0.37387850880622864,
      0.20226670801639557,
      0.18681761622428894,
      0.6461910009384155,
      0.590622067451477,
      0.6813356876373291,
      0.6330527067184448,
      0.1953171342611313,
      0.4464123249053955,
      0.32537218928337097,
      0.10966121405363083
    ],
    "mean": 0.4160978989232154,
    "min": 0.10966121405363083,
    "drift_slope": -0.008287693598827757
  },
  "sentiment": {
    "per_turn": [
      0.0516,
      -0.4767,
      0.8577,
      0.9225,
      0.7783,
      0.291,
      0.9109,
      -0.2617,
      0.0772,
      -0.5719,
      0.9186,
      0.765,
      0.2263,
      0.3468,
      0.7291,
      -0.431,
      0.3818,
      0.0129,
      0.3322,
      -0.2263,
      0.8979
    ],
    "by_speaker": {
      "Lyra": [
        0.0516,
        0.8577,
        0.7783,
        0.9109,
        0.0772,
        0.9186,
        0.2263,
        0.7291,
        0.3818,
        0.3322,
        0.8979
      ],
      "Cipher": [
        -0.4767,
        0.9225,
        0.291,
        -0.2617,
        -0.5719,
        0.765,
        0.3468,
        -0.431,
        0.0129,
        -0.2263
      ]
    },
    "mean": 0.31105714285714287,
    "slope": -0.004039220779220776,
    "volatility": 0.49463655976737453
  },
  "diversity": {
    "by_speaker": {
      "Lyra": {
        "semantic_diversity": 0.6216095685958862,
        "ttr": 0.4664804469273743
      },
      "Cipher": {
        "semantic_diversity": 0.6661345958709717,
        "ttr": 0.4368770764119601
      }
    },
    "global_ttr": 0.3550834597875569
  }
}