{
  "condition_id": "modiso__llama4-scout__t02__r02",
  "topic": "Universal basic income would reduce workforce participation and innovation over time",
  "turn_count": 21,
  "persona": {
    "by_speaker": {
      "Lyra": {
        "mean": 0.5251625786552583,
        "per_turn": [
          0.4855338635257682,
          0.7502197852673451,
          0.6812807311777911,
          0.4705595113262376,
          0.2713547016267932,
          0.46267368064610376,
          0.5424023208108382,
          0.7464678039024653,
          0.27117899923356475,
          0.5251930243712148,
          0.5699239433197196
        ]
      },
      "Cipher": {
        "mean": 0.6031975750567817,
        "per_turn": [
          0.7150202555686438,
          0.7433226930042376,
          0.7740031282733246,
          0.7647493597215442,
          0.5121099259124735,
          0.5133294435354759,
          0.511585755619398,
          0.48990645830882185,
          0.4766110770403166,
          0.5313376535835808
        ]
      }
    },
    "discrimination": {
      "Lyra": {
        "own_mean": 0.5252,
        "cross_mean": 0.4748,
        "gap": 0.0503
      },
      "Cipher": {
        "own_mean": 0.6032,
        "cross_mean": 0.3968,
        "gap": 0.2064
      }
    }
  },
  "coherence": {
    "per_turn": [
      null,
      0.3481152653694153,
      0.4060836136341095,
      0.3672025203704834,
      0.4909822344779968,
      0.8265588283538818,
      0.6875249147415161,
      0.6905705332756042,
      0.5901987552642822,
      0.7578334212303162,
      0.6788115501403809,
      0.6736385822296143,
      0.5728212594985962,
      0.5057344436645508,
      0.5658690929412842,
      0.5451761484146118,
      0.595130443572998,
      0.41913509368896484,
      0.45825332403182983,
      0.4508677124977112,
      0.24883148074150085
    ],
    "mean": 0.5439669609069824,
    "min": 0.24883148074150085
  },
  "topic_drift": {
    "per_turn": [
      0.5873920917510986,
      0.2779052257537842,
      0.33200883865356445,
      0.38131481409072876,
      0.3858591616153717,
      0.4640231728553772,
      0.39825791120529175,
      0.43196940422058105,
      0.31897637248039246,
      0.34146377444267273,
      0.3091481328010559,
      0.35376444458961487,
      0.4683432877063751,
      0.3763906955718994,
      0.4408484995365143,
      0.38582560420036316,
      0.5153213143348694,
      0.34589749574661255,
      0.23347042500972748,
      0.3038210868835449,
      0.11095937341451645
    ],
    "mean": 0.3696648155649503,
    "min": 0.11095937341451645,
    "drift_slope": -0.0063206067139452175
  },
  "sentiment": {
    "per_turn": [
      0.8565,
      0.2728,
      0.7951,
      -0.5529,
      0.9162,
      0.9451,
      0.9404,
      0.8047,
      0.935,
      0.9254,
      0.8201,
      -0.1027,
      0.3919,
      0.34,
      -0.0523,
      0.6369,
      0.7615,
      0.25,
      0.765,
      0.05,
      0.9459
    ],
    "by_speaker": {
      "Lyra": [
        0.8565,
        0.7951,
        0.9162,
        0.9404,
        0.935,
        0.8201,
        0.3919,
        -0.0523,
        0.7615,
        0.765,
        0.9459
      ],
      "Cipher": [
        0.2728,
        -0.5529,
        0.9451,
        0.8047,
        0.9254,
        -0.1027,
        0.34,
        0.6369,
        0.25,
        0.05
      ]
    },
    "mean": 0.554504761904762,
    "slope": -0.007376753246753261,
    "volatility": 0.42367648762682175
  },
  "diversity": {
    "by_speaker": {
      "Lyra": {
        "semantic_diversity": 0.5110422372817993,
        "ttr": 0.4388185654008439
      },
      "Cipher": {
        "semantic_diversity": 0.6075093746185303,
        "ttr": 0.463884430176565
      }
    },
    "global_ttr": 0.3620689655172414
  }
}