{
  "condition_id": "modiso__llama4-scout__t04__r01",
  "topic": "Strong government regulation of AI development will cause more harm than good",
  "turn_count": 21,
  "persona": {
    "by_speaker": {
      "Lyra": {
        "mean": 0.4907846869145617,
        "per_turn": [
          0.42390610381538146,
          0.43120753617430063,
          0.46330428454172723,
          0.7338272868365364,
          0.41707772191995984,
          0.4641764232445801,
          0.41646597629681437,
          0.43693305300435314,
          0.47277838328760374,
          0.6558301221464602,
          0.4831246647924612
        ]
      },
      "Cipher": {
        "mean": 0.7330283599422469,
        "per_turn": [
          0.8243068942523348,
          0.7797995045451477,
          0.7684964353274999,
          0.5250854728792518,
          0.808415778308879,
          0.8298901139179798,
          0.806856421067948,
          0.5041363688306815,
          0.8385772375174956,
          0.6447193727752513
        ]
      }
    },
    "discrimination": {
      "Lyra": {
        "own_mean": 0.4908,
        "cross_mean": 0.5092,
        "gap": -0.0184
      },
      "Cipher": {
        "own_mean": 0.733,
        "cross_mean": 0.267,
        "gap": 0.4661
      }
    }
  },
  "coherence": {
    "per_turn": [
      null,
      0.6818184852600098,
      0.648878812789917,
      0.727907121181488,
      0.6583998799324036,
      0.5429390668869019,
      0.4998820722103119,
      0.6472958922386169,
      0.47117388248443604,
      0.5548797845840454,
      0.5144593715667725,
      0.6770076751708984,
      0.70363450050354,
      0.7252230644226074,
      0.703265905380249,
      0.6411371231079102,
      0.7049734592437744,
      0.41241157054901123,
      0.693381667137146,
      0.5879602432250977,
      0.27415376901626587
    ],
    "mean": 0.6035391673445701,
    "min": 0.27415376901626587
  },
  "topic_drift": {
    "per_turn": [
      0.8982741832733154,
      0.5826730728149414,
      0.8172636032104492,
      0.6413594484329224,
      0.7253939509391785,
      0.3844554126262665,
      0.43611273169517517,
      0.28994616866111755,
      0.29474008083343506,
      0.3868638277053833,
      0.7311333417892456,
      0.6183919906616211,
      0.6655929088592529,
      0.6008360385894775,
      0.7803061008453369,
      0.5311182141304016,
      0.6945353746414185,
      0.49877187609672546,
      0.6853941679000854,
      0.26582223176956177,
      0.734145998954773
    ],
    "mean": 0.5839586059252421,
    "min": 0.26582223176956177,
    "drift_slope": -0.003526192787405748
  },
  "sentiment": {
    "per_turn": [
      0.7807,
      0.3716,
      0.9163,
      0.8674,
      0.1531,
      0.705,
      0.9182,
      -0.128,
      0.8934,
      0.5927,
      0.7904,
      -0.8418,
      0.9338,
      0.9108,
      0.9778,
      0.6369,
      0.9542,
      0.6798,
      0.7807,
      0.8758,
      0.8834
    ],
    "by_speaker": {
      "Lyra": [
        0.7807,
        0.9163,
        0.1531,
        0.9182,
        0.8934,
        0.7904,
        0.9338,
        0.9778,
        0.9542,
        0.7807,
        0.8834
      ],
      "Cipher": [
        0.3716,
        0.8674,
        0.705,
        -0.128,
        0.5927,
        -0.8418,
        0.9108,
        0.6369,
        0.6798,
        0.8758
      ]
    },
    "mean": 0.6501047619047619,
    "slope": 0.012511688311688316,
    "volatility": 0.4320370503029423
  },
  "diversity": {
    "by_speaker": {
      "Lyra": {
        "semantic_diversity": 0.40012577176094055,
        "ttr": 0.5016025641025641
      },
      "Cipher": {
        "semantic_diversity": 0.5708559155464172,
        "ttr": 0.5018939393939394
      }
    },
    "global_ttr": 0.4097222222222222
  }
}