{
  "condition_id": "modiso__llama-8b__t05__r01",
  "topic": "Genetic editing to prevent hereditary diseases in human embryos should be legally permitted",
  "turn_count": 21,
  "persona": {
    "by_speaker": {
      "Lyra": {
        "mean": 0.4842443045665996,
        "per_turn": [
          0.5195561995852422,
          0.4653398552946173,
          0.41575140246299824,
          0.2743451328620406,
          0.5253741865499661,
          0.503654305921311,
          0.564446579858967,
          0.5234793923579127,
          0.6249858341351542,
          0.25222484940923734,
          0.6575296117951488
        ]
      },
      "Cipher": {
        "mean": 0.610498333730529,
        "per_turn": [
          0.7314575346025471,
          0.7699431642420452,
          0.534915809739869,
          0.7425076964116631,
          0.7189703639353655,
          0.5075131493735485,
          0.46026816168032586,
          0.4864284191261949,
          0.7414840925378121,
          0.4114949456559178
        ]
      }
    },
    "discrimination": {
      "Lyra": {
        "own_mean": 0.4842,
        "cross_mean": 0.5158,
        "gap": -0.0315
      },
      "Cipher": {
        "own_mean": 0.6105,
        "cross_mean": 0.3895,
        "gap": 0.221
      }
    }
  },
  "coherence": {
    "per_turn": [
      null,
      0.6474825143814087,
      0.42660653591156006,
      0.23597091436386108,
      0.5050463676452637,
      0.39508646726608276,
      0.554126501083374,
      0.4691358208656311,
      0.5120758414268494,
      0.5755949020385742,
      0.6169151067733765,
      0.8101330995559692,
      0.6364972591400146,
      0.21344518661499023,
      0.38634029030799866,
      0.2382204234600067,
      0.6816430687904358,
      0.5656756162643433,
      0.5362967848777771,
      0.20144769549369812,
      0.1679815649986267
    ],
    "mean": 0.4687860980629921,
    "min": 0.1679815649986267
  },
  "topic_drift": {
    "per_turn": [
      0.7418907880783081,
      0.6375696659088135,
      0.2942655086517334,
      0.5918639898300171,
      0.4970390796661377,
      0.3517948389053345,
      0.535241961479187,
      0.3337745666503906,
      0.3376137316226959,
      0.5567101240158081,
      0.5904773473739624,
      0.5189543962478638,
      0.5305496454238892,
      0.013428449630737305,
      0.5991952419281006,
      0.13649381697177887,
      0.06422721594572067,
      0.05645619332790375,
      0.04539421945810318,
      0.3463406562805176,
      -0.021062860265374184
    ],
    "mean": 0.3694389798634109,
    "min": -0.021062860265374184,
    "drift_slope": -0.025999880364382427
  },
  "sentiment": {
    "per_turn": [
      0.7823,
      0.431,
      0.3612,
      0.296,
      0.9201,
      -0.643,
      0.8796,
      -0.0516,
      0.4019,
      -0.0895,
      0.1531,
      0.9091,
      0.8553,
      -0.296,
      -0.6687,
      0.5368,
      0.9676,
      0.2105,
      0.4951,
      -0.6119,
      0.93
    ],
    "by_speaker": {
      "Lyra": [
        0.7823,
        0.3612,
        0.9201,
        0.8796,
        0.4019,
        0.1531,
        0.8553,
        -0.6687,
        0.9676,
        0.4951,
        0.93
      ],
      "Cipher": [
        0.431,
        0.296,
        -0.643,
        -0.0516,
        -0.0895,
        0.9091,
        -0.296,
        0.5368,
        0.2105,
        -0.6119
      ]
    },
    "mean": 0.32232857142857135,
    "slope": -0.00814727272727273,
    "volatility": 0.5304682353425915
  },
  "diversity": {
    "by_speaker": {
      "Lyra": {
        "semantic_diversity": 0.695086658000946,
        "ttr": 0.4343832020997375
      },
      "Cipher": {
        "semantic_diversity": 0.6825470924377441,
        "ttr": 0.4742647058823529
      }
    },
    "global_ttr": 0.36447166921898927
  }
}