{
  "condition_id": "modiso__gpt-oss-20b__t07__r03",
  "topic": "Meaningful climate action and sustained economic growth are fundamentally incompatible",
  "turn_count": 21,
  "persona": {
    "by_speaker": {
      "Lyra": {
        "mean": 0.4833526858292318,
        "per_turn": [
          0.5131816307038228,
          0.22818591109335729,
          0.5203048432179163,
          0.49153145433913537,
          0.7199522421281844,
          0.5010308278613044,
          0.5189386852622365,
          0.5120054373771015,
          0.4731723117222335,
          0.23102002278292452,
          0.6075561776333334
        ]
      },
      "Cipher": {
        "mean": 0.6942900708432674,
        "per_turn": [
          0.781229911902193,
          0.7542504694873623,
          0.7485248349251034,
          0.7446872228984249,
          0.5156229737525819,
          0.806537203596496,
          0.7606077420712255,
          0.53633453821669,
          0.836300334139668,
          0.45880547744292866
        ]
      }
    },
    "discrimination": {
      "Lyra": {
        "own_mean": 0.4834,
        "cross_mean": 0.5166,
        "gap": -0.0333
      },
      "Cipher": {
        "own_mean": 0.6943,
        "cross_mean": 0.3057,
        "gap": 0.3886
      }
    }
  },
  "coherence": {
    "per_turn": [
      null,
      0.4479680061340332,
      0.667690098285675,
      0.553133487701416,
      0.5448539853096008,
      0.6548659801483154,
      0.5557673573493958,
      0.6953301429748535,
      0.6968085169792175,
      0.6440503597259521,
      0.48484471440315247,
      0.6392863392829895,
      0.4263544976711273,
      0.5202804207801819,
      0.5621331334114075,
      0.47310107946395874,
      0.6709970235824585,
      0.5139335989952087,
      0.4530617594718933,
      0.23030443489551544,
      0.06076166033744812
    ],
    "mean": 0.5247763298451901,
    "min": 0.06076166033744812
  },
  "topic_drift": {
    "per_turn": [
      0.8086035251617432,
      0.4546324610710144,
      0.6998516917228699,
      0.40682393312454224,
      0.48717761039733887,
      0.3884073495864868,
      0.4158673882484436,
      0.49162557721138,
      0.41382646560668945,
      0.41879552602767944,
      0.3798448443412781,
      0.3732469379901886,
      0.28331536054611206,
      0.0951135903596878,
      0.27471834421157837,
      0.3348367214202881,
      0.2337411642074585,
      0.15549050271511078,
      0.09625768661499023,
      0.11467276513576508,
      0.04056546464562416
    ],
    "mean": 0.3508292814450605,
    "min": 0.04056546464562416,
    "drift_slope": -0.027502959318362278
  },
  "sentiment": {
    "per_turn": [
      0.7845,
      0.9387,
      0.7096,
      0.836,
      0.6249,
      0.8208,
      0.6059,
      0.5023,
      0.7003,
      0.8074,
      0.9245,
      0.5486,
      0.0,
      0.4017,
      0.8859,
      0.2263,
      0.8442,
      0.8555,
      0.5252,
      0.1779,
      0.9382
    ],
    "by_speaker": {
      "Lyra": [
        0.7845,
        0.7096,
        0.6249,
        0.6059,
        0.7003,
        0.9245,
        0.0,
        0.8859,
        0.8442,
        0.5252,
        0.9382
      ],
      "Cipher": [
        0.9387,
        0.836,
        0.8208,
        0.5023,
        0.8074,
        0.5486,
        0.4017,
        0.2263,
        0.8555,
        0.1779
      ]
    },
    "mean": 0.6504,
    "slope": -0.011878961038961038,
    "volatility": 0.2606642175015863
  },
  "diversity": {
    "by_speaker": {
      "Lyra": {
        "semantic_diversity": 0.6685816645622253,
        "ttr": 0.5300813008130081
      },
      "Cipher": {
        "semantic_diversity": 0.649641215801239,
        "ttr": 0.4725274725274725
      }
    },
    "global_ttr": 0.4125753660637382
  }
}