{
  "condition_id": "modiso__qwen-235b__t03__r03",
  "topic": "The resources spent on space exploration would produce greater good if redirected to Earth's problems",
  "turn_count": 21,
  "persona": {
    "by_speaker": {
      "Lyra": {
        "mean": 0.6143518454110005,
        "per_turn": [
          0.6421345664585216,
          0.49853984074895874,
          0.5940730476823538,
          0.8185023580549704,
          0.5495667490436627,
          0.6098584964258666,
          0.5590274192310953,
          0.6536273687848762,
          0.5773404680679621,
          0.6145080051519975,
          0.6406919798707404
        ]
      },
      "Cipher": {
        "mean": 0.6361524639807149,
        "per_turn": [
          0.7064420818870579,
          0.4974246833446705,
          0.6477631087409247,
          0.6470703796172297,
          0.687709104118098,
          0.7519918671672656,
          0.6974594203186115,
          0.6938852965592187,
          0.6175600844347285,
          0.4142186136193438
        ]
      }
    },
    "discrimination": {
      "Lyra": {
        "own_mean": 0.6144,
        "cross_mean": 0.3856,
        "gap": 0.2287
      },
      "Cipher": {
        "own_mean": 0.6362,
        "cross_mean": 0.3638,
        "gap": 0.2723
      }
    }
  },
  "coherence": {
    "per_turn": [
      null,
      0.5082131028175354,
      0.5009605884552002,
      0.4029066264629364,
      0.44474083185195923,
      0.5997823476791382,
      0.4059404134750366,
      0.5826268196105957,
      0.563678503036499,
      0.5475516319274902,
      0.47154995799064636,
      0.5488746166229248,
      0.5202131271362305,
      0.449135959148407,
      0.530215859413147,
      0.43815505504608154,
      0.4838092625141144,
      0.6246634125709534,
      0.4254324436187744,
      0.47300586104393005,
      0.24657481908798218
    ],
    "mean": 0.4884015619754791,
    "min": 0.24657481908798218
  },
  "topic_drift": {
    "per_turn": [
      0.4038808345794678,
      0.5658222436904907,
      0.4222441613674164,
      0.501979649066925,
      0.3604552149772644,
      0.36964720487594604,
      0.30313512682914734,
      0.3974343538284302,
      0.3344186842441559,
      0.518741250038147,
      0.2826858460903168,
      0.26817527413368225,
      0.27040988206863403,
      0.23439516127109528,
      0.260907918214798,
      0.44279995560646057,
      0.3482532203197479,
      0.30881720781326294,
      0.39505356550216675,
      0.3530735373497009,
      0.10338327288627625
    ],
    "mean": 0.35455778879778727,
    "min": 0.10338327288627625,
    "drift_slope": -0.00939407017710921
  },
  "sentiment": {
    "per_turn": [
      -0.0516,
      0.3907,
      0.1779,
      0.7876,
      0.7003,
      0.8674,
      0.8689,
      0.1541,
      -0.2617,
      0.8338,
      -0.7105,
      -0.3291,
      -0.2372,
      0.6956,
      -0.6808,
      0.0204,
      0.4767,
      0.3182,
      0.5927,
      0.0864,
      0.5719
    ],
    "by_speaker": {
      "Lyra": [
        -0.0516,
        0.1779,
        0.7003,
        0.8689,
        -0.2617,
        -0.7105,
        -0.2372,
        -0.6808,
        0.4767,
        0.5927,
        0.5719
      ],
      "Cipher": [
        0.3907,
        0.7876,
        0.8674,
        0.1541,
        0.8338,
        -0.3291,
        0.6956,
        0.0204,
        0.3182,
        0.0864
      ]
    },
    "mean": 0.25103333333333333,
    "slope": -0.010046623376623376,
    "volatility": 0.4830760586208949
  },
  "diversity": {
    "by_speaker": {
      "Lyra": {
        "semantic_diversity": 0.6894361972808838,
        "ttr": 0.48878205128205127
      },
      "Cipher": {
        "semantic_diversity": 0.6800865530967712,
        "ttr": 0.4595070422535211
      }
    },
    "global_ttr": 0.3825503355704698
  }
}