{
  "condition_id": "modiso__llama-8b__t03__r01",
  "topic": "The resources spent on space exploration would produce greater good if redirected to Earth's problems",
  "turn_count": 21,
  "persona": {
    "by_speaker": {
      "Lyra": {
        "mean": 0.4768236361695809,
        "per_turn": [
          0.5557140103952811,
          0.49415269456915156,
          0.522816015073748,
          0.5224326807531368,
          0.5533526414929412,
          0.2709339083526024,
          0.5585709232542899,
          0.557003161475176,
          0.5256356301591634,
          0.26704690540830744,
          0.41740142693159177
        ]
      },
      "Cipher": {
        "mean": 0.6149530951213293,
        "per_turn": [
          0.7147341279408317,
          0.7422304034136775,
          0.7067204598810559,
          0.3577808541361023,
          0.762683761219449,
          0.8012858433045293,
          0.5139452822685208,
          0.46241936594108474,
          0.5656694644290472,
          0.5220613886789953
        ]
      }
    },
    "discrimination": {
      "Lyra": {
        "own_mean": 0.4768,
        "cross_mean": 0.5232,
        "gap": -0.0464
      },
      "Cipher": {
        "own_mean": 0.615,
        "cross_mean": 0.385,
        "gap": 0.2299
      }
    }
  },
  "coherence": {
    "per_turn": [
      null,
      0.6600958704948425,
      0.6364296674728394,
      0.6725374460220337,
      0.45115041732788086,
      0.7303950786590576,
      0.5103263854980469,
      0.48218581080436707,
      0.6272242069244385,
      0.49861985445022583,
      0.631271481513977,
      0.5345392227172852,
      0.37918731570243835,
      0.5493272542953491,
      0.5609511137008667,
      0.49438390135765076,
      0.5001533031463623,
      0.3344517946243286,
      0.5956346988677979,
      0.3459697663784027,
      0.11165809631347656
    ],
    "mean": 0.5153246343135833,
    "min": 0.11165809631347656
  },
  "topic_drift": {
    "per_turn": [
      0.5506987571716309,
      0.7006518840789795,
      0.5512926578521729,
      0.41822415590286255,
      0.37328463792800903,
      0.5357581377029419,
      0.43937814235687256,
      0.506493330001831,
      0.6101834177970886,
      0.40684401988983154,
      0.4821944832801819,
      0.24417924880981445,
      0.4128660559654236,
      0.31049805879592896,
      0.4421178698539734,
      0.322342187166214,
      0.3913843631744385,
      0.30189213156700134,
      0.3291841745376587,
      0.23389840126037598,
      0.1987331211566925
    ],
    "mean": 0.41724282077380587,
    "min": 0.1987331211566925,
    "drift_slope": -0.01610965914540477
  },
  "sentiment": {
    "per_turn": [
      0.5859,
      0.4588,
      0.903,
      0.8849,
      0.9145,
      0.5266,
      -0.7359,
      -0.0772,
      -0.5628,
      -0.5187,
      0.7227,
      -0.3291,
      0.8402,
      -0.5312,
      -0.926,
      0.3527,
      0.802,
      0.6858,
      0.4939,
      -0.3535,
      0.9325
    ],
    "by_speaker": {
      "Lyra": [
        0.5859,
        0.903,
        0.9145,
        -0.7359,
        -0.5628,
        0.7227,
        0.8402,
        -0.926,
        0.802,
        0.4939,
        0.9325
      ],
      "Cipher": [
        0.4588,
        0.8849,
        0.5266,
        -0.0772,
        -0.5187,
        -0.3291,
        -0.5312,
        0.3527,
        0.6858,
        -0.3535
      ]
    },
    "mean": 0.24138571428571426,
    "slope": -0.01192532467532467,
    "volatility": 0.6221357662927605
  },
  "diversity": {
    "by_speaker": {
      "Lyra": {
        "semantic_diversity": 0.5515010356903076,
        "ttr": 0.4107365792759051
      },
      "Cipher": {
        "semantic_diversity": 0.6446914076805115,
        "ttr": 0.45714285714285713
      }
    },
    "global_ttr": 0.3361735089078234
  }
}