{
  "condition_id": "modiso__gpt-oss-20b__t04__r03",
  "topic": "Strong government regulation of AI development will cause more harm than good",
  "turn_count": 21,
  "persona": {
    "by_speaker": {
      "Lyra": {
        "mean": 0.46971737472627617,
        "per_turn": [
          0.43147630947272064,
          0.521265582995182,
          0.4110942581461575,
          0.4489843888115564,
          0.45152529920900963,
          0.23693315114539582,
          0.53408450556959,
          0.48863871105414547,
          0.5069132821588822,
          0.5153196666053204,
          0.620655966821078
        ]
      },
      "Cipher": {
        "mean": 0.584734902855067,
        "per_turn": [
          0.8262876425026924,
          0.5760702192574605,
          0.5803608254556633,
          0.544348443183676,
          0.7911988148384137,
          0.5558465422990491,
          0.3829618515578142,
          0.5067767270678436,
          0.5457181309586987,
          0.5377798314293587
        ]
      }
    },
    "discrimination": {
      "Lyra": {
        "own_mean": 0.4697,
        "cross_mean": 0.5303,
        "gap": -0.0606
      },
      "Cipher": {
        "own_mean": 0.5847,
        "cross_mean": 0.4153,
        "gap": 0.1695
      }
    }
  },
  "coherence": {
    "per_turn": [
      null,
      0.7076577544212341,
      0.6334493160247803,
      0.6272265911102295,
      0.74021315574646,
      0.44063687324523926,
      0.8245006203651428,
      0.3137074112892151,
      0.5781334042549133,
      0.49313366413116455,
      0.5050889849662781,
      0.5271535515785217,
      0.5333139300346375,
      0.32563209533691406,
      0.5109483599662781,
      0.4866383671760559,
      0.534003496170044,
      0.3597542345523834,
      0.6290256381034851,
      0.3715970516204834,
      0.03902435302734375
    ],
    "mean": 0.5090419426560402,
    "min": 0.03902435302734375
  },
  "topic_drift": {
    "per_turn": [
      0.8641282320022583,
      0.6971496343612671,
      0.4410070478916168,
      0.41435936093330383,
      0.3769856095314026,
      0.29028090834617615,
      0.2414969503879547,
      0.42755651473999023,
      0.38541096448898315,
      0.3205907642841339,
      0.41782158613204956,
      0.4784137010574341,
      0.266828715801239,
      0.14986523985862732,
      0.23823034763336182,
      0.31607794761657715,
      0.16257882118225098,
      0.32268595695495605,
      0.20148807764053345,
      0.38635504245758057,
      0.08399366587400436
    ],
    "mean": 0.3563478613893191,
    "min": 0.08399366587400436,
    "drift_slope": -0.0197912985821823
  },
  "sentiment": {
    "per_turn": [
      0.0276,
      0.7096,
      0.3291,
      0.0,
      0.4404,
      0.5122,
      0.6908,
      0.8625,
      0.959,
      0.3182,
      0.5994,
      0.2023,
      0.3682,
      0.7964,
      0.1655,
      0.3071,
      0.2732,
      -0.1779,
      0.8885,
      -0.891,
      0.9638
    ],
    "by_speaker": {
      "Lyra": [
        0.0276,
        0.3291,
        0.4404,
        0.6908,
        0.959,
        0.5994,
        0.3682,
        0.1655,
        0.2732,
        0.8885,
        0.9638
      ],
      "Cipher": [
        0.7096,
        0.0,
        0.5122,
        0.8625,
        0.3182,
        0.2023,
        0.7964,
        0.3071,
        -0.1779,
        -0.891
      ]
    },
    "mean": 0.39737619047619044,
    "slope": -0.009661298701298691,
    "volatility": 0.43122865098820434
  },
  "diversity": {
    "by_speaker": {
      "Lyra": {
        "semantic_diversity": 0.7161271572113037,
        "ttr": 0.5165165165165165
      },
      "Cipher": {
        "semantic_diversity": 0.6458600163459778,
        "ttr": 0.4944029850746269
      }
    },
    "global_ttr": 0.4059900166389351
  }
}