{
  "condition_id": "modiso__gpt-oss-120b__t01__r02",
  "topic": "Social media has done more harm than good to mental health and democracy",
  "turn_count": 21,
  "persona": {
    "by_speaker": {
      "Lyra": {
        "mean": 0.577381567311826,
        "per_turn": [
          0.5562035095413,
          0.5809488072653868,
          0.49684892115725754,
          0.709949010561411,
          0.6380470056025018,
          0.5653126031823741,
          0.523515280786774,
          0.4827672369682796,
          0.5728266107024725,
          0.5464700146569262,
          0.678308240005402
        ]
      },
      "Cipher": {
        "mean": 0.6828350585554108,
        "per_turn": [
          0.6832868005967407,
          0.7664223023017458,
          0.7631597964438986,
          0.49538992985867614,
          0.6294158159053267,
          0.5909218799748303,
          0.7842438013171338,
          0.709164626786658,
          0.6804735213137123,
          0.7258721110553856
        ]
      }
    },
    "discrimination": {
      "Lyra": {
        "own_mean": 0.5774,
        "cross_mean": 0.4226,
        "gap": 0.1548
      },
      "Cipher": {
        "own_mean": 0.6828,
        "cross_mean": 0.3172,
        "gap": 0.3657
      }
    }
  },
  "coherence": {
    "per_turn": [
      null,
      0.48060712218284607,
      0.4136112332344055,
      0.3350347578525543,
      0.41339147090911865,
      0.4084017872810364,
      0.4618062674999237,
      0.18906453251838684,
      0.3326224684715271,
      0.42469522356987,
      0.3547018766403198,
      0.3693951368331909,
      0.4360125660896301,
      0.4365707039833069,
      0.6316210031509399,
      0.483164519071579,
      0.4680282175540924,
      0.5811283588409424,
      0.5661060810089111,
      0.36434799432754517,
      0.1303381472826004
    ],
    "mean": 0.4140324734151363,
    "min": 0.1303381472826004
  },
  "topic_drift": {
    "per_turn": [
      0.7549902200698853,
      0.5475288033485413,
      0.2629549503326416,
      0.27846741676330566,
      0.3359697461128235,
      0.27343735098838806,
      0.1881205141544342,
      0.13842271268367767,
      0.3365147113800049,
      0.23106549680233002,
      0.14666303992271423,
      0.021196149289608,
      0.07448525726795197,
      0.24925807118415833,
      0.19691967964172363,
      0.1616349071264267,
      0.13973796367645264,
      0.39744633436203003,
      0.42863887548446655,
      0.2141520380973816,
      0.22821252048015594
    ],
    "mean": 0.26694365519852864,
    "min": 0.021196149289608,
    "drift_slope": -0.010665548689566644
  },
  "sentiment": {
    "per_turn": [
      -0.0516,
      -0.5927,
      0.5346,
      -0.9604,
      0.7391,
      0.5106,
      0.743,
      -0.2732,
      0.6187,
      0.8201,
      0.4215,
      0.9001,
      0.8225,
      0.8519,
      0.8465,
      0.9217,
      -0.7184,
      0.8807,
      0.3818,
      -0.7717,
      0.7783
    ],
    "by_speaker": {
      "Lyra": [
        -0.0516,
        0.5346,
        0.7391,
        0.743,
        0.6187,
        0.4215,
        0.8225,
        0.8465,
        -0.7184,
        0.3818,
        0.7783
      ],
      "Cipher": [
        -0.5927,
        -0.9604,
        0.5106,
        -0.2732,
        0.8201,
        0.9001,
        0.8519,
        0.9217,
        0.8807,
        -0.7717
      ]
    },
    "mean": 0.35252857142857147,
    "slope": 0.02070220779220781,
    "volatility": 0.6186116692068713
  },
  "diversity": {
    "by_speaker": {
      "Lyra": {
        "semantic_diversity": 0.7064940929412842,
        "ttr": 0.5562218890554723
      },
      "Cipher": {
        "semantic_diversity": 0.6940270662307739,
        "ttr": 0.5
      }
    },
    "global_ttr": 0.44274809160305345
  }
}