{
  "condition_id": "modiso__llama-70b__t00__r02",
  "topic": "AI will eliminate more jobs than it creates within the next decade",
  "turn_count": 21,
  "persona": {
    "by_speaker": {
      "Lyra": {
        "mean": 0.5727650590850121,
        "per_turn": [
          0.7465238725761711,
          0.23912573811683985,
          0.7309655145607986,
          0.464309228624747,
          0.701426230646422,
          0.47796049960126197,
          0.47899306483762505,
          0.7338533424625592,
          0.44136245763850235,
          0.6508753368934835,
          0.6350203639767227
        ]
      },
      "Cipher": {
        "mean": 0.6306406245847211,
        "per_turn": [
          0.7874820150743439,
          0.5165856969040219,
          0.5647762000052361,
          0.5537103763362825,
          0.8218474663731578,
          0.5472651428729163,
          0.5560526530228767,
          0.5696148981467044,
          0.582616562217976,
          0.8064552348936957
        ]
      }
    },
    "discrimination": {
      "Lyra": {
        "own_mean": 0.5728,
        "cross_mean": 0.4272,
        "gap": 0.1455
      },
      "Cipher": {
        "own_mean": 0.6306,
        "cross_mean": 0.3694,
        "gap": 0.2613
      }
    }
  },
  "coherence": {
    "per_turn": [
      null,
      0.7981764078140259,
      0.53453129529953,
      0.5298560857772827,
      0.5425070524215698,
      0.7371288537979126,
      0.6684466004371643,
      0.5375317335128784,
      0.6206414699554443,
      0.7635794878005981,
      0.7029725313186646,
      0.7485154867172241,
      0.5135661363601685,
      0.665067732334137,
      0.7557114362716675,
      0.7243124842643738,
      0.7189449071884155,
      0.59856116771698,
      0.6157292127609253,
      0.7781791687011719,
      0.007424801588058472
    ],
    "mean": 0.6280692026019097,
    "min": 0.007424801588058472
  },
  "topic_drift": {
    "per_turn": [
      0.8090640306472778,
      0.8255525827407837,
      0.4630846083164215,
      0.6854798793792725,
      0.5861441493034363,
      0.5117994546890259,
      0.46604615449905396,
      0.4639713764190674,
      0.5066741704940796,
      0.512043297290802,
      0.5069296956062317,
      0.3415217399597168,
      0.31169962882995605,
      0.3835451602935791,
      0.40949755907058716,
      0.5143786668777466,
      0.4541066884994507,
      0.18679466843605042,
      0.31506526470184326,
      0.4387918710708618,
      0.08581142127513885
    ],
    "mean": 0.46561914611430394,
    "min": 0.08581142127513885,
    "drift_slope": -0.022331942985584215
  },
  "sentiment": {
    "per_turn": [
      0.7159,
      0.3542,
      0.8793,
      0.0209,
      0.746,
      0.3716,
      0.9421,
      0.705,
      0.8878,
      0.7096,
      -0.0101,
      0.7783,
      0.9722,
      0.1154,
      0.6473,
      -0.5574,
      0.9125,
      0.4404,
      0.1421,
      0.9042,
      0.9153
    ],
    "by_speaker": {
      "Lyra": [
        0.7159,
        0.8793,
        0.746,
        0.9421,
        0.8878,
        -0.0101,
        0.9722,
        0.6473,
        0.9125,
        0.1421,
        0.9153
      ],
      "Cipher": [
        0.3542,
        0.0209,
        0.3716,
        0.705,
        0.7096,
        0.7783,
        0.1154,
        -0.5574,
        0.4404,
        0.9042
      ]
    },
    "mean": 0.5520285714285714,
    "slope": -0.0030825974025974023,
    "volatility": 0.40114228581562894
  },
  "diversity": {
    "by_speaker": {
      "Lyra": {
        "semantic_diversity": 0.6139407753944397,
        "ttr": 0.36384439359267734
      },
      "Cipher": {
        "semantic_diversity": 0.5056769847869873,
        "ttr": 0.4413793103448276
      }
    },
    "global_ttr": 0.3218707015130674
  }
}