{
  "condition_id": "modiso__gpt-oss-120b__t04__r02",
  "topic": "Strong government regulation of AI development will cause more harm than good",
  "turn_count": 21,
  "persona": {
    "by_speaker": {
      "Lyra": {
        "mean": 0.5103719810454351,
        "per_turn": [
          0.46104272422133347,
          0.6926716082184281,
          0.4775423272224223,
          0.47960263148233484,
          0.5327927337352281,
          0.5109213405793545,
          0.44752607858230453,
          0.4274071431862174,
          0.4575169661981707,
          0.47874472724808936,
          0.6483235108259029
        ]
      },
      "Cipher": {
        "mean": 0.7521832979593481,
        "per_turn": [
          0.8172824547339975,
          0.7915286610347835,
          0.7569379315670928,
          0.7903590353940035,
          0.5609225692098303,
          0.7659181917640007,
          0.8117527960516724,
          0.8615781894738215,
          0.5918082162746541,
          0.7737449340896259
        ]
      }
    },
    "discrimination": {
      "Lyra": {
        "own_mean": 0.5104,
        "cross_mean": 0.4896,
        "gap": 0.0207
      },
      "Cipher": {
        "own_mean": 0.7522,
        "cross_mean": 0.2478,
        "gap": 0.5044
      }
    }
  },
  "coherence": {
    "per_turn": [
      null,
      0.7292956113815308,
      0.045570194721221924,
      0.04958373308181763,
      0.5114519596099854,
      0.3867069482803345,
      0.6662601232528687,
      0.38032788038253784,
      0.4611162841320038,
      0.5117082595825195,
      0.30860793590545654,
      0.38651686906814575,
      0.7501401901245117,
      0.38608428835868835,
      0.7206341028213501,
      0.5051181316375732,
      0.7023046016693115,
      0.7033647298812866,
      0.5158333778381348,
      0.6152738928794861,
      0.03538881987333298
    ],
    "mean": 0.4685643967241049,
    "min": 0.03538881987333298
  },
  "topic_drift": {
    "per_turn": [
      0.9022196531295776,
      0.7918654680252075,
      0.06953376531600952,
      0.5802983045578003,
      0.47783103585243225,
      0.3839493989944458,
      0.298147976398468,
      0.42605605721473694,
      0.29939210414886475,
      0.3429236114025116,
      0.15868011116981506,
      0.38607048988342285,
      0.49364206194877625,
      0.3663751482963562,
      0.3328995704650879,
      0.42254555225372314,
      0.37827563285827637,
      0.30562469363212585,
      0.4268283247947693,
      0.3385760188102722,
      0.028537876904010773
    ],
    "mean": 0.39096537409793763,
    "min": 0.028537876904010773,
    "drift_slope": -0.015446133524566514
  },
  "sentiment": {
    "per_turn": [
      0.7069,
      -0.2732,
      0.0,
      0.1027,
      0.9203,
      0.0,
      0.6808,
      0.7184,
      -0.3182,
      0.0562,
      -0.4215,
      -0.4228,
      0.8484,
      -0.8047,
      0.7684,
      0.3612,
      0.9081,
      -0.5574,
      -0.0258,
      0.8625,
      0.9022
    ],
    "by_speaker": {
      "Lyra": [
        0.7069,
        0.0,
        0.9203,
        0.6808,
        -0.3182,
        -0.4215,
        0.8484,
        0.7684,
        0.9081,
        -0.0258,
        0.9022
      ],
      "Cipher": [
        -0.2732,
        0.1027,
        0.0,
        0.7184,
        0.0562,
        -0.4228,
        -0.8047,
        0.3612,
        -0.5574,
        0.8625
      ]
    },
    "mean": 0.2386904761904762,
    "slope": 0.008721168831168821,
    "volatility": 0.5545454568552707
  },
  "diversity": {
    "by_speaker": {
      "Lyra": {
        "semantic_diversity": 0.7091464400291443,
        "ttr": 0.6177536231884058
      },
      "Cipher": {
        "semantic_diversity": 0.6143274307250977,
        "ttr": 0.5121042830540037
      }
    },
    "global_ttr": 0.45454545454545453
  }
}