{
  "condition_id": "modiso__gpt-oss-120b__t06__r03",
  "topic": "Remote work has weakened organisational culture more than it has empowered individuals",
  "turn_count": 21,
  "persona": {
    "by_speaker": {
      "Lyra": {
        "mean": 0.5768621464193471,
        "per_turn": [
          0.5956444044860024,
          0.5689621486327673,
          0.6242916110108784,
          0.5504598565311039,
          0.556518515073855,
          0.5296861756678006,
          0.5967832126997938,
          0.6282111437556821,
          0.5417918369887331,
          0.5340277331312111,
          0.6191069726349898
        ]
      },
      "Cipher": {
        "mean": 0.5673360322367679,
        "per_turn": [
          0.4388902498671118,
          0.37121487683248455,
          0.7070111062662411,
          0.6952826478343924,
          0.4291885303210897,
          0.6856163908401994,
          0.6890724221230267,
          0.4450358915552133,
          0.4374106583863182,
          0.7746375483416017
        ]
      }
    },
    "discrimination": {
      "Lyra": {
        "own_mean": 0.5769,
        "cross_mean": 0.4231,
        "gap": 0.1537
      },
      "Cipher": {
        "own_mean": 0.5673,
        "cross_mean": 0.4327,
        "gap": 0.1347
      }
    }
  },
  "coherence": {
    "per_turn": [
      null,
      0.6921791434288025,
      0.3568492531776428,
      0.5397413969039917,
      0.4502846598625183,
      0.5722127556800842,
      0.6837250590324402,
      0.44155383110046387,
      0.5353425145149231,
      0.38133376836776733,
      0.6037588119506836,
      0.613462507724762,
      0.555596649646759,
      0.3636137545108795,
      0.6194735765457153,
      0.41694435477256775,
      0.5907353758811951,
      0.5847843885421753,
      0.523408055305481,
      0.4987870156764984,
      0.26547613739967346
    ],
    "mean": 0.5144631505012512,
    "min": 0.26547613739967346
  },
  "topic_drift": {
    "per_turn": [
      0.7760459184646606,
      0.7895711660385132,
      0.29744094610214233,
      0.4013073444366455,
      0.2894911766052246,
      0.5285835266113281,
      0.3599468469619751,
      0.21976226568222046,
      0.2522020936012268,
      0.35071462392807007,
      0.27638906240463257,
      0.39141136407852173,
      0.2637036144733429,
      0.7112807035446167,
      0.5472581386566162,
      0.2887152135372162,
      0.30499541759490967,
      0.44360649585723877,
      0.20547693967819214,
      0.24157500267028809,
      0.27166107296943665
    ],
    "mean": 0.391006615899858,
    "min": 0.20547693967819214,
    "drift_slope": -0.01199252957647496
  },
  "sentiment": {
    "per_turn": [
      0.6369,
      0.8392,
      -0.0176,
      0.6486,
      -0.128,
      0.0,
      0.836,
      0.8402,
      0.7467,
      0.7184,
      0.8481,
      0.5992,
      0.9136,
      0.802,
      0.7783,
      0.7326,
      0.5859,
      -0.296,
      0.5118,
      -0.2263,
      0.9349
    ],
    "by_speaker": {
      "Lyra": [
        0.6369,
        -0.0176,
        -0.128,
        0.836,
        0.7467,
        0.8481,
        0.9136,
        0.7783,
        0.5859,
        0.5118,
        0.9349
      ],
      "Cipher": [
        0.8392,
        0.6486,
        0.0,
        0.8402,
        0.7184,
        0.5992,
        0.802,
        0.7326,
        -0.296,
        -0.2263
      ]
    },
    "mean": 0.5383095238095239,
    "slope": -0.0015206493506493453,
    "volatility": 0.3938313669879314
  },
  "diversity": {
    "by_speaker": {
      "Lyra": {
        "semantic_diversity": 0.61890709400177,
        "ttr": 0.5377643504531722
      },
      "Cipher": {
        "semantic_diversity": 0.5883389115333557,
        "ttr": 0.46037099494097805
      }
    },
    "global_ttr": 0.39760956175298806
  }
}