{
  "condition_id": "modiso__llama-70b__t05__r03",
  "topic": "Genetic editing to prevent hereditary diseases in human embryos should be legally permitted",
  "turn_count": 21,
  "persona": {
    "by_speaker": {
      "Lyra": {
        "mean": 0.6204992202076807,
        "per_turn": [
          0.7299607556509625,
          0.710374272615886,
          0.7560202844572814,
          0.7880593455935891,
          0.5251079242831989,
          0.7724633059355217,
          0.5363696042673172,
          0.49375842106841966,
          0.7448123791970129,
          0.20452044547812032,
          0.5640446837371773
        ]
      },
      "Cipher": {
        "mean": 0.7140926152603821,
        "per_turn": [
          0.7665164534835431,
          0.8096452793135321,
          0.7709659088284311,
          0.7274370476598702,
          0.4897496874200268,
          0.6825088924421665,
          0.5287670649984644,
          0.7682111137383836,
          0.7956355393498651,
          0.8014891653695383
        ]
      }
    },
    "discrimination": {
      "Lyra": {
        "own_mean": 0.6205,
        "cross_mean": 0.3795,
        "gap": 0.241
      },
      "Cipher": {
        "own_mean": 0.7141,
        "cross_mean": 0.2859,
        "gap": 0.4282
      }
    }
  },
  "coherence": {
    "per_turn": [
      null,
      0.3785802721977234,
      0.5603315830230713,
      0.5513296723365784,
      0.5655432343482971,
      0.4776798486709595,
      0.5890251994132996,
      0.5818354487419128,
      0.5697280168533325,
      0.46273738145828247,
      0.6364580988883972,
      0.22714005410671234,
      0.354328989982605,
      0.5090841054916382,
      0.5724992752075195,
      0.6376773715019226,
      0.6558125019073486,
      0.5703675746917725,
      0.8059719800949097,
      0.5898998379707336,
      0.09148340672254562
    ],
    "mean": 0.5193756926804781,
    "min": 0.09148340672254562
  },
  "topic_drift": {
    "per_turn": [
      0.8803287148475647,
      0.34352368116378784,
      0.6522656679153442,
      0.4441334903240204,
      0.3838757872581482,
      0.3358016908168793,
      0.30850258469581604,
      0.3918297290802002,
      0.5571232438087463,
      0.565673291683197,
      0.5384116172790527,
      0.014344468712806702,
      0.30834001302719116,
      0.1450250744819641,
      0.18640011548995972,
      0.32669270038604736,
      0.2226545810699463,
      0.24873217940330505,
      0.21961817145347595,
      0.25357457995414734,
      0.4913528561592102
    ],
    "mean": 0.37229543995289577,
    "min": 0.014344468712806702,
    "drift_slope": -0.01664789735109776
  },
  "sentiment": {
    "per_turn": [
      0.6983,
      0.102,
      0.0784,
      -0.6124,
      0.6374,
      -0.7003,
      0.9585,
      0.2263,
      0.1027,
      0.1173,
      0.6565,
      0.8786,
      0.907,
      0.9327,
      0.9231,
      0.6237,
      0.7519,
      -0.2849,
      0.9345,
      0.8811,
      0.9442
    ],
    "by_speaker": {
      "Lyra": [
        0.6983,
        0.0784,
        0.6374,
        0.9585,
        0.1027,
        0.6565,
        0.907,
        0.9231,
        0.7519,
        0.9345,
        0.9442
      ],
      "Cipher": [
        0.102,
        -0.6124,
        -0.7003,
        0.2263,
        0.1173,
        0.8786,
        0.9327,
        0.6237,
        -0.2849,
        0.8811
      ]
    },
    "mean": 0.4646,
    "slope": 0.0393074025974026,
    "volatility": 0.5146203751078949
  },
  "diversity": {
    "by_speaker": {
      "Lyra": {
        "semantic_diversity": 0.596435546875,
        "ttr": 0.3882783882783883
      },
      "Cipher": {
        "semantic_diversity": 0.6455634832382202,
        "ttr": 0.45090180360721444
      }
    },
    "global_ttr": 0.3315629742033384
  }
}