{
  "condition_id": "modiso__qwen-32b__t03__r01",
  "topic": "The resources spent on space exploration would produce greater good if redirected to Earth's problems",
  "turn_count": 21,
  "persona": {
    "by_speaker": {
      "Lyra": {
        "mean": 0.5594435490494448,
        "per_turn": [
          0.6032993091637955,
          0.5935785101877429,
          0.5879809334636785,
          0.5236688211244924,
          0.48395219731363315,
          0.5203691059446609,
          0.28499649318239,
          0.5893773594917586,
          0.5699067167571052,
          0.6275604771818127,
          0.7691891157328233
        ]
      },
      "Cipher": {
        "mean": 0.5776770238925695,
        "per_turn": [
          0.586014005355197,
          0.709586869786715,
          0.40527193253503346,
          0.7487992273950608,
          0.6871647339131359,
          0.7273346190975513,
          0.6793558368507768,
          0.42900717543596506,
          0.4045856987817671,
          0.3996501397744924
        ]
      }
    },
    "discrimination": {
      "Lyra": {
        "own_mean": 0.5594,
        "cross_mean": 0.4406,
        "gap": 0.1189
      },
      "Cipher": {
        "own_mean": 0.5777,
        "cross_mean": 0.4223,
        "gap": 0.1554
      }
    }
  },
  "coherence": {
    "per_turn": [
      null,
      0.543590784072876,
      0.6830917000770569,
      0.5865856409072876,
      0.44370970129966736,
      0.5729107856750488,
      0.45896485447883606,
      0.7451196312904358,
      0.5565972328186035,
      0.5132670998573303,
      0.6929085850715637,
      0.6654514074325562,
      0.522261381149292,
      0.5744024515151978,
      0.5008891224861145,
      0.49118560552597046,
      0.49543142318725586,
      0.6863706707954407,
      0.6881107091903687,
      0.6981902718544006,
      0.21688389778137207
    ],
    "mean": 0.5667961478233338,
    "min": 0.21688389778137207
  },
  "topic_drift": {
    "per_turn": [
      0.5282824039459229,
      0.4232640266418457,
      0.5571043491363525,
      0.5180844068527222,
      0.3833327889442444,
      0.4377846419811249,
      0.42221903800964355,
      0.4353991150856018,
      0.4825381636619568,
      0.5610972046852112,
      0.516756534576416,
      0.39595919847488403,
      0.44773876667022705,
      0.4251416325569153,
      0.4864170253276825,
      0.42547234892845154,
      0.4472507834434509,
      0.4790273904800415,
      0.4146362543106079,
      0.459061861038208,
      0.08725380897521973
    ],
    "mean": 0.44446770208222525,
    "min": 0.08725380897521973,
    "drift_slope": -0.006737688454714688
  },
  "sentiment": {
    "per_turn": [
      0.6369,
      0.4767,
      0.7882,
      0.6757,
      0.4215,
      0.8537,
      0.0129,
      0.5267,
      0.714,
      -0.7885,
      -0.1566,
      0.8316,
      -0.7096,
      0.5574,
      -0.0554,
      -0.0541,
      0.7506,
      0.2263,
      0.765,
      -0.9316,
      0.9042
    ],
    "by_speaker": {
      "Lyra": [
        0.6369,
        0.7882,
        0.4215,
        0.0129,
        0.714,
        -0.1566,
        -0.7096,
        -0.0554,
        0.7506,
        0.765,
        0.9042
      ],
      "Cipher": [
        0.4767,
        0.6757,
        0.8537,
        0.5267,
        -0.7885,
        0.8316,
        0.5574,
        -0.0541,
        0.2263,
        -0.9316
      ]
    },
    "mean": 0.30693333333333334,
    "slope": -0.022474935064935052,
    "volatility": 0.5550425331907399
  },
  "diversity": {
    "by_speaker": {
      "Lyra": {
        "semantic_diversity": 0.5687710046768188,
        "ttr": 0.4497444633730835
      },
      "Cipher": {
        "semantic_diversity": 0.5493389964103699,
        "ttr": 0.43920145190562615
      }
    },
    "global_ttr": 0.3471001757469244
  }
}