{
  "condition_id": "modiso__qwen-235b__t01__r03",
  "topic": "Social media has done more harm than good to mental health and democracy",
  "turn_count": 21,
  "persona": {
    "by_speaker": {
      "Lyra": {
        "mean": 0.5811154918319796,
        "per_turn": [
          0.6134387991254293,
          0.5824753262357738,
          0.5117020699954185,
          0.5394852154187497,
          0.51815198662115,
          0.548190046019117,
          0.5830924389104308,
          0.6890942335197712,
          0.6255016840369725,
          0.5689297244758076,
          0.6122088857931562
        ]
      },
      "Cipher": {
        "mean": 0.5269228950420294,
        "per_turn": [
          0.72478210959395,
          0.4544092457147346,
          0.5132819667263594,
          0.5359297299514071,
          0.6887672900393638,
          0.4656881116209552,
          0.44252634027187615,
          0.4158134665131852,
          0.3363450884520034,
          0.6916856015364587
        ]
      }
    },
    "discrimination": {
      "Lyra": {
        "own_mean": 0.5811,
        "cross_mean": 0.4189,
        "gap": 0.1622
      },
      "Cipher": {
        "own_mean": 0.5269,
        "cross_mean": 0.4731,
        "gap": 0.0538
      }
    }
  },
  "coherence": {
    "per_turn": [
      null,
      0.545923113822937,
      0.5961949825286865,
      0.42622989416122437,
      0.4436461925506592,
      0.44096893072128296,
      0.5360820889472961,
      0.5031042098999023,
      0.23869237303733826,
      0.37016183137893677,
      0.5831520557403564,
      0.4365713894367218,
      0.2969239354133606,
      0.599727213382721,
      0.45227718353271484,
      0.5786003470420837,
      0.4219684600830078,
      0.5571128726005554,
      0.2516734302043915,
      0.30291497707366943,
      0.21107378602027893
    ],
    "mean": 0.43964996337890627,
    "min": 0.21107378602027893
  },
  "topic_drift": {
    "per_turn": [
      0.6102018356323242,
      0.72532057762146,
      0.47572100162506104,
      0.30417120456695557,
      0.16169852018356323,
      0.2040318250656128,
      0.2377605438232422,
      0.11338895559310913,
      0.20471566915512085,
      0.2568792700767517,
      0.2848736643791199,
      0.2302495837211609,
      0.27574026584625244,
      0.3312668204307556,
      0.35898929834365845,
      0.048492684960365295,
      0.0399109348654747,
      0.0663270503282547,
      0.0644671618938446,
      0.1706729531288147,
      0.1393265575170517
    ],
    "mean": 0.25258125613133114,
    "min": 0.0399109348654747,
    "drift_slope": -0.019363602976520344
  },
  "sentiment": {
    "per_turn": [
      -0.1027,
      -0.2903,
      -0.753,
      0.8689,
      0.1911,
      0.5574,
      -0.7398,
      -0.1154,
      0.9273,
      0.0516,
      0.8264,
      0.9265,
      0.0145,
      0.7269,
      0.974,
      -0.2263,
      -0.3248,
      0.6808,
      -0.4585,
      0.4215,
      0.6808
    ],
    "by_speaker": {
      "Lyra": [
        -0.1027,
        -0.753,
        0.1911,
        -0.7398,
        0.9273,
        0.8264,
        0.0145,
        0.974,
        -0.3248,
        -0.4585,
        0.6808
      ],
      "Cipher": [
        -0.2903,
        0.8689,
        0.5574,
        -0.1154,
        0.0516,
        0.9265,
        0.7269,
        -0.2263,
        0.6808,
        0.4215
      ]
    },
    "mean": 0.23032857142857138,
    "slope": 0.021685714285714287,
    "volatility": 0.5590511486462765
  },
  "diversity": {
    "by_speaker": {
      "Lyra": {
        "semantic_diversity": 0.7346101403236389,
        "ttr": 0.518783542039356
      },
      "Cipher": {
        "semantic_diversity": 0.7448791265487671,
        "ttr": 0.4461805555555556
      }
    },
    "global_ttr": 0.3964757709251101
  }
}