{
  "condition_id": "modiso__llama4-scout__t02__r03",
  "topic": "Universal basic income would reduce workforce participation and innovation over time",
  "turn_count": 21,
  "persona": {
    "by_speaker": {
      "Lyra": {
        "mean": 0.45895038117325415,
        "per_turn": [
          0.47907309619145505,
          0.4370499656185334,
          0.5127246286373095,
          0.48234214948954723,
          0.4452857274731403,
          0.2002996949151741,
          0.5118603293086101,
          0.21837324437289218,
          0.7513464679845029,
          0.47787633946752905,
          0.5322225494471021
        ]
      },
      "Cipher": {
        "mean": 0.6635350518465777,
        "per_turn": [
          0.7751529311848661,
          0.7530642922223862,
          0.7505971590296425,
          0.4913084623264604,
          0.5312203116654365,
          0.740305859219923,
          0.7657097154762809,
          0.5252146272289859,
          0.7883827093576006,
          0.5143944507541944
        ]
      }
    },
    "discrimination": {
      "Lyra": {
        "own_mean": 0.459,
        "cross_mean": 0.541,
        "gap": -0.0821
      },
      "Cipher": {
        "own_mean": 0.6635,
        "cross_mean": 0.3365,
        "gap": 0.3271
      }
    }
  },
  "coherence": {
    "per_turn": [
      null,
      0.6223905086517334,
      0.6228384971618652,
      0.49907463788986206,
      0.5909687280654907,
      0.6477230191230774,
      0.6855988502502441,
      0.6850153207778931,
      0.7016392350196838,
      0.7975764274597168,
      0.7060904502868652,
      0.5335147976875305,
      0.5796052813529968,
      0.7721116542816162,
      0.7500402927398682,
      0.7417294979095459,
      0.7805755734443665,
      0.6470891237258911,
      0.42842352390289307,
      0.5758824944496155,
      0.3666907846927643
    ],
    "mean": 0.636728934943676,
    "min": 0.3666907846927643
  },
  "topic_drift": {
    "per_turn": [
      0.8841567039489746,
      0.6052368879318237,
      0.38522669672966003,
      0.3522931933403015,
      0.30718380212783813,
      0.4333786368370056,
      0.33890125155448914,
      0.39823782444000244,
      0.4345706105232239,
      0.3896217942237854,
      0.5986031889915466,
      0.46669089794158936,
      0.49651747941970825,
      0.5081474781036377,
      0.5879641771316528,
      0.5341528654098511,
      0.4890368580818176,
      0.5114850997924805,
      0.47692161798477173,
      0.4591463506221771,
      0.6027960181236267
    ],
    "mean": 0.48858425872666494,
    "min": 0.30718380212783813,
    "drift_slope": 0.0010927454604730906
  },
  "sentiment": {
    "per_turn": [
      0.6826,
      0.4396,
      0.8863,
      -0.631,
      0.9628,
      0.8151,
      0.961,
      0.9342,
      0.9372,
      0.9485,
      0.9315,
      0.8674,
      0.9209,
      0.7819,
      0.7383,
      0.5706,
      0.9305,
      0.0946,
      0.9795,
      0.128,
      0.967
    ],
    "by_speaker": {
      "Lyra": [
        0.6826,
        0.8863,
        0.9628,
        0.961,
        0.9372,
        0.9315,
        0.9209,
        0.7383,
        0.9305,
        0.9795,
        0.967
      ],
      "Cipher": [
        0.4396,
        -0.631,
        0.8151,
        0.9342,
        0.9485,
        0.8674,
        0.7819,
        0.5706,
        0.0946,
        0.128
      ]
    },
    "mean": 0.7069761904761905,
    "slope": 0.0038788311688311814,
    "volatility": 0.39329012180487966
  },
  "diversity": {
    "by_speaker": {
      "Lyra": {
        "semantic_diversity": 0.47366824746131897,
        "ttr": 0.44733044733044736
      },
      "Cipher": {
        "semantic_diversity": 0.5191550850868225,
        "ttr": 0.4780405405405405
      }
    },
    "global_ttr": 0.36342412451361866
  }
}