{
  "condition_id": "modiso__qwen-32b__t02__r02",
  "topic": "Universal basic income would reduce workforce participation and innovation over time",
  "turn_count": 21,
  "persona": {
    "by_speaker": {
      "Lyra": {
        "mean": 0.4993820060367984,
        "per_turn": [
          0.4755636093390599,
          0.527478723846166,
          0.5551635743291463,
          0.2710658866280289,
          0.46448196126530306,
          0.5186034347312216,
          0.522608364198422,
          0.48042436124417665,
          0.4866384795138269,
          0.5498531315148364,
          0.6413205397945947
        ]
      },
      "Cipher": {
        "mean": 0.52169842106662,
        "per_turn": [
          0.777137621892935,
          0.5417685503489498,
          0.4875326008116071,
          0.48199935917472236,
          0.5266201789065497,
          0.4866181037830546,
          0.4917543445255991,
          0.5382467741047445,
          0.44877525330478785,
          0.43653142381324983
        ]
      }
    },
    "discrimination": {
      "Lyra": {
        "own_mean": 0.4994,
        "cross_mean": 0.5006,
        "gap": -0.0012
      },
      "Cipher": {
        "own_mean": 0.5217,
        "cross_mean": 0.4783,
        "gap": 0.0434
      }
    }
  },
  "coherence": {
    "per_turn": [
      null,
      0.41631466150283813,
      0.3126205801963806,
      0.44496065378189087,
      0.23397967219352722,
      0.5276577472686768,
      0.5257709622383118,
      0.4956338703632355,
      0.289512038230896,
      0.7112445831298828,
      0.3902134597301483,
      0.47950491309165955,
      0.5915285348892212,
      0.6647281050682068,
      0.3466133773326874,
      0.4697437882423401,
      0.5918277502059937,
      0.5246729850769043,
      0.5647577047348022,
      0.4228912591934204,
      0.14273551106452942
    ],
    "mean": 0.45734560787677764,
    "min": 0.14273551106452942
  },
  "topic_drift": {
    "per_turn": [
      0.7208451628684998,
      0.4245908260345459,
      0.2586877942085266,
      0.2768957018852234,
      0.38116955757141113,
      0.40693938732147217,
      0.1975177824497223,
      0.2329535186290741,
      0.459513783454895,
      0.3746758699417114,
      0.35825204849243164,
      0.39430302381515503,
      0.4207535684108734,
      0.4229687452316284,
      0.2163032591342926,
      0.49719250202178955,
      0.4763936400413513,
      0.2949766218662262,
      0.1767890602350235,
      0.17708487808704376,
      0.09009990096092224
    ],
    "mean": 0.34566222060294377,
    "min": 0.09009990096092224,
    "drift_slope": -0.009680162602430813
  },
  "sentiment": {
    "per_turn": [
      0.8313,
      -0.872,
      -0.7717,
      0.8347,
      0.8954,
      0.9476,
      0.7808,
      -0.1406,
      0.85,
      0.34,
      0.5396,
      -0.1027,
      0.8326,
      -0.8157,
      0.8336,
      0.4939,
      0.7236,
      -0.8402,
      -0.0192,
      -0.0129,
      0.9039
    ],
    "by_speaker": {
      "Lyra": [
        0.8313,
        -0.7717,
        0.8954,
        0.7808,
        0.85,
        0.5396,
        0.8326,
        0.8336,
        0.7236,
        -0.0192,
        0.9039
      ],
      "Cipher": [
        -0.872,
        0.8347,
        0.9476,
        -0.1406,
        0.34,
        -0.1027,
        -0.8157,
        0.4939,
        -0.8402,
        -0.0129
      ]
    },
    "mean": 0.29676190476190484,
    "slope": -0.003684805194805209,
    "volatility": 0.6439353165358197
  },
  "diversity": {
    "by_speaker": {
      "Lyra": {
        "semantic_diversity": 0.6890383362770081,
        "ttr": 0.49290060851926976
      },
      "Cipher": {
        "semantic_diversity": 0.5235764980316162,
        "ttr": 0.4585152838427948
      }
    },
    "global_ttr": 0.3627760252365931
  }
}