{
  "condition_id": "modiso__qwen-32b__t04__r02",
  "topic": "Strong government regulation of AI development will cause more harm than good",
  "turn_count": 21,
  "persona": {
    "by_speaker": {
      "Lyra": {
        "mean": 0.4664607696213409,
        "per_turn": [
          0.4534885547625457,
          0.4787020813454937,
          0.46815964314630976,
          0.48502297095923974,
          0.41279619349319085,
          0.4085880226071199,
          0.47622758279310645,
          0.48045676029570894,
          0.46884700242319877,
          0.4406209354023004,
          0.5581587186065363
        ]
      },
      "Cipher": {
        "mean": 0.6138000776672391,
        "per_turn": [
          0.8097364893827093,
          0.52949459964752,
          0.5992658426327147,
          0.5644606359323703,
          0.5869642463830553,
          0.6524628574402778,
          0.7307958470532339,
          0.5571134345085609,
          0.5954177470249513,
          0.512289076666998
        ]
      }
    },
    "discrimination": {
      "Lyra": {
        "own_mean": 0.4665,
        "cross_mean": 0.5335,
        "gap": -0.0671
      },
      "Cipher": {
        "own_mean": 0.6138,
        "cross_mean": 0.3862,
        "gap": 0.2276
      }
    }
  },
  "coherence": {
    "per_turn": [
      null,
      0.5948978662490845,
      0.5564781427383423,
      0.6005321741104126,
      0.573615312576294,
      0.4402499794960022,
      0.5427448749542236,
      0.5228450298309326,
      0.47612902522087097,
      0.5796352624893188,
      0.4292023479938507,
      0.2909829318523407,
      0.16138893365859985,
      0.46494409441947937,
      0.32419443130493164,
      0.5656744837760925,
      0.5342056751251221,
      0.5016486644744873,
      0.3813995122909546,
      0.5458477735519409,
      0.33345577120780945
    ],
    "mean": 0.47100361436605453,
    "min": 0.16138893365859985
  },
  "topic_drift": {
    "per_turn": [
      0.7621609568595886,
      0.7132998108863831,
      0.43775561451911926,
      0.35990869998931885,
      0.26340389251708984,
      0.28053367137908936,
      0.30982422828674316,
      0.4439983069896698,
      0.22106125950813293,
      0.4877711236476898,
      0.39946621656417847,
      0.24017563462257385,
      0.2682033181190491,
      0.20059311389923096,
      0.29489168524742126,
      0.24288667738437653,
      0.4433562159538269,
      0.31425878405570984,
      0.37399613857269287,
      0.2878785729408264,
      0.1991104781627655
    ],
    "mean": 0.35926354286216555,
    "min": 0.1991104781627655,
    "drift_slope": -0.013429479610610317
  },
  "sentiment": {
    "per_turn": [
      0.765,
      -0.4215,
      0.6124,
      -0.7964,
      0.8299,
      0.9224,
      0.9609,
      0.872,
      0.8836,
      0.6808,
      0.6808,
      0.7184,
      -0.5143,
      0.1779,
      0.4588,
      0.2263,
      0.7351,
      -0.1779,
      0.8466,
      0.9485,
      0.9623
    ],
    "by_speaker": {
      "Lyra": [
        0.765,
        0.6124,
        0.8299,
        0.9609,
        0.8836,
        0.6808,
        -0.5143,
        0.4588,
        0.7351,
        0.8466,
        0.9623
      ],
      "Cipher": [
        -0.4215,
        -0.7964,
        0.9224,
        0.872,
        0.6808,
        0.7184,
        0.1779,
        0.2263,
        -0.1779,
        0.9485
      ]
    },
    "mean": 0.4938857142857143,
    "slope": 0.012477792207792202,
    "volatility": 0.5241396499531982
  },
  "diversity": {
    "by_speaker": {
      "Lyra": {
        "semantic_diversity": 0.6709066033363342,
        "ttr": 0.49906191369606
      },
      "Cipher": {
        "semantic_diversity": 0.6542018055915833,
        "ttr": 0.48007246376811596
      }
    },
    "global_ttr": 0.3935483870967742
  }
}