{
  "condition_id": "modiso__gpt-oss-120b__t00__r01",
  "topic": "AI will eliminate more jobs than it creates within the next decade",
  "turn_count": 21,
  "persona": {
    "by_speaker": {
      "Lyra": {
        "mean": 0.5136263116664751,
        "per_turn": [
          0.5198687326076078,
          0.5530167949217045,
          0.5039482932155694,
          0.48511403412188464,
          0.5285339606026754,
          0.49684359271070283,
          0.4620340735017408,
          0.5285477890529566,
          0.477777227733826,
          0.4464825234361372,
          0.6477224064264199
        ]
      },
      "Cipher": {
        "mean": 0.6287795925717603,
        "per_turn": [
          0.8154390931977242,
          0.49237828185079446,
          0.5414847860154578,
          0.4730427720187137,
          0.7126964567868632,
          0.5613898696642101,
          0.7165096002474697,
          0.7605853139909446,
          0.48052774193852654,
          0.7337420100068983
        ]
      }
    },
    "discrimination": {
      "Lyra": {
        "own_mean": 0.5136,
        "cross_mean": 0.4864,
        "gap": 0.0273
      },
      "Cipher": {
        "own_mean": 0.6288,
        "cross_mean": 0.3712,
        "gap": 0.2576
      }
    }
  },
  "coherence": {
    "per_turn": [
      null,
      0.6568004488945007,
      0.3850730061531067,
      0.7345636487007141,
      0.70545494556427,
      0.49039819836616516,
      0.445754736661911,
      0.5827564001083374,
      0.7429627180099487,
      0.5722329616546631,
      0.46872079372406006,
      0.34919553995132446,
      0.5512369871139526,
      0.4262387752532959,
      0.5041968822479248,
      0.5378073453903198,
      0.5041948556900024,
      0.3855826258659363,
      0.5953258872032166,
      0.3467769920825958,
      0.042878299951553345
    ],
    "mean": 0.50140760242939,
    "min": 0.042878299951553345
  },
  "topic_drift": {
    "per_turn": [
      0.7744469046592712,
      0.6482049226760864,
      0.38731271028518677,
      0.3850272297859192,
      0.3247400224208832,
      0.33986184000968933,
      0.2904048562049866,
      0.18946179747581482,
      0.2168339490890503,
      0.19954180717468262,
      0.17249323427677155,
      0.20044006407260895,
      0.13673213124275208,
      0.3424534201622009,
      0.264879435300827,
      0.3079564571380615,
      0.12458498775959015,
      0.10480456054210663,
      0.14053818583488464,
      0.17770016193389893,
      0.0893535390496254
    ],
    "mean": 0.2770367722426142,
    "min": 0.0893535390496254,
    "drift_slope": -0.02101833857112117
  },
  "sentiment": {
    "per_turn": [
      0.6597,
      -0.6124,
      0.4588,
      -0.3182,
      0.3612,
      0.6597,
      -0.3919,
      -0.5719,
      0.1027,
      0.3182,
      -0.4173,
      -0.0724,
      0.2732,
      -0.7908,
      0.5423,
      0.2144,
      0.3182,
      0.5178,
      0.4404,
      -0.8281,
      0.7783
    ],
    "by_speaker": {
      "Lyra": [
        0.6597,
        0.4588,
        0.3612,
        -0.3919,
        0.1027,
        -0.4173,
        0.2732,
        0.5423,
        0.3182,
        0.4404,
        0.7783
      ],
      "Cipher": [
        -0.6124,
        -0.3182,
        0.6597,
        -0.5719,
        0.3182,
        -0.0724,
        -0.7908,
        0.2144,
        0.5178,
        -0.8281
      ]
    },
    "mean": 0.07818571428571429,
    "slope": 0.0071370129870129825,
    "volatility": 0.4988557385569063
  },
  "diversity": {
    "by_speaker": {
      "Lyra": {
        "semantic_diversity": 0.7079759240150452,
        "ttr": 0.5608552631578947
      },
      "Cipher": {
        "semantic_diversity": 0.6960541009902954,
        "ttr": 0.47504621072088726
      }
    },
    "global_ttr": 0.4116623150565709
  }
}