{
  "condition_id": "modiso__llama4-scout__t05__r01",
  "topic": "Genetic editing to prevent hereditary diseases in human embryos should be legally permitted",
  "turn_count": 21,
  "persona": {
    "by_speaker": {
      "Lyra": {
        "mean": 0.5488345105693799,
        "per_turn": [
          0.46246321140272384,
          0.7485039466507255,
          0.46757742323204954,
          0.47120614286029894,
          0.7681487154578799,
          0.5321613021398538,
          0.5182133077668425,
          0.5188295257333216,
          0.5022459078112324,
          0.4996867458999407,
          0.5481433873083106
        ]
      },
      "Cipher": {
        "mean": 0.5957684086586441,
        "per_turn": [
          0.7598227359628907,
          0.5676605202991087,
          0.7735526919853235,
          0.46568903915400806,
          0.6670841437382152,
          0.47665190384392925,
          0.512617010667523,
          0.7420711802300208,
          0.5285176713809259,
          0.4640171893244957
        ]
      }
    },
    "discrimination": {
      "Lyra": {
        "own_mean": 0.5488,
        "cross_mean": 0.4512,
        "gap": 0.0977
      },
      "Cipher": {
        "own_mean": 0.5958,
        "cross_mean": 0.4042,
        "gap": 0.1915
      }
    }
  },
  "coherence": {
    "per_turn": [
      null,
      0.5835120677947998,
      0.5564779043197632,
      0.7083693742752075,
      0.6520659923553467,
      0.4125954210758209,
      0.5802542567253113,
      0.3832516074180603,
      0.5833222270011902,
      0.20768480002880096,
      0.7275540232658386,
      0.45103299617767334,
      0.4288947582244873,
      0.5458082556724548,
      0.6759868264198303,
      0.6731663942337036,
      0.6668072938919067,
      0.6782065629959106,
      0.5444625616073608,
      0.7021536827087402,
      0.3239801526069641
    ],
    "mean": 0.5542793579399585,
    "min": 0.20768480002880096
  },
  "topic_drift": {
    "per_turn": [
      0.867728054523468,
      0.550623893737793,
      0.7056745290756226,
      0.6204798817634583,
      0.6630500555038452,
      0.1351737082004547,
      0.2139022797346115,
      0.40278419852256775,
      0.6347981691360474,
      0.05539315938949585,
      0.21005356311798096,
      0.09797143936157227,
      0.2702949345111847,
      0.4489419460296631,
      0.6521345376968384,
      0.5006684064865112,
      0.6992707252502441,
      0.5880208611488342,
      0.294687420129776,
      0.43348801136016846,
      0.462607204914093
    ],
    "mean": 0.4527498561711538,
    "min": 0.05539315938949585,
    "drift_slope": -0.006975025790078307
  },
  "sentiment": {
    "per_turn": [
      0.836,
      0.7144,
      0.6369,
      -0.6808,
      0.9404,
      0.5267,
      0.3707,
      -0.1154,
      0.3037,
      -0.9231,
      0.7528,
      0.7369,
      0.2144,
      0.25,
      0.8641,
      0.0926,
      0.6689,
      0.9565,
      0.8552,
      -0.6486,
      0.91
    ],
    "by_speaker": {
      "Lyra": [
        0.836,
        0.6369,
        0.9404,
        0.3707,
        0.3037,
        0.7528,
        0.2144,
        0.8641,
        0.6689,
        0.8552,
        0.91
      ],
      "Cipher": [
        0.7144,
        -0.6808,
        0.5267,
        -0.1154,
        -0.9231,
        0.7369,
        0.25,
        0.0926,
        0.9565,
        -0.6486
      ]
    },
    "mean": 0.39344285714285715,
    "slope": 0.0031587012987013014,
    "volatility": 0.5520700236567896
  },
  "diversity": {
    "by_speaker": {
      "Lyra": {
        "semantic_diversity": 0.526634693145752,
        "ttr": 0.4715909090909091
      },
      "Cipher": {
        "semantic_diversity": 0.6295220255851746,
        "ttr": 0.4658273381294964
      }
    },
    "global_ttr": 0.373015873015873
  }
}