{
  "condition_id": "modiso__gpt-oss-120b__t03__r01",
  "topic": "The resources spent on space exploration would produce greater good if redirected to Earth's problems",
  "turn_count": 21,
  "persona": {
    "by_speaker": {
      "Lyra": {
        "mean": 0.5471806956021902,
        "per_turn": [
          0.5658440945401008,
          0.5487991646106407,
          0.46185674667877297,
          0.5635712105505104,
          0.5407366650580042,
          0.5034667511629987,
          0.5212793822678637,
          0.5353099011868817,
          0.5956711267531967,
          0.5388617938241491,
          0.6435908149909738
        ]
      },
      "Cipher": {
        "mean": 0.6672067526396986,
        "per_turn": [
          0.7241499215826142,
          0.7540130866238781,
          0.7719026248573856,
          0.7169597328062345,
          0.7174482383547969,
          0.6620840506024335,
          0.4361321867687721,
          0.6985447890212246,
          0.4445101291578751,
          0.7463227666217722
        ]
      }
    },
    "discrimination": {
      "Lyra": {
        "own_mean": 0.5472,
        "cross_mean": 0.4528,
        "gap": 0.0944
      },
      "Cipher": {
        "own_mean": 0.6672,
        "cross_mean": 0.3328,
        "gap": 0.3344
      }
    }
  },
  "coherence": {
    "per_turn": [
      null,
      0.5199396014213562,
      0.4827122092247009,
      0.3446160554885864,
      0.49788573384284973,
      0.37929868698120117,
      0.6431207656860352,
      0.4741896688938141,
      0.49651429057121277,
      0.42404037714004517,
      0.6636600494384766,
      0.5124474167823792,
      0.35230791568756104,
      0.5162359476089478,
      0.8209247589111328,
      0.5812961459159851,
      0.6045209169387817,
      0.685577929019928,
      0.6088401079177856,
      0.434457004070282,
      -0.028875481337308884
    ],
    "mean": 0.5006855050101876,
    "min": -0.028875481337308884
  },
  "topic_drift": {
    "per_turn": [
      0.5632021427154541,
      0.629777193069458,
      0.3749910295009613,
      0.39031070470809937,
      0.43215012550354004,
      0.527206301689148,
      0.5213985443115234,
      0.40876683592796326,
      0.2700842320919037,
      0.3965275287628174,
      0.40363478660583496,
      0.4699053168296814,
      0.3563239276409149,
      0.5059126615524292,
      0.46428072452545166,
      0.5437722206115723,
      0.5387241244316101,
      0.5423554182052612,
      0.47921431064605713,
      0.38574808835983276,
      0.05235149338841438
    ],
    "mean": 0.44079227195609183,
    "min": 0.05235149338841438,
    "drift_slope": -0.00568256133369037
  },
  "sentiment": {
    "per_turn": [
      0.7764,
      0.3602,
      -0.7425,
      0.7255,
      -0.4767,
      0.25,
      0.9183,
      0.4386,
      0.9128,
      0.1027,
      0.5719,
      0.9331,
      0.7717,
      0.4479,
      0.5106,
      0.5927,
      0.6369,
      0.9423,
      0.8402,
      0.8573,
      0.886
    ],
    "by_speaker": {
      "Lyra": [
        0.7764,
        -0.7425,
        -0.4767,
        0.9183,
        0.9128,
        0.5719,
        0.7717,
        0.5106,
        0.6369,
        0.8402,
        0.886
      ],
      "Cipher": [
        0.3602,
        0.7255,
        0.25,
        0.4386,
        0.1027,
        0.9331,
        0.4479,
        0.5927,
        0.9423,
        0.8573
      ]
    },
    "mean": 0.5359952380952381,
    "slope": 0.035181168831168834,
    "volatility": 0.4403234725216392
  },
  "diversity": {
    "by_speaker": {
      "Lyra": {
        "semantic_diversity": 0.6432579755783081,
        "ttr": 0.5804878048780487
      },
      "Cipher": {
        "semantic_diversity": 0.5326231718063354,
        "ttr": 0.4859154929577465
      }
    },
    "global_ttr": 0.4344885883347422
  }
}