{
  "condition_id": "modiso__qwen-235b__t00__r02",
  "topic": "AI will eliminate more jobs than it creates within the next decade",
  "turn_count": 21,
  "persona": {
    "by_speaker": {
      "Lyra": {
        "mean": 0.5036949768601784,
        "per_turn": [
          0.49699662352936314,
          0.5246917257958168,
          0.5036102307854986,
          0.5111005387588772,
          0.49927386238535276,
          0.49944706697870944,
          0.5413908064423254,
          0.5267262416030463,
          0.2754594146325015,
          0.5486589122073968,
          0.6132893223430752
        ]
      },
      "Cipher": {
        "mean": 0.5208109224755619,
        "per_turn": [
          0.7288797082537624,
          0.5242167100904974,
          0.5410917745894206,
          0.4917115683163924,
          0.4246586599443334,
          0.4975763147083417,
          0.5148077556351773,
          0.47422130348616043,
          0.5038620723455766,
          0.5070833573859577
        ]
      }
    },
    "discrimination": {
      "Lyra": {
        "own_mean": 0.5037,
        "cross_mean": 0.4963,
        "gap": 0.0074
      },
      "Cipher": {
        "own_mean": 0.5208,
        "cross_mean": 0.4792,
        "gap": 0.0416
      }
    }
  },
  "coherence": {
    "per_turn": [
      null,
      0.4797171950340271,
      0.5194066762924194,
      0.5300121903419495,
      0.5069781541824341,
      0.32646644115448,
      0.42357420921325684,
      0.4833168387413025,
      0.6006463170051575,
      0.37958911061286926,
      0.36668699979782104,
      0.7124215364456177,
      0.5413305759429932,
      0.5464041233062744,
      0.6192187666893005,
      0.49519431591033936,
      0.549242377281189,
      0.5267975330352783,
      0.5696531534194946,
      0.2691357135772705,
      0.22360529005527496
    ],
    "mean": 0.48346987590193746,
    "min": 0.22360529005527496
  },
  "topic_drift": {
    "per_turn": [
      0.7340741753578186,
      0.5221797823905945,
      0.4675992727279663,
      0.6096177697181702,
      0.36590635776519775,
      0.4919378161430359,
      0.3102574348449707,
      0.4890545606613159,
      0.4924529194831848,
      0.194939523935318,
      0.5728138089179993,
      0.6526158452033997,
      0.3849546015262604,
      0.38047879934310913,
      0.3610955476760864,
      0.29865553975105286,
      0.46264755725860596,
      0.26981043815612793,
      0.13011091947555542,
      0.588499903678894,
      0.20423132181167603
    ],
    "mean": 0.42780637599173044,
    "min": 0.13011091947555542,
    "drift_slope": -0.013046447952072344
  },
  "sentiment": {
    "per_turn": [
      0.802,
      -0.0772,
      0.1027,
      0.25,
      0.34,
      0.0,
      -0.5927,
      0.705,
      0.0,
      -0.3313,
      -0.4215,
      -0.8625,
      -0.5535,
      -0.6597,
      -0.8757,
      0.6604,
      0.5859,
      0.6316,
      -0.5106,
      0.0,
      0.1901
    ],
    "by_speaker": {
      "Lyra": [
        0.802,
        0.1027,
        0.34,
        -0.5927,
        0.0,
        -0.4215,
        -0.5535,
        -0.8757,
        0.5859,
        -0.5106,
        0.1901
      ],
      "Cipher": [
        -0.0772,
        0.25,
        0.0,
        0.705,
        -0.3313,
        -0.8625,
        -0.6597,
        0.6604,
        0.6316,
        0.0
      ]
    },
    "mean": -0.02938095238095237,
    "slope": -0.012657532467532479,
    "volatility": 0.5202070234591569
  },
  "diversity": {
    "by_speaker": {
      "Lyra": {
        "semantic_diversity": 0.6348223090171814,
        "ttr": 0.48255813953488375
      },
      "Cipher": {
        "semantic_diversity": 0.601380467414856,
        "ttr": 0.4352720450281426
      }
    },
    "global_ttr": 0.38001638001638
  }
}