{
  "condition_id": "modiso__qwen-235b__t02__r03",
  "topic": "Universal basic income would reduce workforce participation and innovation over time",
  "turn_count": 21,
  "persona": {
    "by_speaker": {
      "Lyra": {
        "mean": 0.5276131991646451,
        "per_turn": [
          0.47694256570862215,
          0.5350436432905523,
          0.4920172045247753,
          0.46425508015550465,
          0.4871467592301951,
          0.5430052986502061,
          0.5082029789311151,
          0.5216701798857737,
          0.49192453271611347,
          0.7411817767412747,
          0.5423551709769634
        ]
      },
      "Cipher": {
        "mean": 0.6567533592346436,
        "per_turn": [
          0.8061241812697022,
          0.7452389044269283,
          0.5612252325919512,
          0.7397068738620898,
          0.48796542491359335,
          0.756069435052827,
          0.7343562555813714,
          0.5059596509169748,
          0.7544962176184011,
          0.4763914161125966
        ]
      }
    },
    "discrimination": {
      "Lyra": {
        "own_mean": 0.5276,
        "cross_mean": 0.4724,
        "gap": 0.0552
      },
      "Cipher": {
        "own_mean": 0.6568,
        "cross_mean": 0.3432,
        "gap": 0.3135
      }
    }
  },
  "coherence": {
    "per_turn": [
      null,
      0.5735944509506226,
      0.3795984387397766,
      0.5280957221984863,
      0.44502952694892883,
      0.7760372161865234,
      0.8024478554725647,
      0.5667476654052734,
      0.5088481903076172,
      0.6077358722686768,
      0.35682541131973267,
      0.5505815744400024,
      0.6919283866882324,
      0.5267624855041504,
      0.5747089385986328,
      0.576665461063385,
      0.5974944829940796,
      0.7784677743911743,
      0.46299195289611816,
      0.38538485765457153,
      0.2868736982345581
    ],
    "mean": 0.5488409981131553,
    "min": 0.2868736982345581
  },
  "topic_drift": {
    "per_turn": [
      0.6827689409255981,
      0.6217982769012451,
      0.2849796712398529,
      0.41569340229034424,
      0.6127102971076965,
      0.5127774477005005,
      0.541978120803833,
      0.2687317728996277,
      0.34952110052108765,
      0.28411757946014404,
      0.2833757996559143,
      0.1416780650615692,
      0.2421066164970398,
      0.35852259397506714,
      0.2935776710510254,
      0.31655368208885193,
      0.38004070520401,
      0.2026536464691162,
      0.436249315738678,
      0.18538817763328552,
      0.008716952055692673
    ],
    "mean": 0.35352094453715144,
    "min": 0.008716952055692673,
    "drift_slope": -0.018711644304650183
  },
  "sentiment": {
    "per_turn": [
      0.6808,
      0.8091,
      -0.7964,
      0.8735,
      0.8885,
      0.8863,
      0.9109,
      0.9645,
      0.0644,
      -0.6656,
      -0.7845,
      -0.1154,
      0.8382,
      -0.5106,
      -0.128,
      -0.695,
      -0.6386,
      0.6956,
      -0.5719,
      -0.6369,
      0.8505
    ],
    "by_speaker": {
      "Lyra": [
        0.6808,
        -0.7964,
        0.8885,
        0.9109,
        0.0644,
        -0.7845,
        0.8382,
        -0.128,
        -0.6386,
        -0.5719,
        0.8505
      ],
      "Cipher": [
        0.8091,
        0.8735,
        0.8863,
        0.9645,
        -0.6656,
        -0.1154,
        -0.5106,
        -0.695,
        0.6956,
        -0.6369
      ]
    },
    "mean": 0.13901904761904765,
    "slope": -0.04456948051948053,
    "volatility": 0.7013881804230723
  },
  "diversity": {
    "by_speaker": {
      "Lyra": {
        "semantic_diversity": 0.6120460033416748,
        "ttr": 0.504302925989673
      },
      "Cipher": {
        "semantic_diversity": 0.5826482772827148,
        "ttr": 0.45898778359511344
      }
    },
    "global_ttr": 0.39428076256499134
  }
}