{
  "condition_id": "modiso__qwen-32b__t05__r01",
  "topic": "Genetic editing to prevent hereditary diseases in human embryos should be legally permitted",
  "turn_count": 21,
  "persona": {
    "by_speaker": {
      "Lyra": {
        "mean": 0.5197521238106139,
        "per_turn": [
          0.46539221641673534,
          0.7797314026380888,
          0.533773940991208,
          0.5463562741765544,
          0.2510089808024475,
          0.4831678119609324,
          0.5063710017858216,
          0.477764648395013,
          0.47112588902263863,
          0.5136206458430115,
          0.6889605498843009
        ]
      },
      "Cipher": {
        "mean": 0.5501929450092742,
        "per_turn": [
          0.7371492391268417,
          0.7407862932675984,
          0.5555287227590098,
          0.477486155339873,
          0.514655693972619,
          0.5249603594011555,
          0.49799305641311586,
          0.4392912352017764,
          0.485140045612649,
          0.528938648998103
        ]
      }
    },
    "discrimination": {
      "Lyra": {
        "own_mean": 0.5198,
        "cross_mean": 0.4802,
        "gap": 0.0395
      },
      "Cipher": {
        "own_mean": 0.5502,
        "cross_mean": 0.4498,
        "gap": 0.1004
      }
    }
  },
  "coherence": {
    "per_turn": [
      null,
      0.43150076270103455,
      0.5568814873695374,
      0.4964757263660431,
      0.49197331070899963,
      0.536826491355896,
      0.22314049303531647,
      0.542367696762085,
      0.35668131709098816,
      0.6200821995735168,
      0.4767579138278961,
      0.4978969991207123,
      0.4553545117378235,
      0.44265735149383545,
      0.279986709356308,
      0.39780572056770325,
      0.17054657638072968,
      0.7016429901123047,
      0.47323811054229736,
      0.562557578086853,
      0.06323658674955368
    ],
    "mean": 0.4388805266469717,
    "min": 0.06323658674955368
  },
  "topic_drift": {
    "per_turn": [
      0.8205139636993408,
      0.3197442889213562,
      0.3560212254524231,
      0.3862576186656952,
      0.33252787590026855,
      0.35571837425231934,
      0.16923190653324127,
      0.3911747336387634,
      0.41675275564193726,
      0.5235933065414429,
      0.2348724603652954,
      0.6707032918930054,
      0.40474933385849,
      0.5108562707901001,
      0.16702605783939362,
      0.12716397643089294,
      0.27767714858055115,
      0.3664577007293701,
      0.6183099150657654,
      0.36424338817596436,
      -0.059220992028713226
    ],
    "mean": 0.36925593337842394,
    "min": -0.059220992028713226,
    "drift_slope": -0.0096567526846737
  },
  "sentiment": {
    "per_turn": [
      0.2732,
      0.3182,
      -0.9235,
      0.5999,
      -0.8999,
      0.5994,
      -0.7059,
      0.4939,
      -0.3319,
      0.4678,
      -0.3346,
      0.3716,
      -0.2406,
      -0.0823,
      0.0772,
      -0.1779,
      -0.0772,
      0.0,
      0.7391,
      0.4215,
      0.4939
    ],
    "by_speaker": {
      "Lyra": [
        0.2732,
        -0.9235,
        -0.8999,
        -0.7059,
        -0.3319,
        -0.3346,
        -0.2406,
        0.0772,
        -0.0772,
        0.7391,
        0.4939
      ],
      "Cipher": [
        0.3182,
        0.5999,
        0.5994,
        0.4939,
        0.4678,
        0.3716,
        -0.0823,
        -0.1779,
        0.0,
        0.4215
      ]
    },
    "mean": 0.051519047619047624,
    "slope": 0.019192337662337664,
    "volatility": 0.48301394302959594
  },
  "diversity": {
    "by_speaker": {
      "Lyra": {
        "semantic_diversity": 0.6885133981704712,
        "ttr": 0.4606741573033708
      },
      "Cipher": {
        "semantic_diversity": 0.6470987200737,
        "ttr": 0.5286624203821656
      }
    },
    "global_ttr": 0.3870646766169154
  }
}