{
  "condition_id": "modiso__gpt-oss-20b__t07__r02",
  "topic": "Meaningful climate action and sustained economic growth are fundamentally incompatible",
  "turn_count": 21,
  "persona": {
    "by_speaker": {
      "Lyra": {
        "mean": 0.4939574048713014,
        "per_turn": [
          0.5106345380112076,
          0.47329647801997665,
          0.45605901438283536,
          0.761497850836317,
          0.4571954028483963,
          0.48908990110789397,
          0.4336003261532392,
          0.4478214963640677,
          0.4267165939399103,
          0.44799675594645516,
          0.5296230959740165
        ]
      },
      "Cipher": {
        "mean": 0.7556069191743017,
        "per_turn": [
          0.7715888359717259,
          0.7696255816813813,
          0.7984741663839308,
          0.7525640234042663,
          0.790391000787883,
          0.49313654711566657,
          0.7906599469350024,
          0.7969257241989575,
          0.7980887351159757,
          0.7946146301482271
        ]
      }
    },
    "discrimination": {
      "Lyra": {
        "own_mean": 0.494,
        "cross_mean": 0.506,
        "gap": -0.0121
      },
      "Cipher": {
        "own_mean": 0.7556,
        "cross_mean": 0.2444,
        "gap": 0.5112
      }
    }
  },
  "coherence": {
    "per_turn": [
      null,
      0.6455045938491821,
      0.6066616773605347,
      0.647673487663269,
      0.6234750747680664,
      0.55448979139328,
      0.49784380197525024,
      0.40953266620635986,
      0.5096966028213501,
      0.47399961948394775,
      0.7012035846710205,
      0.5021841526031494,
      0.4768940210342407,
      0.8091624975204468,
      0.511420726776123,
      0.3371611535549164,
      0.4170204699039459,
      0.48765790462493896,
      0.5643932819366455,
      0.3109630346298218,
      0.1618901491165161
    ],
    "mean": 0.5124414145946503,
    "min": 0.1618901491165161
  },
  "topic_drift": {
    "per_turn": [
      0.7156002521514893,
      0.8058159351348877,
      0.5775185823440552,
      0.42687493562698364,
      0.5273300409317017,
      0.2652897536754608,
      0.41590964794158936,
      0.23926565051078796,
      0.477159708738327,
      0.5761609673500061,
      0.376798152923584,
      0.3244132101535797,
      0.4328855574131012,
      0.472974956035614,
      0.30794379115104675,
      0.08145657181739807,
      0.32584333419799805,
      0.4691239595413208,
      0.18995115160942078,
      0.2557048797607422,
      0.5698770880699158
    ],
    "mean": 0.42066181557519094,
    "min": 0.08145657181739807,
    "drift_slope": -0.01482096771141151
  },
  "sentiment": {
    "per_turn": [
      0.8074,
      0.5346,
      0.8555,
      0.5645,
      0.6808,
      0.0772,
      0.7335,
      0.9387,
      0.8271,
      0.5267,
      0.3182,
      0.9169,
      0.6133,
      0.6808,
      0.3612,
      0.5927,
      0.7845,
      0.107,
      -0.3182,
      0.2846,
      0.9325
    ],
    "by_speaker": {
      "Lyra": [
        0.8074,
        0.8555,
        0.6808,
        0.7335,
        0.8271,
        0.3182,
        0.6133,
        0.3612,
        0.7845,
        -0.3182,
        0.9325
      ],
      "Cipher": [
        0.5346,
        0.5645,
        0.0772,
        0.9387,
        0.5267,
        0.9169,
        0.6808,
        0.5927,
        0.107,
        0.2846
      ]
    },
    "mean": 0.5628333333333332,
    "slope": -0.016482727272727263,
    "volatility": 0.318328563913411
  },
  "diversity": {
    "by_speaker": {
      "Lyra": {
        "semantic_diversity": 0.5784615874290466,
        "ttr": 0.5592334494773519
      },
      "Cipher": {
        "semantic_diversity": 0.6405700445175171,
        "ttr": 0.5159474671669794
      }
    },
    "global_ttr": 0.4146341463414634
  }
}