{
  "condition_id": "modiso__llama-8b__t02__r03",
  "topic": "Universal basic income would reduce workforce participation and innovation over time",
  "turn_count": 21,
  "persona": {
    "by_speaker": {
      "Lyra": {
        "mean": 0.42319375241392926,
        "per_turn": [
          0.48639320710207723,
          0.45651945037585995,
          0.2521083628889178,
          0.47901980341337524,
          0.5186223071276395,
          0.18284695189816766,
          0.4895538102687784,
          0.4568012202675591,
          0.45913785033741966,
          0.5291398767717448,
          0.3449884361016826
        ]
      },
      "Cipher": {
        "mean": 0.704273476119456,
        "per_turn": [
          0.8074995859873425,
          0.7812473127271267,
          0.5261639217576781,
          0.4751616442792055,
          0.7832580393705064,
          0.7997572714803196,
          0.7979580800271269,
          0.6200476679481031,
          0.7843982892528558,
          0.6672429483642958
        ]
      }
    },
    "discrimination": {
      "Lyra": {
        "own_mean": 0.4232,
        "cross_mean": 0.5768,
        "gap": -0.1536
      },
      "Cipher": {
        "own_mean": 0.7043,
        "cross_mean": 0.2957,
        "gap": 0.4085
      }
    }
  },
  "coherence": {
    "per_turn": [
      null,
      0.39934003353118896,
      0.689705491065979,
      0.7042869329452515,
      0.5207932591438293,
      0.4304870367050171,
      0.5306171774864197,
      0.3502196669578552,
      0.6667302250862122,
      0.7870675325393677,
      0.6551786661148071,
      0.6331052780151367,
      0.7530224323272705,
      0.5584872961044312,
      0.654583215713501,
      0.6286462545394897,
      0.4681536555290222,
      0.7844760417938232,
      0.5785335898399353,
      0.3236153721809387,
      0.09553411602973938
    ],
    "mean": 0.5606291636824607,
    "min": 0.09553411602973938
  },
  "topic_drift": {
    "per_turn": [
      0.6595525741577148,
      0.4451907277107239,
      0.5267393589019775,
      0.4784577190876007,
      0.6651923060417175,
      0.343558669090271,
      0.3476138114929199,
      0.2727033793926239,
      0.4197612404823303,
      0.3799210786819458,
      0.2464485466480255,
      0.26992958784103394,
      0.33294421434402466,
      0.31701600551605225,
      0.384762704372406,
      0.29427409172058105,
      0.2336069941520691,
      0.2643517851829529,
      0.32555389404296875,
      0.131906658411026,
      0.04124201834201813
    ],
    "mean": 0.35146320788633256,
    "min": 0.04124201834201813,
    "drift_slope": -0.01941417440191493
  },
  "sentiment": {
    "per_turn": [
      0.886,
      0.3239,
      0.4497,
      0.296,
      0.431,
      0.8023,
      0.801,
      0.9353,
      0.5719,
      0.3786,
      0.1406,
      -0.5551,
      0.9459,
      0.7269,
      0.836,
      0.6652,
      0.701,
      -0.0885,
      0.0121,
      -0.7302,
      0.765
    ],
    "by_speaker": {
      "Lyra": [
        0.886,
        0.4497,
        0.431,
        0.801,
        0.5719,
        0.1406,
        0.9459,
        0.836,
        0.701,
        0.0121,
        0.765
      ],
      "Cipher": [
        0.3239,
        0.296,
        0.8023,
        0.9353,
        0.3786,
        -0.5551,
        0.7269,
        0.6652,
        -0.0885,
        -0.7302
      ]
    },
    "mean": 0.44260000000000005,
    "slope": -0.02159168831168832,
    "volatility": 0.4573423652447027
  },
  "diversity": {
    "by_speaker": {
      "Lyra": {
        "semantic_diversity": 0.5861338973045349,
        "ttr": 0.42118537200504413
      },
      "Cipher": {
        "semantic_diversity": 0.5011091232299805,
        "ttr": 0.4709090909090909
      }
    },
    "global_ttr": 0.351451973194341
  }
}