{
  "condition_id": "modiso__llama-8b__t05__r03",
  "topic": "Genetic editing to prevent hereditary diseases in human embryos should be legally permitted",
  "turn_count": 21,
  "persona": {
    "by_speaker": {
      "Lyra": {
        "mean": 0.5214310746269329,
        "per_turn": [
          0.4325318424572744,
          0.7522700678575005,
          0.4438118964742771,
          0.4456596950580186,
          0.4262218213270974,
          0.2612201119117741,
          0.5190853497399565,
          0.8223477628933107,
          0.5235110562859948,
          0.5275060945837562,
          0.5815761223073028
        ]
      },
      "Cipher": {
        "mean": 0.5290579038696727,
        "per_turn": [
          0.4942304041656691,
          0.5068343283017898,
          0.5142465202617517,
          0.6271171385249885,
          0.4676450456423118,
          0.5027956811018446,
          0.5068021923586477,
          0.6890149360407359,
          0.4680751893178731,
          0.5138176029811151
        ]
      }
    },
    "discrimination": {
      "Lyra": {
        "own_mean": 0.5214,
        "cross_mean": 0.4786,
        "gap": 0.0429
      },
      "Cipher": {
        "own_mean": 0.5291,
        "cross_mean": 0.4709,
        "gap": 0.0581
      }
    }
  },
  "coherence": {
    "per_turn": [
      null,
      0.3764241337776184,
      0.5592989921569824,
      0.3851465582847595,
      0.6022992134094238,
      0.5960463285446167,
      0.6245304346084595,
      0.5479888916015625,
      0.5651942491531372,
      0.43735143542289734,
      0.768797755241394,
      0.4367557764053345,
      0.8114855289459229,
      0.3464258909225464,
      0.34577280282974243,
      0.4672314524650574,
      0.5893076062202454,
      0.5227853655815125,
      0.6572099328041077,
      0.1587713360786438,
      0.0204642191529274
    ],
    "mean": 0.49096439518034457,
    "min": 0.0204642191529274
  },
  "topic_drift": {
    "per_turn": [
      0.9125144481658936,
      0.36048173904418945,
      0.2369607388973236,
      0.38759076595306396,
      0.42837390303611755,
      0.34571152925491333,
      0.7353590726852417,
      0.3609434962272644,
      0.22493383288383484,
      0.15402594208717346,
      0.17920812964439392,
      0.06249076873064041,
      0.039398789405822754,
      0.37831780314445496,
      0.07326652109622955,
      0.08587158471345901,
      0.07225283980369568,
      0.05593501776456833,
      0.05509459599852562,
      0.6731542944908142,
      0.024059046059846878
    ],
    "mean": 0.2783783266232127,
    "min": 0.024059046059846878,
    "drift_slope": -0.021223115650090323
  },
  "sentiment": {
    "per_turn": [
      0.743,
      0.0,
      0.9019,
      -0.1179,
      0.8899,
      0.7579,
      0.8462,
      0.5948,
      0.6562,
      -0.4767,
      0.8645,
      0.3716,
      0.6757,
      -0.5286,
      -0.8883,
      -0.6597,
      0.5165,
      0.6077,
      0.3818,
      -0.2212,
      0.9072
    ],
    "by_speaker": {
      "Lyra": [
        0.743,
        0.9019,
        0.8899,
        0.8462,
        0.6562,
        0.8645,
        0.6757,
        -0.8883,
        0.5165,
        0.3818,
        0.9072
      ],
      "Cipher": [
        0.0,
        -0.1179,
        0.7579,
        0.5948,
        -0.4767,
        0.3716,
        -0.5286,
        -0.6597,
        0.6077,
        -0.2212
      ]
    },
    "mean": 0.3248809523809524,
    "slope": -0.023610000000000003,
    "volatility": 0.5672150114030814
  },
  "diversity": {
    "by_speaker": {
      "Lyra": {
        "semantic_diversity": 0.7247622609138489,
        "ttr": 0.42010309278350516
      },
      "Cipher": {
        "semantic_diversity": 0.7315714359283447,
        "ttr": 0.48565573770491804
      }
    },
    "global_ttr": 0.3623417721518987
  }
}