{
  "condition_id": "modiso__gpt-oss-20b__t03__r02",
  "topic": "The resources spent on space exploration would produce greater good if redirected to Earth's problems",
  "turn_count": 21,
  "persona": {
    "by_speaker": {
      "Lyra": {
        "mean": 0.5057901792713088,
        "per_turn": [
          0.5306398032967616,
          0.5538590266690258,
          0.533897397851669,
          0.5202002576306934,
          0.2713233351005127,
          0.5148333152693625,
          0.4657582872779248,
          0.5041153532289085,
          0.4741803593338159,
          0.5543336623966425,
          0.6405511739290795
        ]
      },
      "Cipher": {
        "mean": 0.6733439428035597,
        "per_turn": [
          0.6983519914472871,
          0.7319735285213049,
          0.751527937374096,
          0.688451572826097,
          0.7741594058064667,
          0.5356698828135769,
          0.7550568150430099,
          0.7868640405931581,
          0.5160083091322509,
          0.49537594447834954
        ]
      }
    },
    "discrimination": {
      "Lyra": {
        "own_mean": 0.5058,
        "cross_mean": 0.4942,
        "gap": 0.0116
      },
      "Cipher": {
        "own_mean": 0.6733,
        "cross_mean": 0.3267,
        "gap": 0.3467
      }
    }
  },
  "coherence": {
    "per_turn": [
      null,
      0.45340222120285034,
      0.7129873633384705,
      0.4428263306617737,
      0.7332180142402649,
      0.6700348258018494,
      0.7549561262130737,
      0.3683440685272217,
      0.5593056082725525,
      0.541695237159729,
      0.40919867157936096,
      0.5970425605773926,
      0.6499984264373779,
      0.43025079369544983,
      0.45442309975624084,
      0.5116108655929565,
      0.6074893474578857,
      0.3882623612880707,
      0.4077304005622864,
      0.4847951829433441,
      0.16459357738494873
    ],
    "mean": 0.517108254134655,
    "min": 0.16459357738494873
  },
  "topic_drift": {
    "per_turn": [
      0.6385886669158936,
      0.6542421579360962,
      0.5125044584274292,
      0.5594919919967651,
      0.514807939529419,
      0.48247939348220825,
      0.5129121541976929,
      0.18985997140407562,
      0.24318157136440277,
      0.17127616703510284,
      0.4452933073043823,
      0.28483694791793823,
      0.24464218318462372,
      0.19028916954994202,
      0.4058963656425476,
      0.20949411392211914,
      0.1974838525056839,
      0.23576167225837708,
      0.23628036677837372,
      0.4172218441963196,
      0.06387466192245483
    ],
    "mean": 0.35287709321294514,
    "min": 0.06387466192245483,
    "drift_slope": -0.02069531470150143
  },
  "sentiment": {
    "per_turn": [
      0.7346,
      0.7008,
      -0.4215,
      0.0516,
      0.5789,
      0.6531,
      0.9528,
      -0.3182,
      -0.3036,
      0.6486,
      0.8225,
      0.7351,
      0.8402,
      0.609,
      0.5106,
      -0.7615,
      0.7918,
      0.7774,
      0.5209,
      0.0387,
      0.959
    ],
    "by_speaker": {
      "Lyra": [
        0.7346,
        -0.4215,
        0.5789,
        0.9528,
        -0.3036,
        0.8225,
        0.8402,
        0.5106,
        0.7918,
        0.5209,
        0.959
      ],
      "Cipher": [
        0.7008,
        0.0516,
        0.6531,
        -0.3182,
        0.6486,
        0.7351,
        0.609,
        -0.7615,
        0.7774,
        0.0387
      ]
    },
    "mean": 0.4343238095238095,
    "slope": 0.008436623376623372,
    "volatility": 0.4923899073515601
  },
  "diversity": {
    "by_speaker": {
      "Lyra": {
        "semantic_diversity": 0.6234195232391357,
        "ttr": 0.49441340782122906
      },
      "Cipher": {
        "semantic_diversity": 0.6705348491668701,
        "ttr": 0.5031982942430704
      }
    },
    "global_ttr": 0.40337552742616034
  }
}