{
  "condition_id": "modiso__qwen-235b__t00__r03",
  "topic": "AI will eliminate more jobs than it creates within the next decade",
  "turn_count": 21,
  "persona": {
    "by_speaker": {
      "Lyra": {
        "mean": 0.523832313811991,
        "per_turn": [
          0.5035812233485648,
          0.5122457996128852,
          0.4396742243062241,
          0.4424358328985555,
          0.4788454865107792,
          0.7880882846948654,
          0.48420757325501584,
          0.4996589367935673,
          0.5055058524498245,
          0.5277504810933936,
          0.5801617569682265
        ]
      },
      "Cipher": {
        "mean": 0.6990980514767976,
        "per_turn": [
          0.7057143292265615,
          0.7900765102178003,
          0.7755039280969451,
          0.8527120944086096,
          0.777722222685149,
          0.519817768687915,
          0.797657397054136,
          0.5217861029565962,
          0.742202683254472,
          0.5077874781797918
        ]
      }
    },
    "discrimination": {
      "Lyra": {
        "own_mean": 0.5238,
        "cross_mean": 0.4762,
        "gap": 0.0477
      },
      "Cipher": {
        "own_mean": 0.6991,
        "cross_mean": 0.3009,
        "gap": 0.3982
      }
    }
  },
  "coherence": {
    "per_turn": [
      null,
      0.3936575949192047,
      0.5533207654953003,
      0.6302520632743835,
      0.510552167892456,
      0.6975446343421936,
      0.7334113121032715,
      0.5139247179031372,
      0.606160044670105,
      0.5086981058120728,
      0.5478630065917969,
      0.5094866752624512,
      0.4382513463497162,
      0.5239214897155762,
      0.542701244354248,
      0.48572978377342224,
      0.5785248279571533,
      0.639482855796814,
      0.5628698468208313,
      0.47324037551879883,
      0.25044721364974976
    ],
    "mean": 0.5350020036101342,
    "min": 0.25044721364974976
  },
  "topic_drift": {
    "per_turn": [
      0.7041596174240112,
      0.5590438842773438,
      0.6727133393287659,
      0.49479252099990845,
      0.4156486690044403,
      0.4553665220737457,
      0.539725124835968,
      0.32231542468070984,
      0.3666262626647949,
      0.4875689446926117,
      0.3412889540195465,
      0.30827099084854126,
      0.49151337146759033,
      0.1760013848543167,
      0.4050543010234833,
      0.5583292245864868,
      0.6776760220527649,
      0.519454836845398,
      0.47423359751701355,
      0.584295392036438,
      0.21616709232330322
    ],
    "mean": 0.4652497846455801,
    "min": 0.1760013848543167,
    "drift_slope": -0.0063480973050191744
  },
  "sentiment": {
    "per_turn": [
      0.7269,
      -0.6652,
      0.802,
      0.8074,
      -0.1655,
      -0.34,
      0.7235,
      0.5719,
      -0.4497,
      -0.8885,
      -0.2752,
      0.0,
      0.1779,
      0.2732,
      0.5499,
      -0.3919,
      -0.3818,
      -0.3818,
      -0.2516,
      -0.34,
      0.9169
    ],
    "by_speaker": {
      "Lyra": [
        0.7269,
        0.802,
        -0.1655,
        0.7235,
        -0.4497,
        -0.2752,
        0.1779,
        0.5499,
        -0.3818,
        -0.2516,
        0.9169
      ],
      "Cipher": [
        -0.6652,
        0.8074,
        -0.34,
        0.5719,
        -0.8885,
        0.0,
        0.2732,
        -0.3919,
        -0.3818,
        -0.34
      ]
    },
    "mean": 0.048495238095238105,
    "slope": -0.016792857142857144,
    "volatility": 0.5412027289166677
  },
  "diversity": {
    "by_speaker": {
      "Lyra": {
        "semantic_diversity": 0.584478497505188,
        "ttr": 0.45304777594728174
      },
      "Cipher": {
        "semantic_diversity": 0.6006160974502563,
        "ttr": 0.45083487940630795
      }
    },
    "global_ttr": 0.36038394415357766
  }
}