{
  "condition_id": "modiso__llama-70b__t07__r03",
  "topic": "Meaningful climate action and sustained economic growth are fundamentally incompatible",
  "turn_count": 21,
  "persona": {
    "by_speaker": {
      "Lyra": {
        "mean": 0.5263331454142832,
        "per_turn": [
          0.7461635171754946,
          0.5286221964859608,
          0.5001991370040575,
          0.44104937064026817,
          0.5370896269853411,
          0.5117394726086493,
          0.500012829079797,
          0.5064748443393419,
          0.47008757368470255,
          0.5434563772902846,
          0.5047696542632181
        ]
      },
      "Cipher": {
        "mean": 0.6481636626971544,
        "per_turn": [
          0.7564041258668285,
          0.4830416806318013,
          0.7834554327560028,
          0.5724007447345723,
          0.7240319061909469,
          0.5221451793525873,
          0.5507393760644792,
          0.7824597985031431,
          0.5243801227821474,
          0.7825782600890352
        ]
      }
    },
    "discrimination": {
      "Lyra": {
        "own_mean": 0.5263,
        "cross_mean": 0.4737,
        "gap": 0.0527
      },
      "Cipher": {
        "own_mean": 0.6482,
        "cross_mean": 0.3518,
        "gap": 0.2963
      }
    }
  },
  "coherence": {
    "per_turn": [
      null,
      0.7797980904579163,
      0.5016475915908813,
      0.5079440474510193,
      0.6519430875778198,
      0.6378148198127747,
      0.7466341853141785,
      0.5743106007575989,
      0.4859701097011566,
      0.6755694150924683,
      0.706261157989502,
      0.5452051162719727,
      0.686121940612793,
      0.603083610534668,
      0.6857830882072449,
      0.5189566016197205,
      0.6782413721084595,
      0.5708377361297607,
      0.6159981489181519,
      0.6280248761177063,
      0.2945983111858368
    ],
    "mean": 0.6047371953725815,
    "min": 0.2945983111858368
  },
  "topic_drift": {
    "per_turn": [
      0.725724458694458,
      0.7404281497001648,
      0.46246111392974854,
      0.5815413594245911,
      0.46967607736587524,
      0.3976464569568634,
      0.3661080002784729,
      0.320787638425827,
      0.33234548568725586,
      0.511580228805542,
      0.6788637638092041,
      0.41359198093414307,
      0.4830086827278137,
      0.3483933210372925,
      0.5925272703170776,
      0.3879510760307312,
      0.36346834897994995,
      0.33439749479293823,
      0.26266154646873474,
      0.33016669750213623,
      0.6923231482505798
    ],
    "mean": 0.4664596333390191,
    "min": 0.26266154646873474,
    "drift_slope": -0.008894364632569337
  },
  "sentiment": {
    "per_turn": [
      0.8272,
      0.9699,
      0.9604,
      0.8537,
      0.8126,
      0.8316,
      0.9398,
      0.9294,
      0.9618,
      0.7184,
      0.9392,
      0.8689,
      0.7181,
      0.6956,
      0.8949,
      -0.6894,
      0.6379,
      -0.3818,
      0.6124,
      0.0749,
      0.9299
    ],
    "by_speaker": {
      "Lyra": [
        0.8272,
        0.9604,
        0.8126,
        0.9398,
        0.9618,
        0.9392,
        0.7181,
        0.8949,
        0.6379,
        0.6124,
        0.9299
      ],
      "Cipher": [
        0.9699,
        0.8537,
        0.8316,
        0.9294,
        0.7184,
        0.8689,
        0.6956,
        -0.6894,
        -0.3818,
        0.0749
      ]
    },
    "mean": 0.6716857142857142,
    "slope": -0.03679428571428571,
    "volatility": 0.43929381455946326
  },
  "diversity": {
    "by_speaker": {
      "Lyra": {
        "semantic_diversity": 0.5082538723945618,
        "ttr": 0.3839811542991755
      },
      "Cipher": {
        "semantic_diversity": 0.49944740533828735,
        "ttr": 0.4797794117647059
      }
    },
    "global_ttr": 0.334529791816224
  }
}