{
  "condition_id": "modiso__gpt-oss-120b__t04__r01",
  "topic": "Strong government regulation of AI development will cause more harm than good",
  "turn_count": 21,
  "persona": {
    "by_speaker": {
      "Lyra": {
        "mean": 0.47755590127319664,
        "per_turn": [
          0.46650168037574136,
          0.48545747332345074,
          0.47511075910094647,
          0.4654985645974085,
          0.4829985563179657,
          0.3255501154888421,
          0.47757587280723734,
          0.4459944504992535,
          0.410712791933881,
          0.49039045940659043,
          0.7273241901538461
        ]
      },
      "Cipher": {
        "mean": 0.7159828434241186,
        "per_turn": [
          0.8347535353821534,
          0.7982773170755517,
          0.8037479942328882,
          0.22299977011424393,
          0.80994791437366,
          0.6906624108293076,
          0.5702778036752899,
          0.8574928564092017,
          0.786501491223345,
          0.7851673409255435
        ]
      }
    },
    "discrimination": {
      "Lyra": {
        "own_mean": 0.4776,
        "cross_mean": 0.5224,
        "gap": -0.0449
      },
      "Cipher": {
        "own_mean": 0.716,
        "cross_mean": 0.284,
        "gap": 0.432
      }
    }
  },
  "coherence": {
    "per_turn": [
      null,
      0.425147145986557,
      0.6165713667869568,
      0.6322531700134277,
      0.5749028921127319,
      0.6224030256271362,
      0.4902477264404297,
      0.38215920329093933,
      0.488601416349411,
      0.6595635414123535,
      0.5964759588241577,
      0.37326163053512573,
      0.2473050355911255,
      0.6268685460090637,
      0.7298505306243896,
      0.5199761986732483,
      0.5667915344238281,
      0.49949777126312256,
      0.5449796915054321,
      0.5680712461471558,
      0.04058188199996948
    ],
    "mean": 0.5102754756808281,
    "min": 0.04058188199996948
  },
  "topic_drift": {
    "per_turn": [
      0.8154722452163696,
      0.47793376445770264,
      0.39737528562545776,
      0.6356151103973389,
      0.4057881236076355,
      0.47669851779937744,
      0.22401614487171173,
      0.10864809155464172,
      0.339816153049469,
      0.30692946910858154,
      0.29410138726234436,
      0.0576995424926281,
      0.36853447556495667,
      0.24471983313560486,
      0.44892823696136475,
      0.5147850513458252,
      0.26931875944137573,
      0.2634490728378296,
      0.30517998337745667,
      0.2888166308403015,
      0.0038036592304706573
    ],
    "mean": 0.3451252161037354,
    "min": 0.0038036592304706573,
    "drift_slope": -0.01645945188190258
  },
  "sentiment": {
    "per_turn": [
      0.8162,
      0.5719,
      0.5815,
      0.2498,
      -0.0511,
      0.9501,
      0.9659,
      -0.3527,
      0.0772,
      0.0516,
      -0.4019,
      0.4118,
      0.5994,
      0.2263,
      -0.34,
      -0.168,
      0.5719,
      0.6767,
      -0.5267,
      0.4588,
      0.9168
    ],
    "by_speaker": {
      "Lyra": [
        0.8162,
        0.5815,
        -0.0511,
        0.9659,
        0.0772,
        -0.4019,
        0.5994,
        -0.34,
        0.5719,
        -0.5267,
        0.9168
      ],
      "Cipher": [
        0.5719,
        0.2498,
        0.9501,
        -0.3527,
        0.0516,
        0.4118,
        0.2263,
        -0.168,
        0.6767,
        0.4588
      ]
    },
    "mean": 0.2993095238095239,
    "slope": -0.012758051948051949,
    "volatility": 0.46201484299467294
  },
  "diversity": {
    "by_speaker": {
      "Lyra": {
        "semantic_diversity": 0.6689411997795105,
        "ttr": 0.5913621262458472
      },
      "Cipher": {
        "semantic_diversity": 0.6792365908622742,
        "ttr": 0.5447316103379721
      }
    },
    "global_ttr": 0.465158371040724
  }
}