{
  "condition_id": "modiso__qwen-235b__t05__r01",
  "topic": "Genetic editing to prevent hereditary diseases in human embryos should be legally permitted",
  "turn_count": 21,
  "persona": {
    "by_speaker": {
      "Lyra": {
        "mean": 0.5498519676464194,
        "per_turn": [
          0.49009600025385025,
          0.4180893863573021,
          0.5576816122599619,
          0.5540063754901656,
          0.49812038163377115,
          0.5139207581652954,
          0.5215242119419286,
          0.5350915956437106,
          0.5183928691331817,
          0.4985342497573557,
          0.9429142034740907
        ]
      },
      "Cipher": {
        "mean": 0.54736551912646,
        "per_turn": [
          0.7550480719270295,
          0.5533305535667163,
          0.7591925436572613,
          0.5161901321527582,
          0.49184301381409645,
          0.43730148702753463,
          0.48588252943464805,
          0.4579025210060767,
          0.5075532775473997,
          0.50941106113108
        ]
      }
    },
    "discrimination": {
      "Lyra": {
        "own_mean": 0.5499,
        "cross_mean": 0.4501,
        "gap": 0.0997
      },
      "Cipher": {
        "own_mean": 0.5474,
        "cross_mean": 0.4526,
        "gap": 0.0947
      }
    }
  },
  "coherence": {
    "per_turn": [
      null,
      0.5943050980567932,
      0.424653023481369,
      0.4495115578174591,
      0.22653280198574066,
      0.5016310214996338,
      0.5805555582046509,
      0.5213096141815186,
      0.48868507146835327,
      0.38380295038223267,
      0.2032536417245865,
      0.37623924016952515,
      0.5563557744026184,
      0.5771776437759399,
      0.49271437525749207,
      0.22165173292160034,
      0.7695159912109375,
      0.3205561935901642,
      0.4583081007003784,
      0.7361342310905457,
      0.16656863689422607
    ],
    "mean": 0.4524731129407883,
    "min": 0.16656863689422607
  },
  "topic_drift": {
    "per_turn": [
      0.791946291923523,
      0.5571193695068359,
      0.2543182671070099,
      0.49181270599365234,
      0.22941313683986664,
      0.6847374439239502,
      0.24633868038654327,
      0.519283652305603,
      0.20466908812522888,
      0.1947101503610611,
      -0.03856106102466583,
      0.12128148227930069,
      0.17072543501853943,
      0.09998299181461334,
      0.06560957431793213,
      0.5534626245498657,
      0.45968741178512573,
      0.15129053592681885,
      0.25159865617752075,
      0.35869908332824707,
      0.015820711851119995
    ],
    "mean": 0.3039974396427472,
    "min": -0.03856106102466583,
    "drift_slope": -0.017336770495424033
  },
  "sentiment": {
    "per_turn": [
      -0.8625,
      0.6369,
      -0.8697,
      -0.3525,
      0.8485,
      0.1583,
      0.0,
      0.4215,
      0.4497,
      0.8027,
      -0.0754,
      -0.09,
      0.7579,
      0.0127,
      0.8225,
      0.8225,
      0.7579,
      0.4215,
      0.4238,
      0.5903,
      0.9246
    ],
    "by_speaker": {
      "Lyra": [
        -0.8625,
        -0.8697,
        0.8485,
        0.0,
        0.4497,
        -0.0754,
        0.7579,
        0.8225,
        0.7579,
        0.4238,
        0.9246
      ],
      "Cipher": [
        0.6369,
        -0.3525,
        0.1583,
        0.4215,
        0.8027,
        -0.09,
        0.0127,
        0.8225,
        0.4215,
        0.5903
      ]
    },
    "mean": 0.31434285714285715,
    "slope": 0.049067922077922085,
    "volatility": 0.5255729124094043
  },
  "diversity": {
    "by_speaker": {
      "Lyra": {
        "semantic_diversity": 0.713997483253479,
        "ttr": 0.4867109634551495
      },
      "Cipher": {
        "semantic_diversity": 0.6622633337974548,
        "ttr": 0.49902534113060426
      }
    },
    "global_ttr": 0.39461883408071746
  }
}