{
  "condition_id": "modiso__gpt-oss-120b__t02__r01",
  "topic": "Universal basic income would reduce workforce participation and innovation over time",
  "turn_count": 21,
  "persona": {
    "by_speaker": {
      "Lyra": {
        "mean": 0.5266883136659265,
        "per_turn": [
          0.50498284910873,
          0.49882943912794747,
          0.5177661617348421,
          0.531670892256795,
          0.5378462020807733,
          0.4757764800853691,
          0.5155921471659589,
          0.5927810718522482,
          0.5005136999916431,
          0.4836211516400115,
          0.6341913552808729
        ]
      },
      "Cipher": {
        "mean": 0.6497999643016412,
        "per_turn": [
          0.7550515669249651,
          0.7616764470892107,
          0.7798789658742167,
          0.5429923878062983,
          0.523966609695529,
          0.746990136190372,
          0.6703323544547,
          0.3191833679905941,
          0.7900154653950173,
          0.6079123415955083
        ]
      }
    },
    "discrimination": {
      "Lyra": {
        "own_mean": 0.5267,
        "cross_mean": 0.4733,
        "gap": 0.0534
      },
      "Cipher": {
        "own_mean": 0.6498,
        "cross_mean": 0.3502,
        "gap": 0.2996
      }
    }
  },
  "coherence": {
    "per_turn": [
      null,
      0.5809392333030701,
      0.40177762508392334,
      0.46001437306404114,
      0.5335874557495117,
      0.22838012874126434,
      0.5337651968002319,
      0.5671869516372681,
      0.3734535276889801,
      0.4513876438140869,
      0.4521244168281555,
      0.4171335697174072,
      0.3956782817840576,
      0.2069007158279419,
      0.46576330065727234,
      0.5698769092559814,
      0.3993573486804962,
      0.3623867332935333,
      0.6176502704620361,
      0.12280251085758209,
      0.027641605585813522
    ],
    "mean": 0.40839038994163274,
    "min": 0.027641605585813522
  },
  "topic_drift": {
    "per_turn": [
      0.7972756028175354,
      0.5053995847702026,
      0.35493871569633484,
      0.503822922706604,
      0.45602232217788696,
      0.272083044052124,
      0.2173299491405487,
      0.3654848337173462,
      0.1526937335729599,
      0.2500781714916229,
      0.37422892451286316,
      0.17324046790599823,
      0.0555071122944355,
      0.18392007052898407,
      0.1626340001821518,
      0.043015167117118835,
      0.20676738023757935,
      0.07247909158468246,
      0.09052181243896484,
      -0.01110696792602539,
      -0.01048605889081955
    ],
    "mean": 0.24837380381567137,
    "min": -0.01110696792602539,
    "drift_slope": -0.027969448965091202
  },
  "sentiment": {
    "per_turn": [
      0.7783,
      0.8555,
      0.9042,
      0.6526,
      0.7003,
      0.7785,
      0.8778,
      0.7543,
      0.7963,
      -0.7351,
      0.3818,
      -0.4939,
      0.5574,
      0.8271,
      0.2732,
      -0.8922,
      -0.4506,
      0.3612,
      0.5719,
      -0.3624,
      0.8832
    ],
    "by_speaker": {
      "Lyra": [
        0.7783,
        0.9042,
        0.7003,
        0.8778,
        0.7963,
        0.3818,
        0.5574,
        0.2732,
        -0.4506,
        0.5719,
        0.8832
      ],
      "Cipher": [
        0.8555,
        0.6526,
        0.7785,
        0.7543,
        -0.7351,
        -0.4939,
        0.8271,
        -0.8922,
        0.3612,
        -0.3624
      ]
    },
    "mean": 0.38187619047619054,
    "slope": -0.04195558441558441,
    "volatility": 0.5755426051870423
  },
  "diversity": {
    "by_speaker": {
      "Lyra": {
        "semantic_diversity": 0.8052356243133545,
        "ttr": 0.5970636215334421
      },
      "Cipher": {
        "semantic_diversity": 0.753024697303772,
        "ttr": 0.5202205882352942
      }
    },
    "global_ttr": 0.4727744165946413
  }
}