{
  "condition_id": "modiso__llama4-scout__t04__r02",
  "topic": "Strong government regulation of AI development will cause more harm than good",
  "turn_count": 21,
  "persona": {
    "by_speaker": {
      "Lyra": {
        "mean": 0.547147198776877,
        "per_turn": [
          0.43648082146016837,
          0.5014225499061136,
          0.4951778562811534,
          0.7289051289149978,
          0.5161658071857642,
          0.7880875496957462,
          0.6761956950624116,
          0.4436577471070725,
          0.4800598420297084,
          0.46664295638151887,
          0.4858232325209914
        ]
      },
      "Cipher": {
        "mean": 0.634329933398082,
        "per_turn": [
          0.7554243613012619,
          0.755425082828993,
          0.4778819295612964,
          0.7056288208243879,
          0.5269242066260861,
          0.7168323883396979,
          0.5759472488046271,
          0.5225087416654028,
          0.4856114253880034,
          0.8211151286410636
        ]
      }
    },
    "discrimination": {
      "Lyra": {
        "own_mean": 0.5471,
        "cross_mean": 0.4529,
        "gap": 0.0943
      },
      "Cipher": {
        "own_mean": 0.6343,
        "cross_mean": 0.3657,
        "gap": 0.2687
      }
    }
  },
  "coherence": {
    "per_turn": [
      null,
      0.6366214156150818,
      0.5323636531829834,
      0.6160348653793335,
      0.622444212436676,
      0.5730403661727905,
      0.46421319246292114,
      0.5564957857131958,
      0.6051819324493408,
      0.48547378182411194,
      0.5253078937530518,
      0.3532416820526123,
      0.5559114217758179,
      0.5248476266860962,
      0.6445126533508301,
      0.6399272680282593,
      0.5098674893379211,
      0.5056652426719666,
      0.40705591440200806,
      0.4727807641029358,
      0.37458884716033936
    ],
    "mean": 0.5302788004279136,
    "min": 0.3532416820526123
  },
  "topic_drift": {
    "per_turn": [
      0.8095772862434387,
      0.5306305289268494,
      0.5503379106521606,
      0.5519055128097534,
      0.5447039604187012,
      0.35513728857040405,
      0.5171220302581787,
      0.21236580610275269,
      0.31280919909477234,
      0.366615891456604,
      0.2111552655696869,
      0.2041100263595581,
      0.4198301434516907,
      0.4303784966468811,
      0.44613033533096313,
      0.4477466642856598,
      0.3109629154205322,
      0.2945367097854614,
      0.4641440212726593,
      0.5777003765106201,
      0.5042123198509216
    ],
    "mean": 0.4315291756675357,
    "min": 0.2041100263595581,
    "drift_slope": -0.007323306295778845
  },
  "sentiment": {
    "per_turn": [
      0.9231,
      0.7783,
      -0.8625,
      0.5271,
      0.9574,
      -0.4215,
      0.7579,
      -0.34,
      0.9331,
      -0.8201,
      0.7724,
      0.9583,
      0.9535,
      0.2356,
      0.9631,
      0.5499,
      0.7096,
      -0.5719,
      0.8933,
      -0.5499,
      0.9638
    ],
    "by_speaker": {
      "Lyra": [
        0.9231,
        -0.8625,
        0.9574,
        0.7579,
        0.9331,
        0.7724,
        0.9535,
        0.9631,
        0.7096,
        0.8933,
        0.9638
      ],
      "Cipher": [
        0.7783,
        0.5271,
        -0.4215,
        -0.34,
        -0.8201,
        0.9583,
        0.2356,
        0.5499,
        -0.5719,
        -0.5499
      ]
    },
    "mean": 0.3957380952380952,
    "slope": 0.003303376623376614,
    "volatility": 0.6578392389201474
  },
  "diversity": {
    "by_speaker": {
      "Lyra": {
        "semantic_diversity": 0.6292038559913635,
        "ttr": 0.5007849293563579
      },
      "Cipher": {
        "semantic_diversity": 0.6621772050857544,
        "ttr": 0.49482758620689654
      }
    },
    "global_ttr": 0.41577649958915364
  }
}