{
  "condition_id": "modiso__llama-70b__t04__r02",
  "topic": "Strong government regulation of AI development will cause more harm than good",
  "turn_count": 21,
  "persona": {
    "by_speaker": {
      "Lyra": {
        "mean": 0.46715306289199404,
        "per_turn": [
          0.6828559112182986,
          0.6672572981481737,
          0.41298394418572115,
          0.4679039256601883,
          0.45439099223208834,
          0.4312005365301049,
          0.5185863187471458,
          0.4096115605569315,
          0.388673893316459,
          0.20830086956738464,
          0.4969184416494387
        ]
      },
      "Cipher": {
        "mean": 0.6568279643337057,
        "per_turn": [
          0.8409720008166188,
          0.519666207644019,
          0.5703976553756918,
          0.8313628271820999,
          0.562220118823564,
          0.5196846702978978,
          0.8024029601987732,
          0.5597791975220031,
          0.566309280786838,
          0.795484724689551
        ]
      }
    },
    "discrimination": {
      "Lyra": {
        "own_mean": 0.4672,
        "cross_mean": 0.5328,
        "gap": -0.0657
      },
      "Cipher": {
        "own_mean": 0.6568,
        "cross_mean": 0.3432,
        "gap": 0.3137
      }
    }
  },
  "coherence": {
    "per_turn": [
      null,
      0.6488907337188721,
      0.8675346374511719,
      0.4650852680206299,
      0.5259098410606384,
      0.6487100124359131,
      0.4030941426753998,
      0.49833428859710693,
      0.768934965133667,
      0.726202666759491,
      0.6673531532287598,
      0.5530797839164734,
      0.7363755106925964,
      0.6223752498626709,
      0.7737852334976196,
      0.6495637893676758,
      0.7864816188812256,
      0.6846346855163574,
      0.8773714303970337,
      0.5535978078842163,
      0.1848416030406952
    ],
    "mean": 0.6321078211069107,
    "min": 0.1848416030406952
  },
  "topic_drift": {
    "per_turn": [
      0.7764021158218384,
      0.7353552579879761,
      0.7790515422821045,
      0.46274176239967346,
      0.6297776699066162,
      0.6229307055473328,
      0.36105281114578247,
      0.5179572701454163,
      0.6304643154144287,
      0.5601499080657959,
      0.6963003873825073,
      0.4475736916065216,
      0.45154255628585815,
      0.538993775844574,
      0.630341112613678,
      0.5183432102203369,
      0.48412322998046875,
      0.6569712162017822,
      0.6412097811698914,
      0.42905670404434204,
      0.5757585763931274
    ],
    "mean": 0.5783856000219073,
    "min": 0.36105281114578247,
    "drift_slope": -0.0067964563896129575
  },
  "sentiment": {
    "per_turn": [
      0.9326,
      0.5927,
      0.9079,
      -0.5588,
      0.9731,
      0.8765,
      0.9574,
      0.8926,
      0.9095,
      -0.7096,
      0.1796,
      0.1506,
      -0.228,
      0.6059,
      -0.296,
      0.7003,
      0.2263,
      0.3182,
      0.1901,
      -0.8074,
      0.9371
    ],
    "by_speaker": {
      "Lyra": [
        0.9326,
        0.9079,
        0.9731,
        0.9574,
        0.9095,
        0.1796,
        -0.228,
        -0.296,
        0.2263,
        0.1901,
        0.9371
      ],
      "Cipher": [
        0.5927,
        -0.5588,
        0.8765,
        0.8926,
        -0.7096,
        0.1506,
        0.6059,
        0.7003,
        0.3182,
        -0.8074
      ]
    },
    "mean": 0.3690761904761905,
    "slope": -0.032220259740259743,
    "volatility": 0.5784620536632845
  },
  "diversity": {
    "by_speaker": {
      "Lyra": {
        "semantic_diversity": 0.45050954818725586,
        "ttr": 0.4044213263979194
      },
      "Cipher": {
        "semantic_diversity": 0.5409807562828064,
        "ttr": 0.47920433996383366
      }
    },
    "global_ttr": 0.3502269288956127
  }
}