{
  "condition_id": "modiso__qwen-235b__t01__r02",
  "topic": "Social media has done more harm than good to mental health and democracy",
  "turn_count": 21,
  "persona": {
    "by_speaker": {
      "Lyra": {
        "mean": 0.6079753997857218,
        "per_turn": [
          0.59315500537094,
          0.556451060265624,
          0.6243933065121167,
          0.532992865441893,
          0.5321259765930986,
          0.6633614779048776,
          0.5503160337447854,
          0.6335720885043487,
          0.5741600112086633,
          0.5630461990751326,
          0.8641553730214602
        ]
      },
      "Cipher": {
        "mean": 0.5316350668270552,
        "per_turn": [
          0.755390487978143,
          0.4020360657844776,
          0.4598576651833026,
          0.7536347207441834,
          0.484119225563179,
          0.42718581663436017,
          0.6747192650361491,
          0.4504742510579929,
          0.480192816636806,
          0.42874035365195773
        ]
      }
    },
    "discrimination": {
      "Lyra": {
        "own_mean": 0.608,
        "cross_mean": 0.392,
        "gap": 0.216
      },
      "Cipher": {
        "own_mean": 0.5316,
        "cross_mean": 0.4684,
        "gap": 0.0633
      }
    }
  },
  "coherence": {
    "per_turn": [
      null,
      0.4123832881450653,
      0.5044519901275635,
      0.3266920745372772,
      0.38280946016311646,
      0.1735186129808426,
      0.4564250111579895,
      0.4173427224159241,
      0.5392000079154968,
      0.4612235426902771,
      0.3671882748603821,
      0.160875141620636,
      0.7684510946273804,
      0.6974467039108276,
      0.37581783533096313,
      0.42346522212028503,
      0.41166290640830994,
      0.3735165297985077,
      0.5850526690483093,
      0.3466337025165558,
      0.20565421879291534
    ],
    "mean": 0.41949055045843125,
    "min": 0.160875141620636
  },
  "topic_drift": {
    "per_turn": [
      0.593205451965332,
      0.574955403804779,
      0.4326156973838806,
      0.32134097814559937,
      0.08704626560211182,
      0.48254573345184326,
      0.16568231582641602,
      0.10092908143997192,
      0.1765633523464203,
      0.23080459237098694,
      0.17746950685977936,
      0.03739283233880997,
      0.050415992736816406,
      0.10207222402095795,
      0.37053894996643066,
      0.16462285816669464,
      0.14168128371238708,
      0.2188742756843567,
      0.22118689119815826,
      0.14436322450637817,
      0.06282155215740204
    ],
    "mean": 0.23129183160407202,
    "min": 0.03739283233880997,
    "drift_slope": -0.01619807891063876
  },
  "sentiment": {
    "per_turn": [
      0.4588,
      0.5859,
      0.7332,
      -0.6486,
      -0.1702,
      0.802,
      0.1069,
      0.5106,
      0.2732,
      0.8794,
      -0.4588,
      0.2144,
      -0.7003,
      0.0,
      0.56,
      0.8186,
      -0.705,
      0.8462,
      -0.4588,
      0.5574,
      0.9287
    ],
    "by_speaker": {
      "Lyra": [
        0.4588,
        0.7332,
        -0.1702,
        0.1069,
        0.2732,
        -0.4588,
        -0.7003,
        0.56,
        -0.705,
        -0.4588,
        0.9287
      ],
      "Cipher": [
        0.5859,
        -0.6486,
        0.802,
        0.5106,
        0.8794,
        0.2144,
        0.0,
        0.8186,
        0.8462,
        0.5574
      ]
    },
    "mean": 0.24445714285714287,
    "slope": -0.0001131168831168807,
    "volatility": 0.5510481809125902
  },
  "diversity": {
    "by_speaker": {
      "Lyra": {
        "semantic_diversity": 0.6983705163002014,
        "ttr": 0.4950980392156863
      },
      "Cipher": {
        "semantic_diversity": 0.7084107995033264,
        "ttr": 0.44422700587084146
      }
    },
    "global_ttr": 0.38023152270703475
  }
}