{
  "condition_id": "modiso__llama4-scout__t07__r01",
  "topic": "Meaningful climate action and sustained economic growth are fundamentally incompatible",
  "turn_count": 21,
  "persona": {
    "by_speaker": {
      "Lyra": {
        "mean": 0.5222864563455956,
        "per_turn": [
          0.49424503833071054,
          0.7623885435815931,
          0.43841283619969784,
          0.42837566882882616,
          0.4541763484215432,
          0.5217908996271815,
          0.5448771183669396,
          0.5292638472691884,
          0.4678280558157481,
          0.5045989477853821,
          0.5991937155747407
        ]
      },
      "Cipher": {
        "mean": 0.7234991334931095,
        "per_turn": [
          0.752348118220956,
          0.7804574148781873,
          0.7942779495114103,
          0.8121260042627245,
          0.7529703745977908,
          0.4574697086019441,
          0.7491935325770671,
          0.4927731010859491,
          0.8216500767908896,
          0.8217250544041752
        ]
      }
    },
    "discrimination": {
      "Lyra": {
        "own_mean": 0.5223,
        "cross_mean": 0.4777,
        "gap": 0.0446
      },
      "Cipher": {
        "own_mean": 0.7235,
        "cross_mean": 0.2765,
        "gap": 0.447
      }
    }
  },
  "coherence": {
    "per_turn": [
      null,
      0.5299633145332336,
      0.6434998512268066,
      0.625063955783844,
      0.565413236618042,
      0.6222680807113647,
      0.7558656930923462,
      0.7897348403930664,
      0.6401370167732239,
      0.439075231552124,
      0.5991432070732117,
      0.600898027420044,
      0.7172306776046753,
      0.47610944509506226,
      0.584768533706665,
      0.4681289792060852,
      0.5525261163711548,
      0.47867822647094727,
      0.5822567939758301,
      0.5955526828765869,
      0.13195344805717468
    ],
    "mean": 0.5699133679270745,
    "min": 0.13195344805717468
  },
  "topic_drift": {
    "per_turn": [
      0.6513268947601318,
      0.5313196778297424,
      0.6426281332969666,
      0.30992984771728516,
      0.4103045165538788,
      0.40498244762420654,
      0.4033302664756775,
      0.3879019618034363,
      0.42428523302078247,
      0.2603461742401123,
      0.4174288511276245,
      0.38320010900497437,
      0.5031635165214539,
      0.28109127283096313,
      0.2966969609260559,
      0.2207629531621933,
      0.3133488893508911,
      0.28663063049316406,
      0.23096999526023865,
      0.3743543028831482,
      0.03833768144249916
    ],
    "mean": 0.3701114436345441,
    "min": 0.03833768144249916,
    "drift_slope": -0.01684172227978708
  },
  "sentiment": {
    "per_turn": [
      0.8555,
      0.8875,
      0.9159,
      0.8885,
      0.9468,
      0.2382,
      -0.2135,
      0.926,
      0.9154,
      0.9001,
      0.954,
      0.25,
      0.8155,
      -0.363,
      0.7852,
      0.1779,
      0.8124,
      0.3818,
      0.5629,
      0.8606,
      0.9517
    ],
    "by_speaker": {
      "Lyra": [
        0.8555,
        0.9159,
        0.9468,
        -0.2135,
        0.9154,
        0.954,
        0.8155,
        0.7852,
        0.8124,
        0.5629,
        0.9517
      ],
      "Cipher": [
        0.8875,
        0.8885,
        0.2382,
        0.926,
        0.9001,
        0.25,
        -0.363,
        0.1779,
        0.3818,
        0.8606
      ]
    },
    "mean": 0.640447619047619,
    "slope": -0.009715584415584424,
    "volatility": 0.39189221139424796
  },
  "diversity": {
    "by_speaker": {
      "Lyra": {
        "semantic_diversity": 0.5941412448883057,
        "ttr": 0.4726507713884993
      },
      "Cipher": {
        "semantic_diversity": 0.6261717677116394,
        "ttr": 0.4893203883495146
      }
    },
    "global_ttr": 0.39006514657980457
  }
}