{
  "condition_id": "modiso__llama-70b__t02__r02",
  "topic": "Universal basic income would reduce workforce participation and innovation over time",
  "turn_count": 21,
  "persona": {
    "by_speaker": {
      "Lyra": {
        "mean": 0.6153339136549915,
        "per_turn": [
          0.7644217986556257,
          0.7186607032349143,
          0.7771251554080141,
          0.4959638937396036,
          0.7424959939131734,
          0.7510005579476673,
          0.24610800782047249,
          0.5296365374785794,
          0.4943799728925499,
          0.721841540182547,
          0.5270388889317583
        ]
      },
      "Cipher": {
        "mean": 0.6523324350001716,
        "per_turn": [
          0.7866227057452253,
          0.5222615360106042,
          0.7697568121593572,
          0.7704996490946252,
          0.7855865851857887,
          0.4968640625750894,
          0.7590546469870691,
          0.5264134852707791,
          0.5667677050901279,
          0.5394971618830495
        ]
      }
    },
    "discrimination": {
      "Lyra": {
        "own_mean": 0.6153,
        "cross_mean": 0.3847,
        "gap": 0.2307
      },
      "Cipher": {
        "own_mean": 0.6523,
        "cross_mean": 0.3477,
        "gap": 0.3047
      }
    }
  },
  "coherence": {
    "per_turn": [
      null,
      0.49305427074432373,
      0.7216231822967529,
      0.5244338512420654,
      0.6469920873641968,
      0.6241765022277832,
      0.7018229961395264,
      0.3167451024055481,
      0.7217462062835693,
      0.844664454460144,
      0.6713118553161621,
      0.6802554726600647,
      0.7035349607467651,
      0.6870407462120056,
      0.5919250249862671,
      0.5291468501091003,
      0.45389240980148315,
      0.37173551321029663,
      0.4538707733154297,
      0.5930452942848206,
      0.35672277212142944
    ],
    "mean": 0.5843870162963867,
    "min": 0.3167451024055481
  },
  "topic_drift": {
    "per_turn": [
      0.7158102989196777,
      0.44121429324150085,
      0.49004167318344116,
      0.4673224985599518,
      0.43253853917121887,
      0.4291171431541443,
      0.34152841567993164,
      0.40753135085105896,
      0.5677202343940735,
      0.47051066160202026,
      0.49400773644447327,
      0.4929771423339844,
      0.48469287157058716,
      0.42285794019699097,
      0.4216940402984619,
      0.41693806648254395,
      0.42560017108917236,
      0.40641772747039795,
      0.3140697777271271,
      0.5217745304107666,
      0.5750477313995361
    ],
    "mean": 0.4637815640086219,
    "min": 0.3140697777271271,
    "drift_slope": -0.0031119008729984287
  },
  "sentiment": {
    "per_turn": [
      0.9334,
      0.3866,
      0.9592,
      0.3182,
      0.9509,
      0.8996,
      0.7113,
      0.0516,
      0.7958,
      0.9209,
      0.8621,
      0.9459,
      0.9673,
      0.8139,
      0.9132,
      0.9376,
      0.8809,
      0.9349,
      0.9107,
      0.5859,
      0.9047
    ],
    "by_speaker": {
      "Lyra": [
        0.9334,
        0.9592,
        0.9509,
        0.7113,
        0.7958,
        0.8621,
        0.9673,
        0.9132,
        0.8809,
        0.9107,
        0.9047
      ],
      "Cipher": [
        0.3866,
        0.3182,
        0.8996,
        0.0516,
        0.9209,
        0.9459,
        0.8139,
        0.9376,
        0.9349,
        0.5859
      ]
    },
    "mean": 0.7897428571428572,
    "slope": 0.011257272727272736,
    "volatility": 0.2428137843647906
  },
  "diversity": {
    "by_speaker": {
      "Lyra": {
        "semantic_diversity": 0.5535656809806824,
        "ttr": 0.37168141592920356
      },
      "Cipher": {
        "semantic_diversity": 0.5348839163780212,
        "ttr": 0.47027972027972026
      }
    },
    "global_ttr": 0.3319783197831978
  }
}