{
  "condition_id": "modiso__qwen-32b__t00__r02",
  "topic": "AI will eliminate more jobs than it creates within the next decade",
  "turn_count": 21,
  "persona": {
    "by_speaker": {
      "Lyra": {
        "mean": 0.5062932524828627,
        "per_turn": [
          0.48826593419019915,
          0.5275014814458991,
          0.5276319175509945,
          0.48011493616799567,
          0.46880254925220133,
          0.5347654841010262,
          0.49228908049151143,
          0.4788757839352934,
          0.5345646822492562,
          0.5153328144416581,
          0.5210811134854548
        ]
      },
      "Cipher": {
        "mean": 0.5446244487744367,
        "per_turn": [
          0.7933580784785527,
          0.5196383681823831,
          0.779458727549472,
          0.537200335263131,
          0.4886277388385116,
          0.4567643500255878,
          0.5101777691200713,
          0.43883840115659045,
          0.4476560112662664,
          0.47452470786380097
        ]
      }
    },
    "discrimination": {
      "Lyra": {
        "own_mean": 0.5063,
        "cross_mean": 0.4937,
        "gap": 0.0126
      },
      "Cipher": {
        "own_mean": 0.5446,
        "cross_mean": 0.4554,
        "gap": 0.0892
      }
    }
  },
  "coherence": {
    "per_turn": [
      null,
      0.696418046951294,
      0.40995898842811584,
      0.7405627369880676,
      0.5546095967292786,
      0.5693169236183167,
      0.358106404542923,
      0.4886707067489624,
      0.6556476354598999,
      0.8169764280319214,
      0.564764142036438,
      0.6114999055862427,
      0.4365728795528412,
      0.5636241436004639,
      0.6139693856239319,
      0.45618778467178345,
      0.6366683840751648,
      0.4921071231365204,
      0.5079209804534912,
      0.5980791449546814,
      0.5177634954452515
    ],
    "mean": 0.5644712418317794,
    "min": 0.358106404542923
  },
  "topic_drift": {
    "per_turn": [
      0.8255492448806763,
      0.7020418643951416,
      0.3916287422180176,
      0.4307950437068939,
      0.4205722212791443,
      0.4036727547645569,
      0.27508094906806946,
      0.5328899621963501,
      0.4784567356109619,
      0.41509002447128296,
      0.43171894550323486,
      0.553437352180481,
      0.37735843658447266,
      0.549561619758606,
      0.5540601015090942,
      0.4491935968399048,
      0.3431887626647949,
      0.17580212652683258,
      0.4337797462940216,
      0.4178898334503174,
      0.6337776184082031
    ],
    "mean": 0.46645455630052657,
    "min": 0.17580212652683258,
    "drift_slope": -0.00656810540270496
  },
  "sentiment": {
    "per_turn": [
      0.6597,
      -0.7096,
      0.8047,
      0.9019,
      -0.4215,
      0.886,
      -0.6754,
      0.8126,
      -0.4767,
      -0.8271,
      0.0,
      0.6249,
      -0.09,
      0.1154,
      0.2462,
      -0.7906,
      0.8605,
      0.5994,
      -0.2263,
      0.1154,
      0.81
    ],
    "by_speaker": {
      "Lyra": [
        0.6597,
        0.8047,
        -0.4215,
        -0.6754,
        -0.4767,
        0.0,
        -0.09,
        0.2462,
        0.8605,
        -0.2263,
        0.81
      ],
      "Cipher": [
        -0.7096,
        0.9019,
        0.886,
        0.8126,
        -0.8271,
        0.6249,
        0.1154,
        -0.7906,
        0.5994,
        0.1154
      ]
    },
    "mean": 0.15330952380952384,
    "slope": 0.0021970129870129878,
    "volatility": 0.6100175968615377
  },
  "diversity": {
    "by_speaker": {
      "Lyra": {
        "semantic_diversity": 0.5903819799423218,
        "ttr": 0.4641638225255973
      },
      "Cipher": {
        "semantic_diversity": 0.609028697013855,
        "ttr": 0.44041450777202074
      }
    },
    "global_ttr": 0.35536480686695276
  }
}