{
  "condition_id": "modiso__llama-70b__t06__r02",
  "topic": "Remote work has weakened organisational culture more than it has empowered individuals",
  "turn_count": 21,
  "persona": {
    "by_speaker": {
      "Lyra": {
        "mean": 0.6888247488359209,
        "per_turn": [
          0.8237837868816502,
          0.8056788790320317,
          0.5676731935008195,
          0.8006610264399585,
          0.5904260538091439,
          0.2969984684160762,
          1.0070578644658357,
          0.7823368859762936,
          0.7636991459450266,
          0.4882194173160141,
          0.6505375154122806
        ]
      },
      "Cipher": {
        "mean": 0.5013364208659921,
        "per_turn": [
          0.68184400573221,
          0.3942509520125219,
          0.4483540694569009,
          0.46225629011192726,
          0.5877095699413983,
          0.42923293321767403,
          0.37812954785560593,
          0.4391778431385063,
          0.49120587146656625,
          0.70120312572661
        ]
      }
    },
    "discrimination": {
      "Lyra": {
        "own_mean": 0.6888,
        "cross_mean": 0.3112,
        "gap": 0.3776
      },
      "Cipher": {
        "own_mean": 0.5013,
        "cross_mean": 0.4987,
        "gap": 0.0027
      }
    }
  },
  "coherence": {
    "per_turn": [
      null,
      0.6692620515823364,
      0.776118278503418,
      0.7331788539886475,
      0.6274961233139038,
      0.5479720830917358,
      0.4005507826805115,
      0.5687212347984314,
      0.6730765104293823,
      0.7305393218994141,
      0.5220373868942261,
      0.6811476945877075,
      0.7520841360092163,
      0.6104997396469116,
      0.7817566394805908,
      0.7171159982681274,
      0.7512073516845703,
      0.7033177614212036,
      0.5674105882644653,
      0.3122418224811554,
      0.10381200164556503
    ],
    "mean": 0.611477318033576,
    "min": 0.10381200164556503
  },
  "topic_drift": {
    "per_turn": [
      0.6839370131492615,
      0.7842775583267212,
      0.7908791303634644,
      0.5794292688369751,
      0.5111436247825623,
      0.3292776346206665,
      0.8075065612792969,
      0.5348570346832275,
      0.45116573572158813,
      0.28514158725738525,
      0.5739806890487671,
      0.52362060546875,
      0.47500577569007874,
      0.6366379261016846,
      0.6036032438278198,
      0.6779910922050476,
      0.645849347114563,
      0.565911591053009,
      0.28588026762008667,
      0.6251037120819092,
      0.0035354383289813995
    ],
    "mean": 0.5416540398838974,
    "min": 0.0035354383289813995,
    "drift_slope": -0.013043512839388522
  },
  "sentiment": {
    "per_turn": [
      0.7251,
      0.5416,
      0.2657,
      -0.4588,
      0.4005,
      -0.296,
      0.1743,
      0.6878,
      0.897,
      0.6908,
      0.3832,
      0.8407,
      0.7958,
      0.7555,
      0.3389,
      0.3632,
      0.7863,
      -0.6147,
      0.3071,
      -0.4019,
      0.9681
    ],
    "by_speaker": {
      "Lyra": [
        0.7251,
        0.2657,
        0.4005,
        0.1743,
        0.897,
        0.3832,
        0.7958,
        0.3389,
        0.7863,
        0.3071,
        0.9681
      ],
      "Cipher": [
        0.5416,
        -0.4588,
        -0.296,
        0.6878,
        0.6908,
        0.8407,
        0.7555,
        0.3632,
        -0.6147,
        -0.4019
      ]
    },
    "mean": 0.3881047619047619,
    "slope": -0.000521818181818183,
    "volatility": 0.4610537500698967
  },
  "diversity": {
    "by_speaker": {
      "Lyra": {
        "semantic_diversity": 0.5678375363349915,
        "ttr": 0.39650872817955113
      },
      "Cipher": {
        "semantic_diversity": 0.546125054359436,
        "ttr": 0.42641509433962266
      }
    },
    "global_ttr": 0.3303303303303303
  }
}