{
  "condition_id": "modiso__gpt-oss-20b__t03__r01",
  "topic": "The resources spent on space exploration would produce greater good if redirected to Earth's problems",
  "turn_count": 21,
  "persona": {
    "by_speaker": {
      "Lyra": {
        "mean": 0.5421073391162159,
        "per_turn": [
          0.5736813236059943,
          0.4630363124312804,
          0.545285669531189,
          0.5017312224904261,
          0.5649732557024494,
          0.5377968699507746,
          0.5482515435210578,
          0.5352823963439115,
          0.5005289081273802,
          0.5089805120062936,
          0.6836327165676186
        ]
      },
      "Cipher": {
        "mean": 0.6946813676764969,
        "per_turn": [
          0.7140127814368719,
          0.7202209438164726,
          0.7395461987793539,
          0.7146195076721003,
          0.4909373576485251,
          0.7132994882352413,
          0.46024098657965873,
          0.7569791910404639,
          0.7959931056680815,
          0.8409641158882002
        ]
      }
    },
    "discrimination": {
      "Lyra": {
        "own_mean": 0.5421,
        "cross_mean": 0.4579,
        "gap": 0.0842
      },
      "Cipher": {
        "own_mean": 0.6947,
        "cross_mean": 0.3053,
        "gap": 0.3894
      }
    }
  },
  "coherence": {
    "per_turn": [
      null,
      0.3230980336666107,
      0.6088861227035522,
      0.6233041286468506,
      0.6502823829650879,
      0.5339705944061279,
      0.7014960050582886,
      0.5896973609924316,
      0.491370290517807,
      0.2635032832622528,
      0.5416223406791687,
      0.5507783889770508,
      0.7636671662330627,
      0.5357117652893066,
      0.5495678186416626,
      0.4733021855354309,
      0.5911668539047241,
      0.5597118735313416,
      0.5938190221786499,
      0.49137046933174133,
      -0.002469666302204132
    ],
    "mean": 0.5216928210109473,
    "min": -0.002469666302204132
  },
  "topic_drift": {
    "per_turn": [
      0.494903028011322,
      0.6145430207252502,
      0.5079458951950073,
      0.4952860474586487,
      0.45497462153434753,
      0.5113734006881714,
      0.49164965748786926,
      0.4101722240447998,
      0.32982736825942993,
      0.32501325011253357,
      0.4976334273815155,
      0.46834295988082886,
      0.5694025754928589,
      0.45428982377052307,
      0.5450156927108765,
      0.2683837413787842,
      0.31517842411994934,
      0.270546019077301,
      0.4139498174190521,
      0.15862298011779785,
      0.12793302536010742
    ],
    "mean": 0.41547557143937974,
    "min": 0.12793302536010742,
    "drift_slope": -0.014524100817643208
  },
  "sentiment": {
    "per_turn": [
      0.4019,
      0.6808,
      -0.0772,
      0.8519,
      0.4019,
      0.4295,
      0.8074,
      0.3211,
      0.8225,
      0.7269,
      0.2975,
      0.4149,
      -0.0516,
      -0.1531,
      0.9709,
      0.8793,
      -0.5574,
      -0.3474,
      0.3182,
      0.0516,
      0.8807
    ],
    "by_speaker": {
      "Lyra": [
        0.4019,
        -0.0772,
        0.4019,
        0.8074,
        0.8225,
        0.2975,
        -0.0516,
        0.9709,
        -0.5574,
        0.3182,
        0.8807
      ],
      "Cipher": [
        0.6808,
        0.8519,
        0.4295,
        0.3211,
        0.7269,
        0.4149,
        -0.1531,
        0.8793,
        -0.3474,
        0.0516
      ]
    },
    "mean": 0.3842999999999999,
    "slope": -0.016158831168831166,
    "volatility": 0.42954386881678946
  },
  "diversity": {
    "by_speaker": {
      "Lyra": {
        "semantic_diversity": 0.6434789896011353,
        "ttr": 0.5496894409937888
      },
      "Cipher": {
        "semantic_diversity": 0.6622987389564514,
        "ttr": 0.48956356736242884
      }
    },
    "global_ttr": 0.4252775405636208
  }
}