{
  "condition_id": "modiso__llama4-scout__t05__r03",
  "topic": "Genetic editing to prevent hereditary diseases in human embryos should be legally permitted",
  "turn_count": 21,
  "persona": {
    "by_speaker": {
      "Lyra": {
        "mean": 0.5052749425727778,
        "per_turn": [
          0.4062678852923667,
          0.7973221229482164,
          0.4755097449814309,
          0.592560025922521,
          0.4914886338034352,
          0.5031742341216181,
          0.5261668386779023,
          0.4749577588360049,
          0.4998534088757133,
          0.27338351310425496,
          0.5173402017370918
        ]
      },
      "Cipher": {
        "mean": 0.6325196772800338,
        "per_turn": [
          0.7665370178446679,
          0.8342131899010257,
          0.84193871212022,
          0.5268717874444515,
          0.7342180459860814,
          0.5245707339720576,
          0.5327474086577619,
          0.5429140081985736,
          0.4825017951312922,
          0.5386840735442058
        ]
      }
    },
    "discrimination": {
      "Lyra": {
        "own_mean": 0.5053,
        "cross_mean": 0.4947,
        "gap": 0.0105
      },
      "Cipher": {
        "own_mean": 0.6325,
        "cross_mean": 0.3675,
        "gap": 0.265
      }
    }
  },
  "coherence": {
    "per_turn": [
      null,
      0.7108373641967773,
      0.6057367324829102,
      0.6932972073554993,
      0.35654255747795105,
      0.6630581021308899,
      0.48478490114212036,
      0.2289944887161255,
      0.6544913649559021,
      0.4271639585494995,
      0.5058141350746155,
      0.3704860806465149,
      0.6081681251525879,
      0.5040202140808105,
      0.5420304536819458,
      0.46791529655456543,
      0.36372876167297363,
      0.4612225294113159,
      0.49041450023651123,
      0.670481264591217,
      0.6379590034484863
    ],
    "mean": 0.522357352077961,
    "min": 0.2289944887161255
  },
  "topic_drift": {
    "per_turn": [
      0.9366416931152344,
      0.6988589763641357,
      0.56352698802948,
      0.7655963897705078,
      0.36917078495025635,
      0.44033974409103394,
      0.23813873529434204,
      0.5679028034210205,
      0.43304699659347534,
      0.16210314631462097,
      0.6229676604270935,
      0.13104458153247833,
      0.17039525508880615,
      0.10413321852684021,
      0.5383085012435913,
      0.2505449056625366,
      0.49438562989234924,
      0.1409095823764801,
      0.523073673248291,
      0.6093266010284424,
      0.6286396980285645
    ],
    "mean": 0.4470978840475991,
    "min": 0.10413321852684021,
    "drift_slope": -0.012372626441639743
  },
  "sentiment": {
    "per_turn": [
      -0.5719,
      -0.0644,
      0.3109,
      -0.9253,
      0.34,
      -0.0258,
      0.5499,
      0.5305,
      0.8422,
      -0.0258,
      0.765,
      -0.6934,
      0.9246,
      0.8807,
      0.8999,
      -0.7351,
      0.743,
      -0.5267,
      0.9531,
      0.8585,
      0.7184
    ],
    "by_speaker": {
      "Lyra": [
        -0.5719,
        0.3109,
        0.34,
        0.5499,
        0.8422,
        0.765,
        0.9246,
        0.8999,
        0.743,
        0.9531,
        0.7184
      ],
      "Cipher": [
        -0.0644,
        -0.9253,
        -0.0258,
        0.5305,
        -0.0258,
        -0.6934,
        0.8807,
        -0.7351,
        -0.5267,
        0.8585
      ]
    },
    "mean": 0.27372857142857143,
    "slope": 0.038904155844155845,
    "volatility": 0.6232921367666225
  },
  "diversity": {
    "by_speaker": {
      "Lyra": {
        "semantic_diversity": 0.5417057275772095,
        "ttr": 0.4945904173106646
      },
      "Cipher": {
        "semantic_diversity": 0.6674418449401855,
        "ttr": 0.5145631067961165
      }
    },
    "global_ttr": 0.4079173838209983
  }
}