{
  "condition_id": "modiso__llama4-scout__t01__r03",
  "topic": "Social media has done more harm than good to mental health and democracy",
  "turn_count": 21,
  "persona": {
    "by_speaker": {
      "Lyra": {
        "mean": 0.6007895887834592,
        "per_turn": [
          0.6064892247994272,
          0.3072694410454352,
          0.5655292119494224,
          0.5262328206655008,
          0.8148220534255395,
          0.5215231667007998,
          0.8029796976887102,
          0.5259769860318226,
          0.7829416233397155,
          0.5102534453717306,
          0.6446678055999473
        ]
      },
      "Cipher": {
        "mean": 0.5872012367228128,
        "per_turn": [
          0.7160604317183684,
          0.7085039662444308,
          0.6370577957230579,
          0.47087903291361943,
          0.4650016926271731,
          0.7192257493447783,
          0.46162464222222066,
          0.7403018435766505,
          0.47053075238859404,
          0.4828264604692347
        ]
      }
    },
    "discrimination": {
      "Lyra": {
        "own_mean": 0.6008,
        "cross_mean": 0.3992,
        "gap": 0.2016
      },
      "Cipher": {
        "own_mean": 0.5872,
        "cross_mean": 0.4128,
        "gap": 0.1744
      }
    }
  },
  "coherence": {
    "per_turn": [
      null,
      0.7082562446594238,
      0.673872709274292,
      0.7209045886993408,
      0.3860364556312561,
      0.49078214168548584,
      0.4080181121826172,
      0.6270549893379211,
      0.30484020709991455,
      0.5670492053031921,
      0.511548638343811,
      0.748706042766571,
      0.6326042413711548,
      0.5912068486213684,
      0.6326272487640381,
      0.6925705671310425,
      0.5492284893989563,
      0.5890830755233765,
      0.490459680557251,
      0.18975839018821716,
      0.13334134221076965
    ],
    "mean": 0.5323974609375,
    "min": 0.13334134221076965
  },
  "topic_drift": {
    "per_turn": [
      0.7997387647628784,
      0.7500128149986267,
      0.4947390556335449,
      0.27279549837112427,
      0.47335612773895264,
      0.21217025816440582,
      0.25464391708374023,
      0.2771073579788208,
      0.2811928391456604,
      0.28616195917129517,
      0.5032308101654053,
      0.4431461691856384,
      0.5090360045433044,
      0.2528575658798218,
      0.3740767240524292,
      0.32676777243614197,
      0.4111447036266327,
      0.36115869879722595,
      0.2768133878707886,
      0.12086550891399384,
      0.40856701135635376
    ],
    "mean": 0.38521823570841834,
    "min": 0.12086550891399384,
    "drift_slope": -0.012313681569966414
  },
  "sentiment": {
    "per_turn": [
      -0.7923,
      -0.5657,
      0.9509,
      0.8838,
      0.7514,
      0.486,
      0.9679,
      0.9012,
      0.8934,
      0.9549,
      0.9161,
      0.8625,
      0.9358,
      0.7717,
      0.952,
      0.875,
      0.8583,
      0.128,
      0.891,
      0.34,
      0.9259
    ],
    "by_speaker": {
      "Lyra": [
        -0.7923,
        0.9509,
        0.7514,
        0.9679,
        0.8934,
        0.9161,
        0.9358,
        0.952,
        0.8583,
        0.891,
        0.9259
      ],
      "Cipher": [
        -0.5657,
        0.8838,
        0.486,
        0.9012,
        0.9549,
        0.8625,
        0.7717,
        0.875,
        0.128,
        0.34
      ]
    },
    "mean": 0.6613238095238095,
    "slope": 0.02816909090909092,
    "volatility": 0.48573338258443405
  },
  "diversity": {
    "by_speaker": {
      "Lyra": {
        "semantic_diversity": 0.5666548013687134,
        "ttr": 0.4684065934065934
      },
      "Cipher": {
        "semantic_diversity": 0.6911453604698181,
        "ttr": 0.4845890410958904
      }
    },
    "global_ttr": 0.3666158536585366
  }
}