{
  "condition_id": "modiso__qwen-32b__t03__r03",
  "topic": "The resources spent on space exploration would produce greater good if redirected to Earth's problems",
  "turn_count": 21,
  "persona": {
    "by_speaker": {
      "Lyra": {
        "mean": 0.5731370985233402,
        "per_turn": [
          0.6138593630443907,
          0.5038694578613399,
          0.4992545018881978,
          0.5300082787444909,
          0.5568677258979307,
          0.5438641900752486,
          0.5431597148766405,
          0.7716930358002245,
          0.5766988990281631,
          0.534551380539237,
          0.6306815360008776
        ]
      },
      "Cipher": {
        "mean": 0.601646916200097,
        "per_turn": [
          0.721895033975874,
          0.715137968861679,
          0.7164370502426196,
          0.4727983814167279,
          0.44018138733214857,
          0.5048386827672089,
          0.7271340049000717,
          0.7546620123085467,
          0.4775601196158282,
          0.485824520580266
        ]
      }
    },
    "discrimination": {
      "Lyra": {
        "own_mean": 0.5731,
        "cross_mean": 0.4269,
        "gap": 0.1463
      },
      "Cipher": {
        "own_mean": 0.6016,
        "cross_mean": 0.3984,
        "gap": 0.2033
      }
    }
  },
  "coherence": {
    "per_turn": [
      null,
      0.43908554315567017,
      0.721025824546814,
      0.5258882641792297,
      0.44818684458732605,
      0.4868079125881195,
      0.4502556324005127,
      0.4557661712169647,
      0.5244711637496948,
      0.6274809837341309,
      0.530778169631958,
      0.29457181692123413,
      0.6984612345695496,
      0.6042394042015076,
      0.4918363690376282,
      0.7263658046722412,
      0.3907776474952698,
      0.4752897322177887,
      0.3827073276042938,
      0.44512733817100525,
      0.20117512345314026
    ],
    "mean": 0.49601491540670395,
    "min": 0.20117512345314026
  },
  "topic_drift": {
    "per_turn": [
      0.5252068042755127,
      0.5213720798492432,
      0.3556394577026367,
      0.6158311367034912,
      0.3112078309059143,
      0.5223045945167542,
      0.41723382472991943,
      0.48198479413986206,
      0.4774884581565857,
      0.4988921284675598,
      0.31170904636383057,
      0.22132600843906403,
      0.27765750885009766,
      0.39079150557518005,
      0.3928952217102051,
      0.3297639787197113,
      0.38889268040657043,
      0.2650561034679413,
      0.1302882879972458,
      0.2896856665611267,
      0.07475189864635468
    ],
    "mean": 0.3714275721992765,
    "min": 0.07475189864635468,
    "drift_slope": -0.01609443849944449
  },
  "sentiment": {
    "per_turn": [
      -0.2023,
      -0.5267,
      0.0,
      0.705,
      -0.3736,
      0.1974,
      -0.5734,
      -0.8176,
      0.0,
      -0.0772,
      0.8047,
      -0.5267,
      0.9022,
      -0.2714,
      0.3612,
      -0.2256,
      -0.7918,
      -0.5574,
      0.8402,
      -0.2732,
      0.9464
    ],
    "by_speaker": {
      "Lyra": [
        -0.2023,
        0.0,
        -0.3736,
        -0.5734,
        0.0,
        0.8047,
        0.9022,
        0.3612,
        -0.7918,
        0.8402,
        0.9464
      ],
      "Cipher": [
        -0.5267,
        0.705,
        0.1974,
        -0.8176,
        -0.0772,
        -0.5267,
        -0.2714,
        -0.2256,
        -0.5574,
        -0.2732
      ]
    },
    "mean": -0.0218952380952381,
    "slope": 0.017871428571428566,
    "volatility": 0.5603946079719102
  },
  "diversity": {
    "by_speaker": {
      "Lyra": {
        "semantic_diversity": 0.6676617860794067,
        "ttr": 0.49074074074074076
      },
      "Cipher": {
        "semantic_diversity": 0.5758259892463684,
        "ttr": 0.44220183486238535
      }
    },
    "global_ttr": 0.36589861751152075
  }
}