{
  "condition_id": "modiso__gpt-oss-120b__t07__r02",
  "topic": "Meaningful climate action and sustained economic growth are fundamentally incompatible",
  "turn_count": 21,
  "persona": {
    "by_speaker": {
      "Lyra": {
        "mean": 0.4991309503071845,
        "per_turn": [
          0.5331052890934398,
          0.5346809217158597,
          0.4889554515336736,
          0.4238986971496272,
          0.5334778473086761,
          0.4510993264689316,
          0.47100431691994027,
          0.5232645755866723,
          0.4989020092521155,
          0.43480472430745465,
          0.597247294042639
        ]
      },
      "Cipher": {
        "mean": 0.7568925269543836,
        "per_turn": [
          0.7424337441031092,
          0.8031904661506103,
          0.806053371262718,
          0.7788755011805906,
          0.5378594742615243,
          0.7369383510507219,
          0.8074762894500108,
          0.7535932350189423,
          0.7735584419270188,
          0.8289463951385896
        ]
      }
    },
    "discrimination": {
      "Lyra": {
        "own_mean": 0.4991,
        "cross_mean": 0.5009,
        "gap": -0.0017
      },
      "Cipher": {
        "own_mean": 0.7569,
        "cross_mean": 0.2431,
        "gap": 0.5138
      }
    }
  },
  "coherence": {
    "per_turn": [
      null,
      0.47676485776901245,
      0.7691475749015808,
      0.3829384446144104,
      0.5864317417144775,
      0.6723460555076599,
      0.4976693391799927,
      0.5964007377624512,
      0.4457454979419708,
      0.5630128979682922,
      0.4582279622554779,
      0.5866590738296509,
      0.44430091977119446,
      0.554334819316864,
      0.3904312551021576,
      0.7426035404205322,
      0.5960016250610352,
      0.5606111288070679,
      0.5025935173034668,
      0.7569094896316528,
      0.015467295423150063
    ],
    "mean": 0.5299298887141048,
    "min": 0.015467295423150063
  },
  "topic_drift": {
    "per_turn": [
      0.6433882713317871,
      0.6092467308044434,
      0.4704644978046417,
      0.43270039558410645,
      0.4455593526363373,
      0.42413294315338135,
      0.17828218638896942,
      0.26800253987312317,
      0.5772159099578857,
      0.40054214000701904,
      0.1440093219280243,
      0.08990684151649475,
      0.10869478434324265,
      0.3293081223964691,
      0.39406198263168335,
      0.43078237771987915,
      0.4765576124191284,
      0.28887295722961426,
      0.3204357922077179,
      0.2912181615829468,
      0.0515919104218483
    ],
    "mean": 0.35118927771136876,
    "min": 0.0515919104218483,
    "drift_slope": -0.014244996533765415
  },
  "sentiment": {
    "per_turn": [
      0.5106,
      -0.0387,
      0.2144,
      0.4526,
      0.1531,
      -0.7096,
      0.25,
      0.2292,
      0.8481,
      -0.6423,
      0.7591,
      0.9214,
      0.5859,
      0.9224,
      0.9325,
      0.9505,
      0.7615,
      0.9136,
      0.836,
      0.4608,
      0.9136
    ],
    "by_speaker": {
      "Lyra": [
        0.5106,
        0.2144,
        0.1531,
        0.25,
        0.8481,
        0.7591,
        0.5859,
        0.9325,
        0.7615,
        0.836,
        0.9136
      ],
      "Cipher": [
        -0.0387,
        0.4526,
        -0.7096,
        0.2292,
        -0.6423,
        0.9214,
        0.9224,
        0.9505,
        0.9136,
        0.4608
      ]
    },
    "mean": 0.4868904761904763,
    "slope": 0.0448377922077922,
    "volatility": 0.48113482310526545
  },
  "diversity": {
    "by_speaker": {
      "Lyra": {
        "semantic_diversity": 0.6403210759162903,
        "ttr": 0.5483333333333333
      },
      "Cipher": {
        "semantic_diversity": 0.6371925473213196,
        "ttr": 0.5150943396226415
      }
    },
    "global_ttr": 0.4265486725663717
  }
}