{
  "condition_id": "modiso__gpt-oss-120b__t07__r01",
  "topic": "Meaningful climate action and sustained economic growth are fundamentally incompatible",
  "turn_count": 21,
  "persona": {
    "by_speaker": {
      "Lyra": {
        "mean": 0.584922452903372,
        "per_turn": [
          0.5225529955700529,
          0.5189526074539645,
          0.4895085472599857,
          0.7776479009374117,
          0.49519557285405386,
          0.5027875842334335,
          0.7543393440744242,
          0.48772004390274337,
          0.486905569145279,
          0.47481110772035673,
          0.9237257087853863
        ]
      },
      "Cipher": {
        "mean": 0.5954865625574481,
        "per_turn": [
          0.5181217216003329,
          0.7683990849757727,
          0.5349364343493377,
          0.7940982133722182,
          0.7611146317587375,
          0.5799226069920433,
          0.5176468757318069,
          0.46408927630556107,
          0.5041933175615949,
          0.5123434629270756
        ]
      }
    },
    "discrimination": {
      "Lyra": {
        "own_mean": 0.5849,
        "cross_mean": 0.4151,
        "gap": 0.1698
      },
      "Cipher": {
        "own_mean": 0.5955,
        "cross_mean": 0.4045,
        "gap": 0.191
      }
    }
  },
  "coherence": {
    "per_turn": [
      null,
      0.4418843984603882,
      0.5650444030761719,
      0.5895843505859375,
      0.4690512716770172,
      0.3832598924636841,
      0.5056148767471313,
      0.5376124382019043,
      0.4576672911643982,
      0.5403349995613098,
      0.3901169002056122,
      0.46468132734298706,
      0.48073989152908325,
      0.4000502824783325,
      0.5255357623100281,
      0.5556055307388306,
      0.5236968994140625,
      0.7077791690826416,
      0.7507792711257935,
      0.5698968172073364,
      -0.06060454994440079
    ],
    "mean": 0.48991656117141247,
    "min": -0.06060454994440079
  },
  "topic_drift": {
    "per_turn": [
      0.7841991186141968,
      0.4305218756198883,
      0.6978282928466797,
      0.46296703815460205,
      0.2574682831764221,
      0.4319419860839844,
      0.37011855840682983,
      0.3455057144165039,
      0.4187105894088745,
      0.21368169784545898,
      0.46325308084487915,
      0.34143224358558655,
      0.33703741431236267,
      0.46428218483924866,
      0.4292670488357544,
      0.4510267972946167,
      0.3150599002838135,
      0.40998774766921997,
      0.3158907890319824,
      0.25368380546569824,
      -0.03224782645702362
    ],
    "mean": 0.38864839715617044,
    "min": -0.03224782645702362,
    "drift_slope": -0.015823462102320295
  },
  "sentiment": {
    "per_turn": [
      0.7845,
      0.953,
      0.7783,
      0.8788,
      0.6508,
      0.8131,
      0.7405,
      0.9403,
      0.765,
      0.5719,
      0.6808,
      0.9052,
      0.6249,
      -0.3291,
      0.6369,
      0.604,
      0.4019,
      -0.7227,
      0.7351,
      -0.6369,
      0.8934
    ],
    "by_speaker": {
      "Lyra": [
        0.7845,
        0.7783,
        0.6508,
        0.7405,
        0.765,
        0.6808,
        0.6249,
        0.6369,
        0.4019,
        0.7351,
        0.8934
      ],
      "Cipher": [
        0.953,
        0.8788,
        0.8131,
        0.9403,
        0.5719,
        0.9052,
        -0.3291,
        0.604,
        -0.7227,
        -0.6369
      ]
    },
    "mean": 0.5556999999999999,
    "slope": -0.04088909090909092,
    "volatility": 0.47940661139331303
  },
  "diversity": {
    "by_speaker": {
      "Lyra": {
        "semantic_diversity": 0.6728790998458862,
        "ttr": 0.5843478260869566
      },
      "Cipher": {
        "semantic_diversity": 0.6179762482643127,
        "ttr": 0.5018867924528302
      }
    },
    "global_ttr": 0.45248868778280543
  }
}