{
  "condition_id": "modiso__llama-70b__t02__r03",
  "topic": "Universal basic income would reduce workforce participation and innovation over time",
  "turn_count": 21,
  "persona": {
    "by_speaker": {
      "Lyra": {
        "mean": 0.6023476047529948,
        "per_turn": [
          0.7948828507058967,
          0.4907303353385353,
          0.7223785200436056,
          0.2821676685870449,
          0.7432692375792826,
          0.7501446416450079,
          0.5014544278501054,
          0.5010801884299045,
          0.5360151359987737,
          0.7636077672400428,
          0.5400928788647429
        ]
      },
      "Cipher": {
        "mean": 0.6542698232688982,
        "per_turn": [
          0.749214715375516,
          0.7670630750107391,
          0.7247842237116331,
          0.7878411808597131,
          0.7894816446645816,
          0.522749865899308,
          0.48992039534996856,
          0.5091192069593775,
          0.7237693848812268,
          0.4787545399769179
        ]
      }
    },
    "discrimination": {
      "Lyra": {
        "own_mean": 0.6023,
        "cross_mean": 0.3977,
        "gap": 0.2047
      },
      "Cipher": {
        "own_mean": 0.6543,
        "cross_mean": 0.3457,
        "gap": 0.3085
      }
    }
  },
  "coherence": {
    "per_turn": [
      null,
      0.31326544284820557,
      0.47970426082611084,
      0.44183868169784546,
      0.39385899901390076,
      0.6146997213363647,
      0.6185402870178223,
      0.5575913190841675,
      0.6615419983863831,
      0.6210750937461853,
      0.7482730150222778,
      0.5994530916213989,
      0.8702484369277954,
      0.6744551658630371,
      0.5509010553359985,
      0.6187136173248291,
      0.6364536285400391,
      0.4789019227027893,
      0.40815138816833496,
      0.6927165389060974,
      0.18728601932525635
    ],
    "mean": 0.5583834841847419,
    "min": 0.18728601932525635
  },
  "topic_drift": {
    "per_turn": [
      0.6718202829360962,
      0.3570685386657715,
      0.6357899904251099,
      0.38675299286842346,
      0.6166172027587891,
      0.3386204242706299,
      0.32691490650177,
      0.36486920714378357,
      0.4532538652420044,
      0.3635947108268738,
      0.3180733919143677,
      0.544985294342041,
      0.5019998550415039,
      0.4056175947189331,
      0.28434133529663086,
      0.4023130536079407,
      0.4097973704338074,
      0.15958340466022491,
      0.4393905997276306,
      0.2845054268836975,
      0.5087652802467346
    ],
    "mean": 0.417841653738703,
    "min": 0.15958340466022491,
    "drift_slope": -0.007969639847030897
  },
  "sentiment": {
    "per_turn": [
      0.7635,
      -0.1621,
      0.9157,
      0.8289,
      0.5157,
      0.8939,
      0.8264,
      0.3506,
      0.9632,
      -0.7427,
      0.6908,
      0.7391,
      0.7501,
      0.7425,
      0.8184,
      0.9125,
      0.8898,
      0.8173,
      0.8954,
      0.1967,
      0.9487
    ],
    "by_speaker": {
      "Lyra": [
        0.7635,
        0.9157,
        0.5157,
        0.8264,
        0.9632,
        0.6908,
        0.7501,
        0.8184,
        0.8898,
        0.8954,
        0.9487
      ],
      "Cipher": [
        -0.1621,
        0.8289,
        0.8939,
        0.3506,
        -0.7427,
        0.7391,
        0.7425,
        0.9125,
        0.8173,
        0.1967
      ]
    },
    "mean": 0.645447619047619,
    "slope": 0.012174675324675328,
    "volatility": 0.4126802805113209
  },
  "diversity": {
    "by_speaker": {
      "Lyra": {
        "semantic_diversity": 0.5534363985061646,
        "ttr": 0.3877805486284289
      },
      "Cipher": {
        "semantic_diversity": 0.6009321808815002,
        "ttr": 0.45663716814159294
      }
    },
    "global_ttr": 0.32991953182150696
  }
}