{
  "condition_id": "modiso__llama4-scout__t05__r02",
  "topic": "Genetic editing to prevent hereditary diseases in human embryos should be legally permitted",
  "turn_count": 21,
  "persona": {
    "by_speaker": {
      "Lyra": {
        "mean": 0.5180814211341404,
        "per_turn": [
          0.4706056328431306,
          0.7475662188434471,
          0.2942394295291567,
          0.5458414224826189,
          0.7765820256162449,
          0.4769726072716302,
          0.2528586474193159,
          0.5452037866650019,
          0.5400146541243669,
          0.5419169236368884,
          0.5070942840437429
        ]
      },
      "Cipher": {
        "mean": 0.5626522656862133,
        "per_turn": [
          0.7747612010258619,
          0.7644153471714323,
          0.4653783765167374,
          0.4781020733768421,
          0.533386040052013,
          0.7578739913256365,
          0.48447464979647203,
          0.487720360572683,
          0.4302117674510279,
          0.45019884957342743
        ]
      }
    },
    "discrimination": {
      "Lyra": {
        "own_mean": 0.5181,
        "cross_mean": 0.4819,
        "gap": 0.0362
      },
      "Cipher": {
        "own_mean": 0.5627,
        "cross_mean": 0.4373,
        "gap": 0.1253
      }
    }
  },
  "coherence": {
    "per_turn": [
      null,
      0.6639556884765625,
      0.7853413820266724,
      0.7092123627662659,
      0.6116779446601868,
      0.611428439617157,
      0.720450758934021,
      0.6916444301605225,
      0.5760807991027832,
      0.6187586188316345,
      0.6595189571380615,
      0.5682396292686462,
      0.3626450300216675,
      0.24458248913288116,
      0.572907567024231,
      0.6342391967773438,
      0.48316484689712524,
      0.5027232766151428,
      0.8217769861221313,
      0.5583135485649109,
      0.6435969471931458
    ],
    "mean": 0.6020129449665547,
    "min": 0.24458248913288116
  },
  "topic_drift": {
    "per_turn": [
      0.8423928618431091,
      0.6261609196662903,
      0.7341830730438232,
      0.5642045736312866,
      0.5294404029846191,
      0.4731982946395874,
      0.3361111283302307,
      0.2934785485267639,
      0.624578595161438,
      0.4338425397872925,
      0.6066663861274719,
      0.1282726228237152,
      0.5732704997062683,
      0.02929673343896866,
      0.03676197677850723,
      0.2197399139404297,
      0.6031080484390259,
      0.1187727153301239,
      0.14941191673278809,
      0.5445098876953125,
      0.5852645635604858
    ],
    "mean": 0.43107934296131134,
    "min": 0.02929673343896866,
    "drift_slope": -0.018604868466590915
  },
  "sentiment": {
    "per_turn": [
      0.3818,
      0.6489,
      0.4728,
      -0.1536,
      0.6003,
      -0.2755,
      0.7346,
      0.6858,
      0.931,
      0.5859,
      0.9753,
      0.8049,
      -0.0613,
      0.1154,
      0.5943,
      -0.0516,
      0.7137,
      0.6187,
      0.6088,
      -0.6283,
      0.9217
    ],
    "by_speaker": {
      "Lyra": [
        0.3818,
        0.4728,
        0.6003,
        0.7346,
        0.931,
        0.9753,
        -0.0613,
        0.5943,
        0.7137,
        0.6088,
        0.9217
      ],
      "Cipher": [
        0.6489,
        -0.1536,
        -0.2755,
        0.6858,
        0.5859,
        0.8049,
        0.1154,
        -0.0516,
        0.6187,
        -0.6283
      ]
    },
    "mean": 0.4392190476190477,
    "slope": -0.0023893506493506567,
    "volatility": 0.4308432480602347
  },
  "diversity": {
    "by_speaker": {
      "Lyra": {
        "semantic_diversity": 0.4733297824859619,
        "ttr": 0.4051490514905149
      },
      "Cipher": {
        "semantic_diversity": 0.651429295539856,
        "ttr": 0.4963898916967509
      }
    },
    "global_ttr": 0.3591331269349845
  }
}