{
  "condition_id": "modiso__gpt-oss-120b__t04__r03",
  "topic": "Strong government regulation of AI development will cause more harm than good",
  "turn_count": 21,
  "persona": {
    "by_speaker": {
      "Lyra": {
        "mean": 0.4768982113846295,
        "per_turn": [
          0.45293235545083665,
          0.47631568546490943,
          0.5083137419860981,
          0.4909081856801925,
          0.5587142541901555,
          0.39697142176300226,
          0.5217018452316939,
          0.26607845698810156,
          0.4941655218045289,
          0.46816757112974705,
          0.6116112855416584
        ]
      },
      "Cipher": {
        "mean": 0.5395752253317433,
        "per_turn": [
          0.5635312362776834,
          0.5544689653239451,
          0.5333269040971689,
          0.527237242135099,
          0.5206094779401177,
          0.5878508605877658,
          0.5258805248166498,
          0.5276584736059879,
          0.5713505349916341,
          0.4838380335413812
        ]
      }
    },
    "discrimination": {
      "Lyra": {
        "own_mean": 0.4769,
        "cross_mean": 0.5231,
        "gap": -0.0462
      },
      "Cipher": {
        "own_mean": 0.5396,
        "cross_mean": 0.4604,
        "gap": 0.0792
      }
    }
  },
  "coherence": {
    "per_turn": [
      null,
      0.7175295948982239,
      0.4983595609664917,
      0.5710804462432861,
      0.5430884957313538,
      0.4075213670730591,
      0.27264153957366943,
      0.3939027786254883,
      0.4970265030860901,
      0.41473865509033203,
      0.6216192245483398,
      0.45055288076400757,
      0.4908679127693176,
      0.45347344875335693,
      0.6524478793144226,
      0.7084125280380249,
      0.5904572010040283,
      0.44542428851127625,
      0.5692875385284424,
      0.6987963914871216,
      0.031024664640426636
    ],
    "mean": 0.501412644982338,
    "min": 0.031024664640426636
  },
  "topic_drift": {
    "per_turn": [
      0.8807199001312256,
      0.7594105005264282,
      0.5096715688705444,
      0.5751649737358093,
      0.5095508098602295,
      0.1980971097946167,
      0.2700592875480652,
      0.41190671920776367,
      0.18631607294082642,
      0.21871432662010193,
      0.32621532678604126,
      0.3316217362880707,
      0.18508270382881165,
      0.23161865770816803,
      0.149420827627182,
      0.19104601442813873,
      0.2387051284313202,
      0.4464721083641052,
      0.25336751341819763,
      0.23265153169631958,
      0.0845833271741867
    ],
    "mean": 0.342399816427912,
    "min": 0.0845833271741867,
    "drift_slope": -0.02367115047844974
  },
  "sentiment": {
    "per_turn": [
      0.3961,
      0.1655,
      0.8519,
      0.1406,
      0.743,
      0.49,
      0.25,
      -0.644,
      0.34,
      -0.4019,
      0.7506,
      0.5719,
      0.6802,
      0.9177,
      -0.631,
      -0.5267,
      0.2263,
      0.3919,
      0.836,
      -0.8765,
      0.9081
    ],
    "by_speaker": {
      "Lyra": [
        0.3961,
        0.8519,
        0.743,
        0.25,
        0.34,
        0.7506,
        0.6802,
        -0.631,
        0.2263,
        0.836,
        0.9081
      ],
      "Cipher": [
        0.1655,
        0.1406,
        0.49,
        -0.644,
        -0.4019,
        0.5719,
        0.9177,
        -0.5267,
        0.3919,
        -0.8765
      ]
    },
    "mean": 0.2657,
    "slope": -0.010382467532467524,
    "volatility": 0.5503786618579716
  },
  "diversity": {
    "by_speaker": {
      "Lyra": {
        "semantic_diversity": 0.7068619728088379,
        "ttr": 0.5707620528771384
      },
      "Cipher": {
        "semantic_diversity": 0.7081829309463501,
        "ttr": 0.4816849816849817
      }
    },
    "global_ttr": 0.43650126156433977
  }
}