{
  "condition_id": "modiso__qwen-32b__t00__r01",
  "topic": "AI will eliminate more jobs than it creates within the next decade",
  "turn_count": 21,
  "persona": {
    "by_speaker": {
      "Lyra": {
        "mean": 0.472823205443523,
        "per_turn": [
          0.48837110029247577,
          0.48076576167624163,
          0.4887088658196476,
          0.48719914186632973,
          0.5186540912712564,
          0.47717292233931385,
          0.23419734192024874,
          0.47847779898382925,
          0.4721400355711522,
          0.4820705390966141,
          0.5932976610416445
        ]
      },
      "Cipher": {
        "mean": 0.5401294065303498,
        "per_turn": [
          0.7806050752902343,
          0.5198699435436882,
          0.5205603975639768,
          0.45056639120348085,
          0.5235937632535892,
          0.4824016806852218,
          0.5469747410539771,
          0.5710604816542122,
          0.5221210036819778,
          0.4835405873731393
        ]
      }
    },
    "discrimination": {
      "Lyra": {
        "own_mean": 0.4728,
        "cross_mean": 0.5272,
        "gap": -0.0544
      },
      "Cipher": {
        "own_mean": 0.5401,
        "cross_mean": 0.4599,
        "gap": 0.0803
      }
    }
  },
  "coherence": {
    "per_turn": [
      null,
      0.7686020731925964,
      0.7076888680458069,
      0.6402187347412109,
      0.6786155700683594,
      0.6488481163978577,
      0.8173500895500183,
      0.5074543952941895,
      0.5544769763946533,
      0.4715940058231354,
      0.4736996591091156,
      0.32750141620635986,
      0.4399089813232422,
      0.5856549739837646,
      0.5847541093826294,
      0.5686917304992676,
      0.5671530961990356,
      0.6257404088973999,
      0.49713486433029175,
      0.3628498613834381,
      0.14214041829109192
    ],
    "mean": 0.5485039174556732,
    "min": 0.14214041829109192
  },
  "topic_drift": {
    "per_turn": [
      0.8197347521781921,
      0.8465167284011841,
      0.5997802019119263,
      0.5539121627807617,
      0.5147923827171326,
      0.5190436244010925,
      0.4936298727989197,
      0.2147233784198761,
      0.26395443081855774,
      0.4942188262939453,
      0.40441447496414185,
      0.1426984965801239,
      0.5015825033187866,
      0.35930800437927246,
      0.4076315760612488,
      0.36951571702957153,
      0.48131996393203735,
      0.4435909390449524,
      0.5270926356315613,
      0.20139411091804504,
      0.1977897584438324
    ],
    "mean": 0.44555450195357915,
    "min": 0.1426984965801239,
    "drift_slope": -0.018330233940830498
  },
  "sentiment": {
    "per_turn": [
      0.6597,
      0.6503,
      0.1779,
      0.1779,
      -0.0772,
      -0.0258,
      -0.296,
      -0.6634,
      0.7693,
      -0.3612,
      -0.6858,
      0.0,
      -0.943,
      -0.4295,
      0.8074,
      -0.169,
      0.7418,
      0.5499,
      -0.2732,
      -0.25,
      0.8555
    ],
    "by_speaker": {
      "Lyra": [
        0.6597,
        0.1779,
        -0.0772,
        -0.296,
        0.7693,
        -0.6858,
        -0.943,
        0.8074,
        0.7418,
        -0.2732,
        0.8555
      ],
      "Cipher": [
        0.6503,
        0.1779,
        -0.0258,
        -0.6634,
        -0.3612,
        0.0,
        -0.4295,
        -0.169,
        0.5499,
        -0.25
      ]
    },
    "mean": 0.057885714285714276,
    "slope": -0.0011683116883116835,
    "volatility": 0.5369147527314557
  },
  "diversity": {
    "by_speaker": {
      "Lyra": {
        "semantic_diversity": 0.5207178592681885,
        "ttr": 0.4570957095709571
      },
      "Cipher": {
        "semantic_diversity": 0.6393871903419495,
        "ttr": 0.49730700179533216
      }
    },
    "global_ttr": 0.3826311263972485
  }
}