{
  "condition_id": "modiso__llama4-scout__t06__r01",
  "topic": "Remote work has weakened organisational culture more than it has empowered individuals",
  "turn_count": 21,
  "persona": {
    "by_speaker": {
      "Lyra": {
        "mean": 0.6215636365007803,
        "per_turn": [
          0.5600697424586107,
          0.6584216298418737,
          0.9002532466070119,
          0.8294933627623663,
          0.6019815309708616,
          0.5595682699119726,
          0.5619061386246614,
          0.5730739911241413,
          0.6461612735471396,
          0.3338878302684624,
          0.6123829853914808
        ]
      },
      "Cipher": {
        "mean": 0.5082665403789692,
        "per_turn": [
          0.6177704988026324,
          0.43996709805445333,
          0.39757019659588955,
          0.7105695930813369,
          0.6934311506428288,
          0.381524491751578,
          0.38437874627564594,
          0.4445239924272729,
          0.4011602650204948,
          0.6117693711375591
        ]
      }
    },
    "discrimination": {
      "Lyra": {
        "own_mean": 0.6216,
        "cross_mean": 0.3784,
        "gap": 0.2431
      },
      "Cipher": {
        "own_mean": 0.5083,
        "cross_mean": 0.4917,
        "gap": 0.0165
      }
    }
  },
  "coherence": {
    "per_turn": [
      null,
      0.5741391777992249,
      0.5069191455841064,
      0.585464596748352,
      0.3842853903770447,
      0.5523526668548584,
      0.6987859010696411,
      0.5772194862365723,
      0.4490785300731659,
      0.5569426417350769,
      0.658706545829773,
      0.7339417338371277,
      0.8320150375366211,
      0.6588940620422363,
      0.7096385955810547,
      0.5188231468200684,
      0.5223034024238586,
      0.5118900537490845,
      0.6790642738342285,
      0.5567203164100647,
      0.11366714537143707
    ],
    "mean": 0.5690425924956799,
    "min": 0.11366714537143707
  },
  "topic_drift": {
    "per_turn": [
      0.8381635546684265,
      0.5689889192581177,
      0.43807169795036316,
      0.7337136268615723,
      0.31671813130378723,
      0.6016014814376831,
      0.5555938482284546,
      0.27134081721305847,
      0.3816903531551361,
      0.6316420435905457,
      0.7616031765937805,
      0.7035380601882935,
      0.7784010171890259,
      0.5659969449043274,
      0.6211280822753906,
      0.28681010007858276,
      0.6439288854598999,
      0.33102378249168396,
      0.6237654685974121,
      0.3460627794265747,
      0.06101158261299133
    ],
    "mean": 0.5267044930231004,
    "min": 0.06101158261299133,
    "drift_slope": -0.011312212262834815
  },
  "sentiment": {
    "per_turn": [
      0.7184,
      0.2144,
      0.802,
      0.9296,
      -0.2144,
      -0.5647,
      0.273,
      0.7624,
      0.25,
      -0.3506,
      0.09,
      -0.6808,
      0.8316,
      0.9144,
      0.8481,
      0.5423,
      -0.5574,
      0.3361,
      0.7579,
      0.3182,
      0.9403
    ],
    "by_speaker": {
      "Lyra": [
        0.7184,
        0.802,
        -0.2144,
        0.273,
        0.25,
        0.09,
        0.8316,
        0.8481,
        -0.5574,
        0.7579,
        0.9403
      ],
      "Cipher": [
        0.2144,
        0.9296,
        -0.5647,
        0.7624,
        -0.3506,
        -0.6808,
        0.9144,
        0.5423,
        0.3361,
        0.3182
      ]
    },
    "mean": 0.3409904761904762,
    "slope": 0.007418571428571427,
    "volatility": 0.5268884953915427
  },
  "diversity": {
    "by_speaker": {
      "Lyra": {
        "semantic_diversity": 0.5290317535400391,
        "ttr": 0.4442793462109955
      },
      "Cipher": {
        "semantic_diversity": 0.5612078309059143,
        "ttr": 0.4431137724550898
      }
    },
    "global_ttr": 0.3577512776831346
  }
}