{
  "condition_id": "modiso__qwen-32b__t00__r03",
  "topic": "AI will eliminate more jobs than it creates within the next decade",
  "turn_count": 21,
  "persona": {
    "by_speaker": {
      "Lyra": {
        "mean": 0.589641833227666,
        "per_turn": [
          0.48524906681567787,
          0.78403870657193,
          0.7315316937603796,
          0.5552025546737264,
          0.7469209580630732,
          0.5160765532533281,
          0.45954147935539824,
          0.541701599319294,
          0.511202187327074,
          0.5573418336586354,
          0.5972535327058088
        ]
      },
      "Cipher": {
        "mean": 0.6181939610278269,
        "per_turn": [
          0.8015581645949352,
          0.8027470513827741,
          0.5106731623937792,
          0.5012464315733096,
          0.5232340936907589,
          0.8124459639150768,
          0.49493435836137306,
          0.7591838432731102,
          0.5151152360828866,
          0.46080130501026495
        ]
      }
    },
    "discrimination": {
      "Lyra": {
        "own_mean": 0.5896,
        "cross_mean": 0.4104,
        "gap": 0.1793
      },
      "Cipher": {
        "own_mean": 0.6182,
        "cross_mean": 0.3818,
        "gap": 0.2364
      }
    }
  },
  "coherence": {
    "per_turn": [
      null,
      0.5635750889778137,
      0.5613120198249817,
      0.4236353039741516,
      0.5510754585266113,
      0.3729347586631775,
      0.5371321439743042,
      0.5395569801330566,
      0.569730818271637,
      0.4695979952812195,
      0.4523887038230896,
      0.4720625877380371,
      0.6534597277641296,
      0.6396052837371826,
      0.450666606426239,
      0.41896140575408936,
      0.6073483228683472,
      0.6646225452423096,
      0.5760869979858398,
      0.7504663467407227,
      0.23218798637390137
    ],
    "mean": 0.5253203541040421,
    "min": 0.23218798637390137
  },
  "topic_drift": {
    "per_turn": [
      0.8255251049995422,
      0.5804159641265869,
      0.332989364862442,
      0.4917827248573303,
      0.4774819612503052,
      0.41701778769493103,
      0.3684130012989044,
      0.30768418312072754,
      0.5905106067657471,
      0.38610178232192993,
      0.4081633687019348,
      0.3584822416305542,
      0.14495840668678284,
      0.2304060161113739,
      0.29546260833740234,
      0.4231920540332794,
      0.6132532358169556,
      0.545545220375061,
      0.3681482672691345,
      0.24497120082378387,
      0.20399563014507294
    ],
    "mean": 0.41021432053475154,
    "min": 0.14495840668678284,
    "drift_slope": -0.011913701253277927
  },
  "sentiment": {
    "per_turn": [
      0.7717,
      -0.4215,
      0.128,
      0.1528,
      0.8519,
      0.836,
      0.7592,
      0.1842,
      0.296,
      0.6187,
      0.51,
      -0.25,
      0.4939,
      0.5628,
      0.2382,
      0.7351,
      0.5475,
      0.8481,
      0.1154,
      0.743,
      0.6904
    ],
    "by_speaker": {
      "Lyra": [
        0.7717,
        0.128,
        0.8519,
        0.7592,
        0.296,
        0.51,
        0.4939,
        0.2382,
        0.5475,
        0.1154,
        0.6904
      ],
      "Cipher": [
        -0.4215,
        0.1528,
        0.836,
        0.1842,
        0.6187,
        -0.25,
        0.5628,
        0.7351,
        0.8481,
        0.743
      ]
    },
    "mean": 0.44816190476190476,
    "slope": 0.01387246753246752,
    "volatility": 0.3546879305425578
  },
  "diversity": {
    "by_speaker": {
      "Lyra": {
        "semantic_diversity": 0.6422856450080872,
        "ttr": 0.444633730834753
      },
      "Cipher": {
        "semantic_diversity": 0.6078169941902161,
        "ttr": 0.4573913043478261
      }
    },
    "global_ttr": 0.35714285714285715
  }
}