{
  "condition_id": "modiso__llama-70b__t05__r02",
  "topic": "Genetic editing to prevent hereditary diseases in human embryos should be legally permitted",
  "turn_count": 21,
  "persona": {
    "by_speaker": {
      "Lyra": {
        "mean": 0.6271513658708794,
        "per_turn": [
          0.79920787097827,
          0.5381427815452111,
          0.7032781165180032,
          0.7193289296160217,
          0.4724893867488606,
          0.7927947361491052,
          0.5284191142358166,
          0.510926125216985,
          0.530147202955652,
          0.7637337418236823,
          0.5401970187920648
        ]
      },
      "Cipher": {
        "mean": 0.6281371501870944,
        "per_turn": [
          0.7269758924054246,
          0.767921345206839,
          0.5073121344279353,
          0.8394452781307099,
          0.49177052080764594,
          0.46232739805575623,
          0.7677101650847664,
          0.7014258872119983,
          0.5099816109660018,
          0.5065012695738669
        ]
      }
    },
    "discrimination": {
      "Lyra": {
        "own_mean": 0.6272,
        "cross_mean": 0.3728,
        "gap": 0.2543
      },
      "Cipher": {
        "own_mean": 0.6281,
        "cross_mean": 0.3719,
        "gap": 0.2563
      }
    }
  },
  "coherence": {
    "per_turn": [
      null,
      0.6733169555664062,
      0.6871463656425476,
      0.4930863380432129,
      0.5368697643280029,
      0.36758992075920105,
      0.8728442192077637,
      0.4418606162071228,
      0.3761173486709595,
      0.6373857855796814,
      0.6069799065589905,
      0.503862738609314,
      0.7808718681335449,
      0.7161755561828613,
      0.6821816563606262,
      0.7872428297996521,
      0.5605261921882629,
      0.6599647998809814,
      0.7439337968826294,
      0.7692383527755737,
      0.6005091071128845
    ],
    "mean": 0.6248852059245109,
    "min": 0.36758992075920105
  },
  "topic_drift": {
    "per_turn": [
      0.7386249899864197,
      0.6361616849899292,
      0.6364831328392029,
      0.1776006817817688,
      0.3067624568939209,
      0.7020881772041321,
      0.6621004343032837,
      0.1900067776441574,
      0.5142534971237183,
      0.41722869873046875,
      0.21791322529315948,
      0.42662036418914795,
      0.563926100730896,
      0.5045794248580933,
      0.385749876499176,
      0.2842344641685486,
      0.6129564046859741,
      0.5246367454528809,
      0.6419793367385864,
      0.5557149648666382,
      0.561415433883667
    ],
    "mean": 0.4886208034697033,
    "min": 0.1776006817817688,
    "drift_slope": -0.00042590423450841514
  },
  "sentiment": {
    "per_turn": [
      0.4728,
      0.4215,
      0.4404,
      -0.5464,
      0.8928,
      -0.2969,
      0.8221,
      0.2732,
      0.9428,
      0.5994,
      0.9637,
      0.3612,
      0.7089,
      0.6705,
      -0.2023,
      0.3703,
      0.8622,
      -0.1154,
      0.3353,
      -0.5267,
      0.8928
    ],
    "by_speaker": {
      "Lyra": [
        0.4728,
        0.4404,
        0.8928,
        0.8221,
        0.9428,
        0.9637,
        0.7089,
        -0.2023,
        0.8622,
        0.3353,
        0.8928
      ],
      "Cipher": [
        0.4215,
        -0.5464,
        -0.2969,
        0.2732,
        0.5994,
        0.3612,
        0.6705,
        0.3703,
        -0.1154,
        -0.5267
      ]
    },
    "mean": 0.39724761904761907,
    "slope": -0.0033985714285714353,
    "volatility": 0.4678545364279754
  },
  "diversity": {
    "by_speaker": {
      "Lyra": {
        "semantic_diversity": 0.4430979788303375,
        "ttr": 0.3835125448028674
      },
      "Cipher": {
        "semantic_diversity": 0.5592515468597412,
        "ttr": 0.4864864864864865
      }
    },
    "global_ttr": 0.34749620637329287
  }
}