{
  "condition_id": "modiso__gpt-oss-20b__t05__r02",
  "topic": "Genetic editing to prevent hereditary diseases in human embryos should be legally permitted",
  "turn_count": 21,
  "persona": {
    "by_speaker": {
      "Lyra": {
        "mean": 0.5023481813647245,
        "per_turn": [
          0.4839320236741491,
          0.7605483644226461,
          0.46528825670612906,
          0.7407111113637862,
          0.4877789545353328,
          0.48392932618071594,
          0.48713741492665397,
          0.4253596098808037,
          0.4426697394125386,
          0.16085999500600126,
          0.5876151989032116
        ]
      },
      "Cipher": {
        "mean": 0.6071024243874539,
        "per_turn": [
          0.5230268399473486,
          0.5098833981574346,
          0.49856659930900604,
          0.7380286689149231,
          0.6426395099072544,
          0.7582871632377455,
          0.505212397852399,
          0.5553861399848232,
          0.5852890541673097,
          0.7547044723962948
        ]
      }
    },
    "discrimination": {
      "Lyra": {
        "own_mean": 0.5023,
        "cross_mean": 0.4977,
        "gap": 0.0047
      },
      "Cipher": {
        "own_mean": 0.6071,
        "cross_mean": 0.3929,
        "gap": 0.2142
      }
    }
  },
  "coherence": {
    "per_turn": [
      null,
      0.7574702501296997,
      0.5567442178726196,
      0.6265915632247925,
      0.653897225856781,
      0.5052760243415833,
      0.4754951298236847,
      0.58769690990448,
      0.5531383156776428,
      0.4888767898082733,
      0.5891945958137512,
      0.642952561378479,
      0.81168532371521,
      0.543615460395813,
      0.5709978342056274,
      0.5664359331130981,
      0.6039817333221436,
      0.35900840163230896,
      0.6577754020690918,
      0.3968219459056854,
      0.168168306350708
    ],
    "mean": 0.5557911962270736,
    "min": 0.168168306350708
  },
  "topic_drift": {
    "per_turn": [
      0.8972352743148804,
      0.6782255172729492,
      0.4662283957004547,
      0.6464647054672241,
      0.5466260313987732,
      0.3940064013004303,
      0.29928404092788696,
      0.43860918283462524,
      0.6094119548797607,
      0.5618371963500977,
      0.6001489162445068,
      0.5399302244186401,
      0.5836939811706543,
      0.3820372223854065,
      0.3226642608642578,
      0.6070712804794312,
      0.28437042236328125,
      0.1041174903512001,
      0.14304736256599426,
      0.19859103858470917,
      0.1038031131029129
    ],
    "mean": 0.4479716196656227,
    "min": 0.1038031131029129,
    "drift_slope": -0.025052802429183733
  },
  "sentiment": {
    "per_turn": [
      0.775,
      0.2579,
      0.7075,
      -0.0864,
      -0.0772,
      0.3941,
      0.3182,
      -0.3678,
      0.8658,
      0.661,
      0.9001,
      0.6956,
      0.4019,
      0.5187,
      0.5106,
      -0.5346,
      -0.802,
      0.0772,
      0.7234,
      0.3806,
      0.9477
    ],
    "by_speaker": {
      "Lyra": [
        0.775,
        0.7075,
        -0.0772,
        0.3182,
        0.8658,
        0.9001,
        0.4019,
        0.5106,
        -0.802,
        0.7234,
        0.9477
      ],
      "Cipher": [
        0.2579,
        -0.0864,
        0.3941,
        -0.3678,
        0.661,
        0.6956,
        0.5187,
        -0.5346,
        0.0772,
        0.3806
      ]
    },
    "mean": 0.34606190476190485,
    "slope": -0.003055454545454547,
    "volatility": 0.47464982327946675
  },
  "diversity": {
    "by_speaker": {
      "Lyra": {
        "semantic_diversity": 0.6051141023635864,
        "ttr": 0.5494011976047904
      },
      "Cipher": {
        "semantic_diversity": 0.5909191966056824,
        "ttr": 0.4982456140350877
      }
    },
    "global_ttr": 0.4273021001615509
  }
}