{
  "condition_id": "modiso__gpt-oss-120b__t02__r02",
  "topic": "Universal basic income would reduce workforce participation and innovation over time",
  "turn_count": 21,
  "persona": {
    "by_speaker": {
      "Lyra": {
        "mean": 0.47774838895220173,
        "per_turn": [
          0.5066030429665653,
          0.27302271831560443,
          0.5238640769900665,
          0.4222564747684862,
          0.4678837012276441,
          0.48406972404397314,
          0.48196860147532405,
          0.44928154299834533,
          0.5385017872157982,
          0.4645863617248394,
          0.6431942467475724
        ]
      },
      "Cipher": {
        "mean": 0.7004388817293624,
        "per_turn": [
          0.7573376087513324,
          0.7825200091993223,
          0.7681726815826657,
          0.8212168954117489,
          0.5322067620657902,
          0.7412482092864137,
          0.7888858818037996,
          0.7334687457506051,
          0.49491227682967875,
          0.5844197466122675
        ]
      }
    },
    "discrimination": {
      "Lyra": {
        "own_mean": 0.4777,
        "cross_mean": 0.5223,
        "gap": -0.0445
      },
      "Cipher": {
        "own_mean": 0.7004,
        "cross_mean": 0.2996,
        "gap": 0.4009
      }
    }
  },
  "coherence": {
    "per_turn": [
      null,
      0.5150438547134399,
      0.42404597997665405,
      0.5453140139579773,
      0.4153028726577759,
      0.4354584515094757,
      0.4961259663105011,
      0.7501698732376099,
      0.7554116249084473,
      0.5096169114112854,
      0.26011037826538086,
      0.5204572677612305,
      0.5127147436141968,
      0.5517422556877136,
      0.6212220191955566,
      0.37287983298301697,
      0.6980506181716919,
      0.6024596691131592,
      0.6741209626197815,
      0.49164628982543945,
      0.07935208827257156
    ],
    "mean": 0.5115622837096453,
    "min": 0.07935208827257156
  },
  "topic_drift": {
    "per_turn": [
      0.7211641073226929,
      0.5236365795135498,
      0.31618350744247437,
      0.44447147846221924,
      0.3240348696708679,
      0.33207762241363525,
      0.3414428234100342,
      0.41813892126083374,
      0.5240292549133301,
      0.5778084993362427,
      0.1998516470193863,
      0.008891142904758453,
      0.30385705828666687,
      0.2460661232471466,
      0.1749781221151352,
      0.1502539962530136,
      0.24377094209194183,
      0.23027649521827698,
      0.2161915898323059,
      0.31308409571647644,
      0.013265199959278107
    ],
    "mean": 0.31540352744715555,
    "min": 0.008891142904758453,
    "drift_slope": -0.01929260038516739
  },
  "sentiment": {
    "per_turn": [
      0.836,
      -0.1682,
      0.34,
      0.5697,
      0.9153,
      0.9071,
      0.9001,
      0.9442,
      0.7769,
      0.8613,
      0.8847,
      0.3182,
      -0.296,
      0.6767,
      0.0,
      0.836,
      0.6249,
      0.7684,
      -0.024,
      0.886,
      0.875
    ],
    "by_speaker": {
      "Lyra": [
        0.836,
        0.34,
        0.9153,
        0.9001,
        0.7769,
        0.8847,
        -0.296,
        0.0,
        0.6249,
        -0.024,
        0.875
      ],
      "Cipher": [
        -0.1682,
        0.5697,
        0.9071,
        0.9442,
        0.8613,
        0.3182,
        0.6767,
        0.836,
        0.7684,
        0.886
      ]
    },
    "mean": 0.5920142857142857,
    "slope": -0.0010818181818181847,
    "volatility": 0.38886105767596574
  },
  "diversity": {
    "by_speaker": {
      "Lyra": {
        "semantic_diversity": 0.7066618204116821,
        "ttr": 0.6097972972972973
      },
      "Cipher": {
        "semantic_diversity": 0.6603325605392456,
        "ttr": 0.5482758620689655
      }
    },
    "global_ttr": 0.4786689419795222
  }
}