{
  "condition_id": "modiso__gpt-oss-120b__t05__r01",
  "topic": "Genetic editing to prevent hereditary diseases in human embryos should be legally permitted",
  "turn_count": 21,
  "persona": {
    "by_speaker": {
      "Lyra": {
        "mean": 0.5340654886432881,
        "per_turn": [
          0.484587055159673,
          0.5068689263097979,
          0.511972423036235,
          0.5694610401908131,
          0.5047462797269318,
          0.5038964940719297,
          0.4511769885422613,
          0.8311913646224975,
          0.4426014678244681,
          0.4553003399653782,
          0.6129179956261828
        ]
      },
      "Cipher": {
        "mean": 0.6243539186968178,
        "per_turn": [
          0.8094044791238625,
          0.7855571223210494,
          0.4697576975643626,
          0.47996501389798946,
          0.5431864312211709,
          0.4808138137647978,
          0.7452450561799202,
          0.4963992675150692,
          0.6261820603210918,
          0.807028245058864
        ]
      }
    },
    "discrimination": {
      "Lyra": {
        "own_mean": 0.5341,
        "cross_mean": 0.4659,
        "gap": 0.0681
      },
      "Cipher": {
        "own_mean": 0.6244,
        "cross_mean": 0.3756,
        "gap": 0.2487
      }
    }
  },
  "coherence": {
    "per_turn": [
      null,
      0.5973281264305115,
      0.2944777011871338,
      0.553510308265686,
      0.44567450881004333,
      0.5483478307723999,
      0.49164095520973206,
      0.4168825149536133,
      0.6273091435432434,
      0.5290169715881348,
      0.48533594608306885,
      0.5028648376464844,
      0.6666083931922913,
      0.4175071716308594,
      0.5679795145988464,
      0.22094231843948364,
      0.4200752377510071,
      0.6686675548553467,
      0.4782854914665222,
      0.5059991478919983,
      0.08436889946460724
    ],
    "mean": 0.4761411286890507,
    "min": 0.08436889946460724
  },
  "topic_drift": {
    "per_turn": [
      0.8905379772186279,
      0.6065016388893127,
      0.28250718116760254,
      0.555901050567627,
      0.19545117020606995,
      0.4461192488670349,
      0.15215452015399933,
      0.0889703705906868,
      0.1730707287788391,
      0.3824702501296997,
      0.22403889894485474,
      0.08962705731391907,
      0.21253789961338043,
      0.16049017012119293,
      -0.034570470452308655,
      0.044065795838832855,
      0.16806082427501678,
      0.20662933588027954,
      0.23257097601890564,
      0.22449280321598053,
      -0.004005406051874161
    ],
    "mean": 0.25226771529941333,
    "min": -0.034570470452308655,
    "drift_slope": -0.023569823056459424
  },
  "sentiment": {
    "per_turn": [
      0.6908,
      0.7261,
      0.3612,
      0.9382,
      0.6369,
      0.4684,
      0.8074,
      0.6059,
      0.8701,
      0.2732,
      0.5106,
      0.4588,
      0.1796,
      0.822,
      -0.128,
      0.7543,
      0.0772,
      -0.1386,
      0.7343,
      0.7693,
      0.9337
    ],
    "by_speaker": {
      "Lyra": [
        0.6908,
        0.3612,
        0.6369,
        0.8074,
        0.8701,
        0.5106,
        0.1796,
        -0.128,
        0.0772,
        0.7343,
        0.9337
      ],
      "Cipher": [
        0.7261,
        0.9382,
        0.4684,
        0.6059,
        0.2732,
        0.4588,
        0.822,
        0.7543,
        -0.1386,
        0.7693
      ]
    },
    "mean": 0.5405428571428571,
    "slope": -0.0103277922077922,
    "volatility": 0.31977977924015827
  },
  "diversity": {
    "by_speaker": {
      "Lyra": {
        "semantic_diversity": 0.6756315231323242,
        "ttr": 0.567699836867863
      },
      "Cipher": {
        "semantic_diversity": 0.7097212076187134,
        "ttr": 0.5009861932938856
      }
    },
    "global_ttr": 0.4375
  }
}