{
  "condition_id": "modiso__llama-70b__t01__r01",
  "topic": "Social media has done more harm than good to mental health and democracy",
  "turn_count": 21,
  "persona": {
    "by_speaker": {
      "Lyra": {
        "mean": 0.694454369402796,
        "per_turn": [
          0.8875813581254373,
          0.5038972529312173,
          0.8205269917358089,
          0.5708581569418087,
          0.8982764686333425,
          0.8101928950793932,
          0.5522634343893285,
          0.572379481221543,
          0.5864966811645476,
          0.8084765214247401,
          0.6280488217835898
        ]
      },
      "Cipher": {
        "mean": 0.4923551375580894,
        "per_turn": [
          0.7049407472209983,
          0.5159033581251713,
          0.6725088219694061,
          0.4270019557317306,
          0.12929384790528395,
          0.4254416331011742,
          0.49715131428588266,
          0.45941792593357644,
          0.6294204487706576,
          0.4624713225370132
        ]
      }
    },
    "discrimination": {
      "Lyra": {
        "own_mean": 0.6945,
        "cross_mean": 0.3055,
        "gap": 0.3889
      },
      "Cipher": {
        "own_mean": 0.4924,
        "cross_mean": 0.5076,
        "gap": -0.0153
      }
    }
  },
  "coherence": {
    "per_turn": [
      null,
      0.800792396068573,
      0.5574778318405151,
      0.6123372316360474,
      0.5004075169563293,
      0.4604654312133789,
      0.47271084785461426,
      0.7278873920440674,
      0.7122975587844849,
      0.8091709613800049,
      0.48168957233428955,
      0.5583388209342957,
      0.4783840477466583,
      0.6110453009605408,
      0.6206556558609009,
      0.7081731557846069,
      0.4861307740211487,
      0.6581223607063293,
      0.658173143863678,
      0.523640513420105,
      0.20389829576015472
    ],
    "mean": 0.5820899404585361,
    "min": 0.20389829576015472
  },
  "topic_drift": {
    "per_turn": [
      0.74312824010849,
      0.5980353355407715,
      0.3552432954311371,
      0.4715602397918701,
      0.4352206885814667,
      0.3509427309036255,
      0.2655433118343353,
      0.2964613437652588,
      0.30655112862586975,
      0.4347512722015381,
      0.15441837906837463,
      0.3650226891040802,
      0.38154539465904236,
      0.2721717953681946,
      0.2680586874485016,
      0.32102346420288086,
      0.435442179441452,
      0.47381430864334106,
      0.3270735442638397,
      0.3226688802242279,
      0.5415363907814026
    ],
    "mean": 0.38667682380903334,
    "min": 0.15441837906837463,
    "drift_slope": -0.006278715195593896
  },
  "sentiment": {
    "per_turn": [
      0.298,
      0.8543,
      0.6801,
      -0.3898,
      0.688,
      -0.695,
      0.8957,
      0.5267,
      0.8646,
      0.1027,
      0.1243,
      -0.0964,
      -0.8529,
      -0.6487,
      0.1426,
      -0.1406,
      0.5994,
      -0.1531,
      0.1963,
      -0.8271,
      0.9633
    ],
    "by_speaker": {
      "Lyra": [
        0.298,
        0.6801,
        0.688,
        0.8957,
        0.8646,
        0.1243,
        -0.8529,
        0.1426,
        0.5994,
        0.1963,
        0.9633
      ],
      "Cipher": [
        0.8543,
        -0.3898,
        -0.695,
        0.5267,
        0.1027,
        -0.0964,
        -0.6487,
        -0.1406,
        -0.1531,
        -0.8271
      ]
    },
    "mean": 0.14916190476190477,
    "slope": -0.024188831168831165,
    "volatility": 0.5776145629315951
  },
  "diversity": {
    "by_speaker": {
      "Lyra": {
        "semantic_diversity": 0.5885111093521118,
        "ttr": 0.4027777777777778
      },
      "Cipher": {
        "semantic_diversity": 0.6377704739570618,
        "ttr": 0.4686868686868687
      }
    },
    "global_ttr": 0.34498834498834496
  }
}