{
  "condition_id": "modiso__llama-8b__t03__r03",
  "topic": "The resources spent on space exploration would produce greater good if redirected to Earth's problems",
  "turn_count": 21,
  "persona": {
    "by_speaker": {
      "Lyra": {
        "mean": 0.5044649507719402,
        "per_turn": [
          0.5847116663026781,
          0.5567559191823221,
          0.28391046461426467,
          0.5235076508050753,
          0.5107338734203439,
          0.5375986652755821,
          0.5551258468073443,
          0.28801193216756676,
          0.5409356234828295,
          0.5309991951200946,
          0.6368236213132406
        ]
      },
      "Cipher": {
        "mean": 0.5469534679545749,
        "per_turn": [
          0.6926434457065022,
          0.7355618545949124,
          0.5017229570281471,
          0.7227221291229415,
          0.5359422429133335,
          0.4521943421560134,
          0.46786964234779194,
          0.5234552790652098,
          0.4416628688978035,
          0.39575991771309404
        ]
      }
    },
    "discrimination": {
      "Lyra": {
        "own_mean": 0.5045,
        "cross_mean": 0.4955,
        "gap": 0.0089
      },
      "Cipher": {
        "own_mean": 0.547,
        "cross_mean": 0.453,
        "gap": 0.0939
      }
    }
  },
  "coherence": {
    "per_turn": [
      null,
      0.63709956407547,
      0.778423547744751,
      0.6129768490791321,
      0.6150577664375305,
      0.5853670835494995,
      0.6011019349098206,
      0.7379487752914429,
      0.7615759372711182,
      0.5677622556686401,
      0.6001580357551575,
      0.7261937260627747,
      0.7136772871017456,
      0.5375415086746216,
      0.5256816148757935,
      0.5057265162467957,
      0.5768635869026184,
      0.6473166942596436,
      0.5628734827041626,
      0.4790121018886566,
      0.47622427344322205
    ],
    "mean": 0.6124291270971298,
    "min": 0.47622427344322205
  },
  "topic_drift": {
    "per_turn": [
      0.5825037360191345,
      0.6504271030426025,
      0.6186991930007935,
      0.5653713345527649,
      0.605689525604248,
      0.4439096450805664,
      0.6184585094451904,
      0.5267308950424194,
      0.6117024421691895,
      0.33093202114105225,
      0.5510482788085938,
      0.4074023365974426,
      0.4441867470741272,
      0.34244030714035034,
      0.41155391931533813,
      0.3531005382537842,
      0.5602447390556335,
      0.5113352537155151,
      0.41200485825538635,
      0.4118804931640625,
      0.30033430457115173
    ],
    "mean": 0.4885693419547308,
    "min": 0.30033430457115173,
    "drift_slope": -0.012163878570903426
  },
  "sentiment": {
    "per_turn": [
      0.6258,
      -0.0772,
      0.9337,
      0.5348,
      0.5023,
      -0.8333,
      0.8883,
      0.8248,
      0.5831,
      -0.5712,
      0.9517,
      0.631,
      0.8047,
      0.2617,
      0.9397,
      0.8658,
      0.6808,
      0.6369,
      0.6818,
      -0.1027,
      0.7096
    ],
    "by_speaker": {
      "Lyra": [
        0.6258,
        0.9337,
        0.5023,
        0.8883,
        0.5831,
        0.9517,
        0.8047,
        0.9397,
        0.6808,
        0.6818,
        0.7096
      ],
      "Cipher": [
        -0.0772,
        0.5348,
        -0.8333,
        0.8248,
        -0.5712,
        0.631,
        0.2617,
        0.8658,
        0.6369,
        -0.1027
      ]
    },
    "mean": 0.49867142857142843,
    "slope": 0.01173532467532467,
    "volatility": 0.48384500877554465
  },
  "diversity": {
    "by_speaker": {
      "Lyra": {
        "semantic_diversity": 0.3832300007343292,
        "ttr": 0.4023391812865497
      },
      "Cipher": {
        "semantic_diversity": 0.5100009441375732,
        "ttr": 0.4412751677852349
      }
    },
    "global_ttr": 0.34734665747760163
  }
}