{
  "condition_id": "modiso__gpt-oss-120b__t03__r03",
  "topic": "The resources spent on space exploration would produce greater good if redirected to Earth's problems",
  "turn_count": 21,
  "persona": {
    "by_speaker": {
      "Lyra": {
        "mean": 0.4938747729665504,
        "per_turn": [
          0.5866277578057881,
          0.5161509750695379,
          0.47817772802644454,
          0.23302399319984735,
          0.5335119574683145,
          0.4602131645395,
          0.4982478317665369,
          0.5162876004541641,
          0.46107918983325935,
          0.48450063709997193,
          0.6648016673686901
        ]
      },
      "Cipher": {
        "mean": 0.6473949402411483,
        "per_turn": [
          0.711183985407078,
          0.7431463418303791,
          0.5776332688180542,
          0.45403069964198683,
          0.7328629277438257,
          0.5110296400582196,
          0.7383039522559172,
          0.7851477207713733,
          0.4899922410394445,
          0.7306186248452043
        ]
      }
    },
    "discrimination": {
      "Lyra": {
        "own_mean": 0.4939,
        "cross_mean": 0.5061,
        "gap": -0.0123
      },
      "Cipher": {
        "own_mean": 0.6474,
        "cross_mean": 0.3526,
        "gap": 0.2948
      }
    }
  },
  "coherence": {
    "per_turn": [
      null,
      0.35563600063323975,
      0.529108464717865,
      0.462089866399765,
      0.5699362754821777,
      0.4876607656478882,
      0.31152909994125366,
      0.506773829460144,
      0.6848410964012146,
      0.6259244680404663,
      0.6765369176864624,
      0.3509727120399475,
      0.6008999347686768,
      0.46287989616394043,
      0.6606031656265259,
      0.44463154673576355,
      0.6777651906013489,
      0.339877188205719,
      0.4087505042552948,
      0.7739784717559814,
      0.10161196440458298
    ],
    "mean": 0.5016003679484129,
    "min": 0.10161196440458298
  },
  "topic_drift": {
    "per_turn": [
      0.44565191864967346,
      0.773593544960022,
      0.45440763235092163,
      0.5187814235687256,
      0.5214842557907104,
      0.3272416591644287,
      0.3728731870651245,
      0.5477518439292908,
      0.5303785800933838,
      0.5145339965820312,
      0.40125685930252075,
      0.1878058910369873,
      0.26070964336395264,
      0.5004734992980957,
      0.4252128303050995,
      0.1656038761138916,
      0.12565982341766357,
      0.29147273302078247,
      0.18445339798927307,
      0.3028532862663269,
      0.017582641914486885
    ],
    "mean": 0.37475154877063777,
    "min": 0.017582641914486885,
    "drift_slope": -0.02110367240747074
  },
  "sentiment": {
    "per_turn": [
      0.743,
      0.4951,
      -0.2263,
      0.9231,
      0.1779,
      0.872,
      0.8555,
      -0.8655,
      0.4184,
      0.7783,
      0.6486,
      0.1027,
      0.9485,
      -0.872,
      -0.2732,
      0.5742,
      0.5859,
      -0.8807,
      0.5256,
      0.8187,
      0.7717
    ],
    "by_speaker": {
      "Lyra": [
        0.743,
        -0.2263,
        0.1779,
        0.8555,
        0.4184,
        0.6486,
        0.9485,
        -0.2732,
        0.5859,
        0.5256,
        0.7717
      ],
      "Cipher": [
        0.4951,
        0.9231,
        0.872,
        -0.8655,
        0.7783,
        0.1027,
        -0.872,
        0.5742,
        -0.8807,
        0.8187
      ]
    },
    "mean": 0.3391190476190476,
    "slope": -0.008574935064935086,
    "volatility": 0.5974485828596448
  },
  "diversity": {
    "by_speaker": {
      "Lyra": {
        "semantic_diversity": 0.6524144411087036,
        "ttr": 0.5607613469985359
      },
      "Cipher": {
        "semantic_diversity": 0.6313415169715881,
        "ttr": 0.5032362459546925
      }
    },
    "global_ttr": 0.4304381245196003
  }
}