{
  "condition_id": "modiso__llama4-scout__t03__r02",
  "topic": "The resources spent on space exploration would produce greater good if redirected to Earth's problems",
  "turn_count": 21,
  "persona": {
    "by_speaker": {
      "Lyra": {
        "mean": 0.5755412872788637,
        "per_turn": [
          0.574848040759897,
          0.7784155278351329,
          0.5599689386452195,
          0.4973694128342861,
          0.5531618471579981,
          0.464613668368434,
          0.8216240844942209,
          0.6011289668345737,
          0.30451451228660503,
          0.5557109714092048,
          0.6195981894419281
        ]
      },
      "Cipher": {
        "mean": 0.5144100955897501,
        "per_turn": [
          0.6538939067368288,
          0.4444098568968571,
          0.4862207845795711,
          0.464575617793505,
          0.553747050364944,
          0.5105380323853183,
          0.6817653731068086,
          0.4187628886926099,
          0.4828515514072558,
          0.44733589393380335
        ]
      }
    },
    "discrimination": {
      "Lyra": {
        "own_mean": 0.5755,
        "cross_mean": 0.4245,
        "gap": 0.1511
      },
      "Cipher": {
        "own_mean": 0.5144,
        "cross_mean": 0.4856,
        "gap": 0.0288
      }
    }
  },
  "coherence": {
    "per_turn": [
      null,
      0.5150406360626221,
      0.4553859233856201,
      0.5986481308937073,
      0.5157645344734192,
      0.6061124801635742,
      0.5544487237930298,
      0.6084880232810974,
      0.6942879557609558,
      0.5095714330673218,
      0.6092599630355835,
      0.34673261642456055,
      0.3608720004558563,
      0.4664221405982971,
      0.5602595806121826,
      0.6473020315170288,
      0.5771191120147705,
      0.498006135225296,
      0.41592732071876526,
      0.5208936929702759,
      0.10322452336549759
    ],
    "mean": 0.5081883478909731,
    "min": 0.10322452336549759
  },
  "topic_drift": {
    "per_turn": [
      0.4889214038848877,
      0.5010538101196289,
      0.3482716679573059,
      0.42321768403053284,
      0.5570677518844604,
      0.5381874442100525,
      0.5425330400466919,
      0.4426075220108032,
      0.5892259478569031,
      0.412565678358078,
      0.4090943932533264,
      0.4219053387641907,
      0.3551015853881836,
      0.5202096700668335,
      0.4544430375099182,
      0.44176754355430603,
      0.4155272841453552,
      0.2692069113254547,
      0.4094693660736084,
      0.31998372077941895,
      0.004716530442237854
    ],
    "mean": 0.42214653960296084,
    "min": 0.004716530442237854,
    "drift_slope": -0.01164932247106131
  },
  "sentiment": {
    "per_turn": [
      0.5439,
      0.5566,
      0.5912,
      -0.6124,
      0.3632,
      0.8898,
      0.4941,
      0.8255,
      0.9178,
      0.9696,
      0.9153,
      0.7506,
      0.611,
      -0.4497,
      -0.3377,
      -0.7269,
      0.0129,
      -0.3291,
      0.9306,
      -0.383,
      0.9401
    ],
    "by_speaker": {
      "Lyra": [
        0.5439,
        0.5912,
        0.3632,
        0.4941,
        0.9178,
        0.9153,
        0.611,
        -0.3377,
        0.0129,
        0.9306,
        0.9401
      ],
      "Cipher": [
        0.5566,
        -0.6124,
        0.8898,
        0.8255,
        0.9696,
        0.7506,
        -0.4497,
        -0.7269,
        -0.3291,
        -0.383
      ]
    },
    "mean": 0.35587619047619046,
    "slope": -0.023333506493506496,
    "volatility": 0.5743077911337405
  },
  "diversity": {
    "by_speaker": {
      "Lyra": {
        "semantic_diversity": 0.5833960175514221,
        "ttr": 0.42857142857142855
      },
      "Cipher": {
        "semantic_diversity": 0.6238296031951904,
        "ttr": 0.4784853700516351
      }
    },
    "global_ttr": 0.36148382004735596
  }
}