{
  "condition_id": "modiso__gpt-oss-120b__t03__r02",
  "topic": "The resources spent on space exploration would produce greater good if redirected to Earth's problems",
  "turn_count": 21,
  "persona": {
    "by_speaker": {
      "Lyra": {
        "mean": 0.5149408877266823,
        "per_turn": [
          0.5486713392934024,
          0.5285452146286633,
          0.46084112572678826,
          0.5106030183464614,
          0.5128899531781663,
          0.4576982909276469,
          0.5188250283686595,
          0.523283074064006,
          0.4656172794698475,
          0.5605661120576384,
          0.5768093289322256
        ]
      },
      "Cipher": {
        "mean": 0.6891895086376334,
        "per_turn": [
          0.7288341194712261,
          0.4739859161508385,
          0.764098310933393,
          0.7455683101295438,
          0.8037093924445184,
          0.784506464268474,
          0.7515093700446199,
          0.8288740912006701,
          0.48115813135955743,
          0.5296509803734928
        ]
      }
    },
    "discrimination": {
      "Lyra": {
        "own_mean": 0.5149,
        "cross_mean": 0.4851,
        "gap": 0.0299
      },
      "Cipher": {
        "own_mean": 0.6892,
        "cross_mean": 0.3108,
        "gap": 0.3784
      }
    }
  },
  "coherence": {
    "per_turn": [
      null,
      0.3877924084663391,
      0.3252406716346741,
      0.40512657165527344,
      0.6236976385116577,
      0.4815044105052948,
      0.5487802624702454,
      0.447995662689209,
      0.48703551292419434,
      0.4674132466316223,
      0.5284886360168457,
      0.39094799757003784,
      0.5519400238990784,
      0.5569372773170471,
      0.7132699489593506,
      0.4015975594520569,
      0.5648206472396851,
      0.43268996477127075,
      0.5206784009933472,
      0.33537912368774414,
      0.01597086898982525
    ],
    "mean": 0.45936534171923993,
    "min": 0.01597086898982525
  },
  "topic_drift": {
    "per_turn": [
      0.5293842554092407,
      0.5185003876686096,
      0.3382561206817627,
      0.5206775069236755,
      0.3640977740287781,
      0.5062639713287354,
      0.40564221143722534,
      0.42040178179740906,
      0.37968194484710693,
      0.29847246408462524,
      0.19435271620750427,
      0.269484281539917,
      0.2664971351623535,
      0.2233915477991104,
      0.25401437282562256,
      0.11575353145599365,
      0.23153147101402283,
      0.15960824489593506,
      0.14370064437389374,
      0.052033886313438416,
      0.0855361819267273
    ],
    "mean": 0.29891821103436605,
    "min": 0.052033886313438416,
    "drift_slope": -0.021975919178553984
  },
  "sentiment": {
    "per_turn": [
      0.7574,
      0.2732,
      0.5859,
      -0.3818,
      0.1154,
      0.9428,
      0.7778,
      0.2561,
      0.8271,
      0.7351,
      0.7096,
      0.9201,
      0.6995,
      0.8104,
      0.6003,
      -0.1823,
      0.7615,
      0.1531,
      -0.0516,
      -0.5221,
      0.8225
    ],
    "by_speaker": {
      "Lyra": [
        0.7574,
        0.5859,
        0.1154,
        0.7778,
        0.8271,
        0.7096,
        0.6995,
        0.6003,
        0.7615,
        -0.0516,
        0.8225
      ],
      "Cipher": [
        0.2732,
        -0.3818,
        0.9428,
        0.2561,
        0.7351,
        0.9201,
        0.8104,
        -0.1823,
        0.1531,
        -0.5221
      ]
    },
    "mean": 0.4576190476190476,
    "slope": -0.011335844155844156,
    "volatility": 0.4354350048476948
  },
  "diversity": {
    "by_speaker": {
      "Lyra": {
        "semantic_diversity": 0.6892804503440857,
        "ttr": 0.5690515806988353
      },
      "Cipher": {
        "semantic_diversity": 0.7375640869140625,
        "ttr": 0.5134168157423972
      }
    },
    "global_ttr": 0.453448275862069
  }
}