{
  "condition_id": "modiso__gpt-oss-120b__t06__r02",
  "topic": "Remote work has weakened organisational culture more than it has empowered individuals",
  "turn_count": 21,
  "persona": {
    "by_speaker": {
      "Lyra": {
        "mean": 0.6196237091239425,
        "per_turn": [
          0.6182572711699601,
          0.9586242383245065,
          0.5743285929014204,
          0.5592568655471253,
          0.7012327469471129,
          0.3105424743702178,
          0.625558510991409,
          0.6434109921661448,
          0.608141353166252,
          0.5950853355128022,
          0.6214224192664164
        ]
      },
      "Cipher": {
        "mean": 0.479751481090268,
        "per_turn": [
          0.6768077742947259,
          0.39482209012557656,
          0.4772604526100772,
          0.44998793025028494,
          0.4231712495167227,
          0.47867401966236967,
          0.3605852370665622,
          0.4267990796744061,
          0.4128330354043118,
          0.6965739422976422
        ]
      }
    },
    "discrimination": {
      "Lyra": {
        "own_mean": 0.6196,
        "cross_mean": 0.3804,
        "gap": 0.2392
      },
      "Cipher": {
        "own_mean": 0.4798,
        "cross_mean": 0.5202,
        "gap": -0.0405
      }
    }
  },
  "coherence": {
    "per_turn": [
      null,
      0.6201267242431641,
      0.4035821557044983,
      0.5768322348594666,
      0.4483243525028229,
      0.5987116098403931,
      0.5601420998573303,
      0.597615122795105,
      0.3427668511867523,
      0.5582470893859863,
      0.35822591185569763,
      0.49178099632263184,
      0.25516486167907715,
      0.5006596446037292,
      0.42361438274383545,
      0.47132718563079834,
      0.5187894701957703,
      0.46297356486320496,
      0.7259292602539062,
      0.712566077709198,
      0.13259486854076385
    ],
    "mean": 0.4879987232387066,
    "min": 0.13259486854076385
  },
  "topic_drift": {
    "per_turn": [
      0.7365943193435669,
      0.716218888759613,
      0.27542048692703247,
      0.3076062798500061,
      0.3808465301990509,
      0.6034266948699951,
      0.5033469200134277,
      0.5803207159042358,
      0.27827295660972595,
      0.25019288063049316,
      0.23859050869941711,
      0.16203714907169342,
      0.28943365812301636,
      0.1626029908657074,
      0.26176175475120544,
      0.2575954794883728,
      0.30647826194763184,
      0.2528040409088135,
      0.23466527462005615,
      0.22824053466320038,
      0.22377967834472656
    ],
    "mean": 0.3452493335519518,
    "min": 0.16203714907169342,
    "drift_slope": -0.019078315349368317
  },
  "sentiment": {
    "per_turn": [
      0.802,
      0.3919,
      0.8481,
      -0.2023,
      -0.3706,
      -0.2105,
      0.7369,
      0.0516,
      0.4939,
      0.6789,
      0.6808,
      -0.4497,
      0.4404,
      -0.3818,
      0.7338,
      0.4588,
      0.2193,
      -0.3818,
      0.7003,
      0.2341,
      0.765
    ],
    "by_speaker": {
      "Lyra": [
        0.802,
        0.8481,
        -0.3706,
        0.7369,
        0.4939,
        0.6808,
        0.4404,
        0.7338,
        0.2193,
        0.7003,
        0.765
      ],
      "Cipher": [
        0.3919,
        -0.2023,
        -0.2105,
        0.0516,
        0.6789,
        -0.4497,
        -0.3818,
        0.4588,
        -0.3818,
        0.2341
      ]
    },
    "mean": 0.2970999999999999,
    "slope": 0.0001410389610389518,
    "volatility": 0.4479714457311718
  },
  "diversity": {
    "by_speaker": {
      "Lyra": {
        "semantic_diversity": 0.595120370388031,
        "ttr": 0.5562805872756933
      },
      "Cipher": {
        "semantic_diversity": 0.6490809917449951,
        "ttr": 0.45614035087719296
      }
    },
    "global_ttr": 0.41335587489433645
  }
}