{
  "condition_id": "modiso__qwen-32b__t07__r02",
  "topic": "Meaningful climate action and sustained economic growth are fundamentally incompatible",
  "turn_count": 21,
  "persona": {
    "by_speaker": {
      "Lyra": {
        "mean": 0.5360888538551735,
        "per_turn": [
          0.5441330715284965,
          0.2118243339916894,
          0.450426902883721,
          0.4535407126300207,
          0.49372261464071937,
          0.546610989477706,
          0.7873312502813945,
          0.7977842214888469,
          0.5223408263742501,
          0.5150793240969647,
          0.5741831450130985
        ]
      },
      "Cipher": {
        "mean": 0.5507494810415718,
        "per_turn": [
          0.7738067226354203,
          0.49188501668953755,
          0.7973026025387286,
          0.522561580088988,
          0.5452539983134386,
          0.7946025150063636,
          0.42595355565347487,
          0.24050024858740993,
          0.4221462378526667,
          0.49348233304969075
        ]
      }
    },
    "discrimination": {
      "Lyra": {
        "own_mean": 0.5361,
        "cross_mean": 0.4639,
        "gap": 0.0722
      },
      "Cipher": {
        "own_mean": 0.5507,
        "cross_mean": 0.4493,
        "gap": 0.1015
      }
    }
  },
  "coherence": {
    "per_turn": [
      null,
      0.40091395378112793,
      0.7363999485969543,
      0.6338014602661133,
      0.48931968212127686,
      0.4215257465839386,
      0.4309242367744446,
      0.3881217837333679,
      0.5345003604888916,
      0.5634785294532776,
      0.46161967515945435,
      0.6913278698921204,
      0.4421223998069763,
      0.7020081281661987,
      0.7313264608383179,
      0.5017298460006714,
      0.383786678314209,
      0.35781633853912354,
      0.4367758631706238,
      0.5086486339569092,
      0.2518543303012848
    ],
    "mean": 0.5034000962972641,
    "min": 0.2518543303012848
  },
  "topic_drift": {
    "per_turn": [
      0.5282930731773376,
      0.614418089389801,
      0.5271342992782593,
      0.5762381553649902,
      0.337100625038147,
      0.2623966634273529,
      0.19927996397018433,
      0.22840958833694458,
      0.30796149373054504,
      0.2312338650226593,
      0.24106943607330322,
      0.12494366616010666,
      0.22219780087471008,
      0.1886826604604721,
      0.2200259119272232,
      0.26669764518737793,
      0.4906192719936371,
      0.15565194189548492,
      0.22369670867919922,
      0.4302137792110443,
      0.14004623889923096
    ],
    "mean": 0.3103005180046672,
    "min": 0.12494366616010666,
    "drift_slope": -0.013354946934170544
  },
  "sentiment": {
    "per_turn": [
      -0.0,
      0.6808,
      0.8834,
      -0.8625,
      0.9491,
      0.802,
      0.9143,
      -0.1119,
      0.9404,
      0.7351,
      -0.0414,
      0.8774,
      0.8277,
      0.3849,
      0.8313,
      0.7251,
      0.1779,
      0.2148,
      0.4497,
      0.7184,
      0.8452
    ],
    "by_speaker": {
      "Lyra": [
        -0.0,
        0.8834,
        0.9491,
        0.9143,
        0.9404,
        -0.0414,
        0.8277,
        0.8313,
        0.1779,
        0.4497,
        0.8452
      ],
      "Cipher": [
        0.6808,
        -0.8625,
        0.802,
        -0.1119,
        0.7351,
        0.8774,
        0.3849,
        0.7251,
        0.2148,
        0.7184
      ]
    },
    "mean": 0.5210333333333333,
    "slope": 0.01159155844155845,
    "volatility": 0.45961028867978737
  },
  "diversity": {
    "by_speaker": {
      "Lyra": {
        "semantic_diversity": 0.6454660296440125,
        "ttr": 0.47079646017699117
      },
      "Cipher": {
        "semantic_diversity": 0.7103803157806396,
        "ttr": 0.45454545454545453
      }
    },
    "global_ttr": 0.36939313984168864
  }
}