{
  "condition_id": "modiso__llama-8b__t03__r02",
  "topic": "The resources spent on space exploration would produce greater good if redirected to Earth's problems",
  "turn_count": 21,
  "persona": {
    "by_speaker": {
      "Lyra": {
        "mean": 0.5244095088002125,
        "per_turn": [
          0.5614756568808394,
          0.4645058488014991,
          0.514374523800375,
          0.5232282041712559,
          0.5437727442283404,
          0.5553241791640717,
          0.5518115621540642,
          0.5414830297428547,
          0.5355313781876416,
          0.5611098781079152,
          0.41588759156348093
        ]
      },
      "Cipher": {
        "mean": 0.5183892928541726,
        "per_turn": [
          0.7482789385391171,
          0.48236075394478994,
          0.7268455472074471,
          0.46719891049466133,
          0.4602236242179023,
          0.46543701841074764,
          0.4896951117792946,
          0.4131802419038568,
          0.4525365037719168,
          0.47813627827199157
        ]
      }
    },
    "discrimination": {
      "Lyra": {
        "own_mean": 0.5244,
        "cross_mean": 0.4756,
        "gap": 0.0488
      },
      "Cipher": {
        "own_mean": 0.5184,
        "cross_mean": 0.4816,
        "gap": 0.0368
      }
    }
  },
  "coherence": {
    "per_turn": [
      null,
      0.666507363319397,
      0.5160362720489502,
      0.5740869045257568,
      0.5669175386428833,
      0.5493401288986206,
      0.506170392036438,
      0.5981268882751465,
      0.47373273968696594,
      0.6883793473243713,
      0.7669055461883545,
      0.556495189666748,
      0.5860626101493835,
      0.49633798003196716,
      0.6292352676391602,
      0.5758527517318726,
      0.3490773141384125,
      0.42930877208709717,
      0.4900214672088623,
      0.6942411065101624,
      0.25315457582473755
    ],
    "mean": 0.5482995077967644,
    "min": 0.25315457582473755
  },
  "topic_drift": {
    "per_turn": [
      0.5227844715118408,
      0.5907099843025208,
      0.46937716007232666,
      0.49468228220939636,
      0.6054155826568604,
      0.5416034460067749,
      0.4941105842590332,
      0.4014100432395935,
      0.43799254298210144,
      0.36999040842056274,
      0.42213329672813416,
      0.5362851619720459,
      0.5051873922348022,
      0.4109344482421875,
      0.4671281576156616,
      0.48570823669433594,
      0.2200278639793396,
      0.33157646656036377,
      0.40766632556915283,
      0.2721526026725769,
      0.23803231120109558
    ],
    "mean": 0.43928136995860506,
    "min": 0.2200278639793396,
    "drift_slope": -0.012623947820106117
  },
  "sentiment": {
    "per_turn": [
      -0.2382,
      -0.4221,
      0.7889,
      -0.6258,
      0.6879,
      -0.0644,
      0.9468,
      0.5719,
      -0.4404,
      -0.7506,
      -0.1796,
      -0.25,
      0.8481,
      0.6249,
      0.2712,
      -0.2263,
      0.6593,
      -0.2411,
      0.6597,
      -0.5992,
      0.9246
    ],
    "by_speaker": {
      "Lyra": [
        -0.2382,
        0.7889,
        0.6879,
        0.9468,
        -0.4404,
        -0.1796,
        0.8481,
        0.2712,
        0.6593,
        0.6597,
        0.9246
      ],
      "Cipher": [
        -0.4221,
        -0.6258,
        -0.0644,
        0.5719,
        -0.7506,
        -0.25,
        0.6249,
        -0.2263,
        -0.2411,
        -0.5992
      ]
    },
    "mean": 0.14026666666666665,
    "slope": 0.014605844155844165,
    "volatility": 0.5675829977766066
  },
  "diversity": {
    "by_speaker": {
      "Lyra": {
        "semantic_diversity": 0.5589101910591125,
        "ttr": 0.40053404539385845
      },
      "Cipher": {
        "semantic_diversity": 0.5523086786270142,
        "ttr": 0.43327556325823224
      }
    },
    "global_ttr": 0.3295625942684766
  }
}