{
  "condition_id": "modiso__llama-8b__t00__r03",
  "topic": "AI will eliminate more jobs than it creates within the next decade",
  "turn_count": 21,
  "persona": {
    "by_speaker": {
      "Lyra": {
        "mean": 0.4748234087287729,
        "per_turn": [
          0.5559278891283759,
          0.7769590894540387,
          0.5041696997082962,
          0.2568604931629815,
          0.4669050855060002,
          0.46552830597606126,
          0.4437182885799845,
          0.22598701571823243,
          0.5100545563874344,
          0.49870701676584545,
          0.518240055629251
        ]
      },
      "Cipher": {
        "mean": 0.6562640084818374,
        "per_turn": [
          0.7804173238830725,
          0.7217025595839173,
          0.5239978947287133,
          0.8014080795616332,
          0.523742337374786,
          0.5664900532894732,
          0.7796556352040696,
          0.7675970391059079,
          0.5111869819144983,
          0.5864421801723021
        ]
      }
    },
    "discrimination": {
      "Lyra": {
        "own_mean": 0.4748,
        "cross_mean": 0.5252,
        "gap": -0.0504
      },
      "Cipher": {
        "own_mean": 0.6563,
        "cross_mean": 0.3437,
        "gap": 0.3125
      }
    }
  },
  "coherence": {
    "per_turn": [
      null,
      0.5505468845367432,
      0.5515636205673218,
      0.5700539946556091,
      0.5721537470817566,
      0.5888036489486694,
      0.4402952194213867,
      0.5247827768325806,
      0.6194570064544678,
      0.6785441637039185,
      0.5868918895721436,
      0.673192024230957,
      0.6063147783279419,
      0.6364046335220337,
      0.5568325519561768,
      0.6596981287002563,
      0.6142480373382568,
      0.7315080165863037,
      0.5020117163658142,
      0.28009843826293945,
      0.45174843072891235
    ],
    "mean": 0.5697574853897095,
    "min": 0.28009843826293945
  },
  "topic_drift": {
    "per_turn": [
      0.5579088926315308,
      0.7988599538803101,
      0.5171256065368652,
      0.5738797187805176,
      0.524941086769104,
      0.632156252861023,
      0.47763901948928833,
      0.49396812915802,
      0.6161129474639893,
      0.5069448947906494,
      0.5907009840011597,
      0.4240785837173462,
      0.5349229574203491,
      0.41259056329727173,
      0.499956339597702,
      0.46919888257980347,
      0.42283177375793457,
      0.48939359188079834,
      0.44717496633529663,
      0.3147537112236023,
      0.4384142756462097
    ],
    "mean": 0.5115977681818462,
    "min": 0.3147537112236023,
    "drift_slope": -0.011078523118774608
  },
  "sentiment": {
    "per_turn": [
      0.7964,
      0.775,
      -0.1513,
      -0.5994,
      0.1406,
      -0.4019,
      0.3065,
      0.5994,
      0.4939,
      0.836,
      0.9442,
      -0.4019,
      0.8442,
      0.2846,
      0.7184,
      0.4318,
      0.9679,
      -0.8154,
      -0.0772,
      0.1926,
      0.9584
    ],
    "by_speaker": {
      "Lyra": [
        0.7964,
        -0.1513,
        0.1406,
        0.3065,
        0.4939,
        0.9442,
        0.8442,
        0.7184,
        0.9679,
        -0.0772,
        0.9584
      ],
      "Cipher": [
        0.775,
        -0.5994,
        -0.4019,
        0.5994,
        0.836,
        -0.4019,
        0.2846,
        0.4318,
        -0.8154,
        0.1926
      ]
    },
    "mean": 0.32584761904761905,
    "slope": 0.00617844155844156,
    "volatility": 0.5379519491898771
  },
  "diversity": {
    "by_speaker": {
      "Lyra": {
        "semantic_diversity": 0.5633732080459595,
        "ttr": 0.40625
      },
      "Cipher": {
        "semantic_diversity": 0.5368785262107849,
        "ttr": 0.43189964157706096
      }
    },
    "global_ttr": 0.34087481146304677
  }
}