{
  "condition_id": "modiso__gpt-oss-120b__t01__r03",
  "topic": "Social media has done more harm than good to mental health and democracy",
  "turn_count": 21,
  "persona": {
    "by_speaker": {
      "Lyra": {
        "mean": 0.5534726778477155,
        "per_turn": [
          0.5987252399471608,
          0.5756027268525525,
          0.4892453665502174,
          0.4909470468478975,
          0.5671726035729638,
          0.5249185713647462,
          0.5819453868021228,
          0.5467402172863945,
          0.5655403682108546,
          0.5592517803093304,
          0.5881101485806288
        ]
      },
      "Cipher": {
        "mean": 0.6664015836809878,
        "per_turn": [
          0.7241646962657088,
          0.7376323645591067,
          0.7865644816446788,
          0.7685861262071535,
          0.45729725541636357,
          0.7490578304556834,
          0.6923545449729301,
          0.4604420015248094,
          0.6688992006810615,
          0.6190173350823812
        ]
      }
    },
    "discrimination": {
      "Lyra": {
        "own_mean": 0.5535,
        "cross_mean": 0.4465,
        "gap": 0.1069
      },
      "Cipher": {
        "own_mean": 0.6664,
        "cross_mean": 0.3336,
        "gap": 0.3328
      }
    }
  },
  "coherence": {
    "per_turn": [
      null,
      0.5075512528419495,
      0.519146203994751,
      0.5310715436935425,
      0.337589293718338,
      0.5740020275115967,
      0.7148768305778503,
      0.39824050664901733,
      0.36256998777389526,
      0.3832261562347412,
      0.7503821849822998,
      0.40026628971099854,
      0.5535547733306885,
      0.5342584252357483,
      0.502219557762146,
      0.38991254568099976,
      0.6580550670623779,
      0.45569026470184326,
      0.5233092308044434,
      0.5251680016517639,
      0.23787984251976013
    ],
    "mean": 0.49294849932193757,
    "min": 0.23787984251976013
  },
  "topic_drift": {
    "per_turn": [
      0.6496961116790771,
      0.4709523320198059,
      0.23152533173561096,
      0.22682005167007446,
      0.17114925384521484,
      0.1864696741104126,
      0.08060299605131149,
      0.3242034316062927,
      0.2626214027404785,
      0.3535825312137604,
      0.24416518211364746,
      0.1513531357049942,
      0.18394769728183746,
      0.12139016389846802,
      0.1874358057975769,
      0.09321142733097076,
      0.2529546618461609,
      0.17187342047691345,
      0.2214163839817047,
      0.31064853072166443,
      0.15487617254257202
    ],
    "mean": 0.24051884277945473,
    "min": 0.08060299605131149,
    "drift_slope": -0.00957477371413987
  },
  "sentiment": {
    "per_turn": [
      0.5106,
      -0.7478,
      0.5859,
      0.8442,
      0.5994,
      0.8271,
      0.7717,
      0.9373,
      0.5315,
      0.0516,
      0.7906,
      0.8625,
      0.959,
      -0.09,
      0.775,
      0.4118,
      0.7906,
      0.8981,
      0.6486,
      0.6428,
      0.9118
    ],
    "by_speaker": {
      "Lyra": [
        0.5106,
        0.5859,
        0.5994,
        0.7717,
        0.5315,
        0.7906,
        0.959,
        0.775,
        0.7906,
        0.6486,
        0.9118
      ],
      "Cipher": [
        -0.7478,
        0.8442,
        0.8271,
        0.9373,
        0.0516,
        0.8625,
        -0.09,
        0.4118,
        0.8981,
        0.6428
      ]
    },
    "mean": 0.5958238095238094,
    "slope": 0.019576883116883118,
    "volatility": 0.4016128210161313
  },
  "diversity": {
    "by_speaker": {
      "Lyra": {
        "semantic_diversity": 0.6647321581840515,
        "ttr": 0.5903225806451613
      },
      "Cipher": {
        "semantic_diversity": 0.6574592590332031,
        "ttr": 0.4737827715355805
      }
    },
    "global_ttr": 0.4393414211438475
  }
}