{
  "condition_id": "modiso__gpt-oss-120b__t06__r01",
  "topic": "Remote work has weakened organisational culture more than it has empowered individuals",
  "turn_count": 21,
  "persona": {
    "by_speaker": {
      "Lyra": {
        "mean": 0.5803367687044452,
        "per_turn": [
          0.5920193893955235,
          0.7158340902110117,
          0.5241409338977074,
          0.5768666554852353,
          0.5771555979476313,
          0.47828117368191003,
          0.5436229417447578,
          0.6021566969824798,
          0.5369454416170418,
          0.541150915780894,
          0.6955306190047044
        ]
      },
      "Cipher": {
        "mean": 0.5542449313591262,
        "per_turn": [
          0.7181850970476095,
          0.4102557103512367,
          0.4449561474920084,
          0.43953971798267744,
          0.5019610793628351,
          0.744103715401888,
          0.38576158067622335,
          0.7048984711808195,
          0.43618013693153157,
          0.756607657164432
        ]
      }
    },
    "discrimination": {
      "Lyra": {
        "own_mean": 0.5803,
        "cross_mean": 0.4197,
        "gap": 0.1607
      },
      "Cipher": {
        "own_mean": 0.5542,
        "cross_mean": 0.4458,
        "gap": 0.1085
      }
    }
  },
  "coherence": {
    "per_turn": [
      null,
      0.6426399946212769,
      0.2091473639011383,
      0.5640418529510498,
      0.312475323677063,
      0.4859006702899933,
      0.4727151393890381,
      0.5487982034683228,
      0.39766570925712585,
      0.6080567836761475,
      0.6460718512535095,
      0.6032310724258423,
      0.44524630904197693,
      0.5990526676177979,
      0.44761189818382263,
      0.6134196519851685,
      0.565108597278595,
      0.5479929447174072,
      0.5837768316268921,
      0.42521876096725464,
      -0.0007842313498258591
    ],
    "mean": 0.4858693697489798,
    "min": -0.0007842313498258591
  },
  "topic_drift": {
    "per_turn": [
      0.7652969360351562,
      0.801933765411377,
      0.12738122045993805,
      0.3467476963996887,
      0.14474067091941833,
      0.32847845554351807,
      0.15963652729988098,
      0.34389346837997437,
      0.21393689513206482,
      0.2840490937232971,
      0.1646835207939148,
      0.2568128705024719,
      0.312982976436615,
      0.2590288519859314,
      0.2856419086456299,
      0.3609968423843384,
      0.4466184377670288,
      0.3311752676963806,
      0.1041824221611023,
      0.15563711524009705,
      0.06649421155452728
    ],
    "mean": 0.2981118644986834,
    "min": 0.06649421155452728,
    "drift_slope": -0.013902795237380182
  },
  "sentiment": {
    "per_turn": [
      0.802,
      -0.946,
      -0.0772,
      -0.94,
      0.802,
      -0.3291,
      0.4404,
      -0.3343,
      0.6124,
      0.631,
      0.5719,
      0.4019,
      0.8126,
      0.8248,
      0.4019,
      -0.2584,
      0.0,
      -0.5267,
      -0.5719,
      -0.7184,
      0.9055
    ],
    "by_speaker": {
      "Lyra": [
        0.802,
        -0.0772,
        0.802,
        0.4404,
        0.6124,
        0.5719,
        0.8126,
        0.4019,
        0.0,
        -0.5719,
        0.9055
      ],
      "Cipher": [
        -0.946,
        -0.94,
        -0.3291,
        -0.3343,
        0.631,
        0.4019,
        0.8248,
        -0.2584,
        -0.5267,
        -0.7184
      ]
    },
    "mean": 0.11925714285714288,
    "slope": 0.0013701298701298695,
    "volatility": 0.6155693830155318
  },
  "diversity": {
    "by_speaker": {
      "Lyra": {
        "semantic_diversity": 0.6942647099494934,
        "ttr": 0.5581395348837209
      },
      "Cipher": {
        "semantic_diversity": 0.6414071321487427,
        "ttr": 0.4816053511705686
      }
    },
    "global_ttr": 0.4191666666666667
  }
}