{
  "condition_id": "modiso__gpt-oss-20b__t00__r03",
  "topic": "AI will eliminate more jobs than it creates within the next decade",
  "turn_count": 21,
  "persona": {
    "by_speaker": {
      "Lyra": {
        "mean": 0.4522284944845723,
        "per_turn": [
          0.24671760336053983,
          0.48545587233987364,
          0.2186754593295001,
          0.44683841454976725,
          0.4718498966233293,
          0.7416727206396116,
          0.48331162190352833,
          0.47489741838527477,
          0.41184848329006307,
          0.4399896052635134,
          0.5532563436452944
        ]
      },
      "Cipher": {
        "mean": 0.713266729742693,
        "per_turn": [
          0.7515216146230675,
          0.5264945834599848,
          0.7987799371494071,
          0.7847534736000181,
          0.8125652121739944,
          0.525088369902836,
          0.7927473980113842,
          0.8137634928765087,
          0.5420599762851479,
          0.7848932393445813
        ]
      }
    },
    "discrimination": {
      "Lyra": {
        "own_mean": 0.4522,
        "cross_mean": 0.5478,
        "gap": -0.0955
      },
      "Cipher": {
        "own_mean": 0.7133,
        "cross_mean": 0.2867,
        "gap": 0.4265
      }
    }
  },
  "coherence": {
    "per_turn": [
      null,
      0.6543079614639282,
      0.6346010565757751,
      0.6520586609840393,
      0.7198203206062317,
      0.5634710788726807,
      0.6796233057975769,
      0.31290990114212036,
      0.6340198516845703,
      0.6314392685890198,
      0.6366443634033203,
      0.4403514862060547,
      0.7222042083740234,
      0.46474748849868774,
      0.6293240785598755,
      0.5340191125869751,
      0.5173749923706055,
      0.5210946202278137,
      0.562951922416687,
      0.5705305933952332,
      0.19070178270339966
    ],
    "mean": 0.5636098027229309,
    "min": 0.19070178270339966
  },
  "topic_drift": {
    "per_turn": [
      0.7831569910049438,
      0.7126784920692444,
      0.5780525207519531,
      0.6452047228813171,
      0.6063505411148071,
      0.40788406133651733,
      0.3594210147857666,
      0.5726232528686523,
      0.6744174361228943,
      0.5977957248687744,
      0.5687748789787292,
      0.5001458525657654,
      0.4332011938095093,
      0.5461740493774414,
      0.43281710147857666,
      0.4353259801864624,
      0.21881970763206482,
      0.35689643025398254,
      0.3994942307472229,
      0.364080011844635,
      0.17901551723480225
    ],
    "mean": 0.4939204624720982,
    "min": 0.17901551723480225,
    "drift_slope": -0.01971330708497532
  },
  "sentiment": {
    "per_turn": [
      0.6249,
      0.2498,
      0.4404,
      -0.2732,
      0.4215,
      0.8773,
      0.7845,
      0.7969,
      0.2023,
      0.3612,
      0.296,
      0.6852,
      0.9022,
      0.4149,
      0.8225,
      0.5106,
      -0.09,
      0.3818,
      0.3818,
      -0.5499,
      0.9382
    ],
    "by_speaker": {
      "Lyra": [
        0.6249,
        0.4404,
        0.4215,
        0.7845,
        0.2023,
        0.296,
        0.9022,
        0.8225,
        -0.09,
        0.3818,
        0.9382
      ],
      "Cipher": [
        0.2498,
        -0.2732,
        0.8773,
        0.7969,
        0.3612,
        0.6852,
        0.4149,
        0.5106,
        0.3818,
        -0.5499
      ]
    },
    "mean": 0.4370904761904762,
    "slope": -0.005351688311688311,
    "volatility": 0.3805616800076559
  },
  "diversity": {
    "by_speaker": {
      "Lyra": {
        "semantic_diversity": 0.6058246493339539,
        "ttr": 0.5520661157024793
      },
      "Cipher": {
        "semantic_diversity": 0.5280142426490784,
        "ttr": 0.5207100591715976
      }
    },
    "global_ttr": 0.43435251798561153
  }
}