{
  "condition_id": "modiso__qwen-235b__t04__r01",
  "topic": "Strong government regulation of AI development will cause more harm than good",
  "turn_count": 21,
  "persona": {
    "by_speaker": {
      "Lyra": {
        "mean": 0.5052107300726211,
        "per_turn": [
          0.4498902047152217,
          0.4954129857649432,
          0.5389543824876013,
          0.6854513728196844,
          0.5293550801513456,
          0.4022830842783725,
          0.546313863651835,
          0.5013835279743197,
          0.4931611985787424,
          0.23781678200315642,
          0.677295548373609
        ]
      },
      "Cipher": {
        "mean": 0.6383131794021193,
        "per_turn": [
          0.8176327720945747,
          0.5070570465107336,
          0.7607625910937225,
          0.5208176975387115,
          0.49907400035572,
          0.5690420481712208,
          0.5005383898911683,
          0.8195998375987256,
          0.8709107321894354,
          0.5176966785771799
        ]
      }
    },
    "discrimination": {
      "Lyra": {
        "own_mean": 0.5052,
        "cross_mean": 0.4948,
        "gap": 0.0104
      },
      "Cipher": {
        "own_mean": 0.6383,
        "cross_mean": 0.3617,
        "gap": 0.2766
      }
    }
  },
  "coherence": {
    "per_turn": [
      null,
      0.49843931198120117,
      0.5868183374404907,
      0.6642533540725708,
      0.37595266103744507,
      0.5098905563354492,
      0.27531880140304565,
      0.32609495520591736,
      0.28261059522628784,
      0.5347581505775452,
      0.5501576662063599,
      0.5389729142189026,
      0.5313950777053833,
      0.5273264646530151,
      0.43588370084762573,
      0.6267377734184265,
      0.687687873840332,
      0.4984402358531952,
      0.4136563241481781,
      0.45287802815437317,
      0.03209371119737625
    ],
    "mean": 0.46746832467615607,
    "min": 0.03209371119737625
  },
  "topic_drift": {
    "per_turn": [
      0.7384930849075317,
      0.5235867500305176,
      0.5231950283050537,
      0.46396172046661377,
      0.3014417290687561,
      0.48322394490242004,
      0.3575991094112396,
      0.6330354809761047,
      0.2113426923751831,
      0.3858528137207031,
      0.557128369808197,
      0.5520941019058228,
      0.3077341616153717,
      0.2712743878364563,
      0.43401849269866943,
      0.13078756630420685,
      0.26707154512405396,
      0.334839403629303,
      0.2759147882461548,
      0.4779863953590393,
      0.03241017460823059
    ],
    "mean": 0.39347579720474424,
    "min": 0.03241017460823059,
    "drift_slope": -0.016548460973547657
  },
  "sentiment": {
    "per_turn": [
      0.3919,
      0.8588,
      -0.8192,
      -0.719,
      0.7807,
      -0.4184,
      -0.5927,
      -0.5927,
      0.661,
      -0.3716,
      0.5023,
      0.785,
      0.962,
      0.93,
      0.9636,
      -0.3182,
      0.0644,
      -0.7964,
      0.8973,
      -0.5023,
      0.6858
    ],
    "by_speaker": {
      "Lyra": [
        0.3919,
        -0.8192,
        0.7807,
        -0.5927,
        0.661,
        0.5023,
        0.962,
        0.9636,
        0.0644,
        0.8973,
        0.6858
      ],
      "Cipher": [
        0.8588,
        -0.719,
        -0.4184,
        -0.5927,
        -0.3716,
        0.785,
        0.93,
        -0.3182,
        -0.7964,
        -0.5023
      ]
    },
    "mean": 0.15963333333333332,
    "slope": 0.016408311688311694,
    "volatility": 0.6712108492321799
  },
  "diversity": {
    "by_speaker": {
      "Lyra": {
        "semantic_diversity": 0.7281069159507751,
        "ttr": 0.5298126064735945
      },
      "Cipher": {
        "semantic_diversity": 0.6767718195915222,
        "ttr": 0.4805194805194805
      }
    },
    "global_ttr": 0.4056525353283458
  }
}