{
  "condition_id": "modiso__gpt-oss-20b__t07__r01",
  "topic": "Meaningful climate action and sustained economic growth are fundamentally incompatible",
  "turn_count": 21,
  "persona": {
    "by_speaker": {
      "Lyra": {
        "mean": 0.5222515380526715,
        "per_turn": [
          0.7794624224358042,
          0.7292712886025565,
          0.49688436873824193,
          0.5169322994378758,
          0.4959441227174272,
          0.5359784985282916,
          0.4706458457027223,
          0.5011220131036496,
          0.42574512203408377,
          0.19643880801367805,
          0.5963421292650563
        ]
      },
      "Cipher": {
        "mean": 0.6777357541714711,
        "per_turn": [
          0.7731634872799752,
          0.7731011715654396,
          0.7868297428578706,
          0.49396940762936065,
          0.49017821662235883,
          0.5694139080213839,
          0.7440657859701109,
          0.7747405749386256,
          0.8222767382049788,
          0.5496185086246076
        ]
      }
    },
    "discrimination": {
      "Lyra": {
        "own_mean": 0.5223,
        "cross_mean": 0.4777,
        "gap": 0.0445
      },
      "Cipher": {
        "own_mean": 0.6777,
        "cross_mean": 0.3223,
        "gap": 0.3555
      }
    }
  },
  "coherence": {
    "per_turn": [
      null,
      0.6496046185493469,
      0.48774319887161255,
      0.5338287353515625,
      0.5794356465339661,
      0.5460493564605713,
      0.47748029232025146,
      0.5514691472053528,
      0.5376914739608765,
      0.42318469285964966,
      0.6542752385139465,
      0.3827468752861023,
      0.53603196144104,
      0.481365829706192,
      0.6218361854553223,
      0.5957176685333252,
      0.740307629108429,
      0.7287033796310425,
      0.7235745191574097,
      0.49324488639831543,
      -0.017596248537302017
    ],
    "mean": 0.5363347543403506,
    "min": -0.017596248537302017
  },
  "topic_drift": {
    "per_turn": [
      0.6813757419586182,
      0.7566410303115845,
      0.47194725275039673,
      0.4873390793800354,
      0.25842636823654175,
      0.2592999339103699,
      0.48648566007614136,
      0.4998241364955902,
      0.36135798692703247,
      0.31579673290252686,
      0.3685944676399231,
      0.3611091077327728,
      0.30125829577445984,
      0.3665611743927002,
      0.46755266189575195,
      0.3031190037727356,
      0.3638274073600769,
      0.33561843633651733,
      0.3597415089607239,
      0.19580911099910736,
      0.16247406601905823
    ],
    "mean": 0.38876948399203165,
    "min": 0.16247406601905823,
    "drift_slope": -0.015448182840625978
  },
  "sentiment": {
    "per_turn": [
      0.7717,
      0.6908,
      -0.27,
      -0.6061,
      -0.2672,
      0.8807,
      0.0772,
      -0.3422,
      -0.1154,
      0.8422,
      0.5106,
      0.296,
      0.7506,
      0.3272,
      -0.743,
      -0.5719,
      0.34,
      0.25,
      0.2732,
      0.4019,
      0.8658
    ],
    "by_speaker": {
      "Lyra": [
        0.7717,
        -0.27,
        -0.2672,
        0.0772,
        -0.1154,
        0.5106,
        0.7506,
        -0.743,
        0.34,
        0.2732,
        0.8658
      ],
      "Cipher": [
        0.6908,
        -0.6061,
        0.8807,
        -0.3422,
        0.8422,
        0.296,
        0.3272,
        -0.5719,
        0.25,
        0.4019
      ]
    },
    "mean": 0.2077190476190476,
    "slope": 0.006457922077922074,
    "volatility": 0.5052758394410943
  },
  "diversity": {
    "by_speaker": {
      "Lyra": {
        "semantic_diversity": 0.6410199999809265,
        "ttr": 0.5123076923076924
      },
      "Cipher": {
        "semantic_diversity": 0.6188580989837646,
        "ttr": 0.5056910569105691
      }
    },
    "global_ttr": 0.40474308300395256
  }
}