{
  "condition_id": "modiso__gpt-oss-120b__t00__r03",
  "topic": "AI will eliminate more jobs than it creates within the next decade",
  "turn_count": 21,
  "persona": {
    "by_speaker": {
      "Lyra": {
        "mean": 0.5491278981370433,
        "per_turn": [
          0.5174686047043271,
          0.5530226877623247,
          0.782055618645551,
          0.5346231274682487,
          0.5005274402330941,
          0.4923388952439857,
          0.5495755828513809,
          0.5003952524654904,
          0.485266196183211,
          0.5244715602675496,
          0.6006619136823135
        ]
      },
      "Cipher": {
        "mean": 0.5967505669024527,
        "per_turn": [
          0.7592172467752025,
          0.4984086120830278,
          0.48613674426576386,
          0.7263286868111953,
          0.5723181414131852,
          0.4875392462611425,
          0.47185834452953956,
          0.7772729294122116,
          0.4786596686103422,
          0.709766048862916
        ]
      }
    },
    "discrimination": {
      "Lyra": {
        "own_mean": 0.5491,
        "cross_mean": 0.4509,
        "gap": 0.0983
      },
      "Cipher": {
        "own_mean": 0.5968,
        "cross_mean": 0.4032,
        "gap": 0.1935
      }
    }
  },
  "coherence": {
    "per_turn": [
      null,
      0.6771912574768066,
      0.6555241942405701,
      0.4727342128753662,
      0.48512589931488037,
      0.40118706226348877,
      0.56299889087677,
      0.49996790289878845,
      0.6753162741661072,
      0.32013559341430664,
      0.43542546033859253,
      0.5888736248016357,
      0.49401792883872986,
      0.419617623090744,
      0.6679034233093262,
      0.6393024921417236,
      0.6222074031829834,
      0.40180712938308716,
      0.5882278680801392,
      0.44774535298347473,
      0.029972851276397705
    ],
    "mean": 0.5042641222476959,
    "min": 0.029972851276397705
  },
  "topic_drift": {
    "per_turn": [
      0.7828857898712158,
      0.6932942867279053,
      0.5010142922401428,
      0.255555659532547,
      0.37609803676605225,
      0.11346659064292908,
      0.15632015466690063,
      0.19779077172279358,
      0.2829614281654358,
      0.18551252782344818,
      0.2171604335308075,
      0.17974108457565308,
      0.2272617667913437,
      0.15327173471450806,
      0.26519232988357544,
      0.1482957899570465,
      0.2262529581785202,
      0.17311018705368042,
      0.16038286685943604,
      0.05796726047992706,
      0.26041746139526367
    ],
    "mean": 0.26733111483710154,
    "min": 0.05796726047992706,
    "drift_slope": -0.01920124660064647
  },
  "sentiment": {
    "per_turn": [
      0.6597,
      -0.2382,
      0.8689,
      0.4019,
      0.802,
      -0.4092,
      0.6124,
      0.5106,
      -0.6705,
      0.1655,
      -0.2746,
      0.9209,
      0.5499,
      -0.3919,
      0.6597,
      0.705,
      0.4404,
      -0.2382,
      0.4404,
      0.2023,
      0.9081
    ],
    "by_speaker": {
      "Lyra": [
        0.6597,
        0.8689,
        0.802,
        0.6124,
        -0.6705,
        -0.2746,
        0.5499,
        0.6597,
        0.4404,
        0.4404,
        0.9081
      ],
      "Cipher": [
        -0.2382,
        0.4019,
        -0.4092,
        0.5106,
        0.1655,
        0.9209,
        -0.3919,
        0.705,
        -0.2382,
        0.2023
      ]
    },
    "mean": 0.3154809523809525,
    "slope": 0.0034014285714285657,
    "volatility": 0.48124826245232166
  },
  "diversity": {
    "by_speaker": {
      "Lyra": {
        "semantic_diversity": 0.7057401537895203,
        "ttr": 0.5789473684210527
      },
      "Cipher": {
        "semantic_diversity": 0.7686078548431396,
        "ttr": 0.48096192384769537
      }
    },
    "global_ttr": 0.43106617647058826
  }
}