{
  "condition_id": "modiso__llama-70b__t00__r01",
  "topic": "AI will eliminate more jobs than it creates within the next decade",
  "turn_count": 21,
  "persona": {
    "by_speaker": {
      "Lyra": {
        "mean": 0.6307077762565458,
        "per_turn": [
          0.7764054557242177,
          0.8084155947136769,
          0.7915690388554617,
          0.45801868743558427,
          0.7396637080413986,
          0.4585533144001407,
          0.6871125386243987,
          0.48218277157621797,
          0.48628930297706235,
          0.7019082578101487,
          0.5476668686636964
        ]
      },
      "Cipher": {
        "mean": 0.6684295507285845,
        "per_turn": [
          0.7775265750557219,
          0.5120574736205159,
          0.7793295376244109,
          0.7835225150701133,
          0.5360140808296522,
          0.590097351245312,
          0.8703097421533185,
          0.7668069753807272,
          0.5027274135514905,
          0.5659038427545828
        ]
      }
    },
    "discrimination": {
      "Lyra": {
        "own_mean": 0.6307,
        "cross_mean": 0.3693,
        "gap": 0.2614
      },
      "Cipher": {
        "own_mean": 0.6684,
        "cross_mean": 0.3316,
        "gap": 0.3369
      }
    }
  },
  "coherence": {
    "per_turn": [
      null,
      0.6180486083030701,
      0.5388559103012085,
      0.5870143175125122,
      0.4261906147003174,
      0.5763348937034607,
      0.696986198425293,
      0.5735337138175964,
      0.5500630140304565,
      0.5935225486755371,
      0.4274679720401764,
      0.3940190076828003,
      0.48577505350112915,
      0.6862328052520752,
      0.4232940673828125,
      0.7218450903892517,
      0.6580864191055298,
      0.766423761844635,
      0.5566227436065674,
      0.7465245723724365,
      0.2858319878578186
    ],
    "mean": 0.5656336650252343,
    "min": 0.2858319878578186
  },
  "topic_drift": {
    "per_turn": [
      0.6480696201324463,
      0.7803235054016113,
      0.5507399439811707,
      0.6417825222015381,
      0.3629380762577057,
      0.5883439779281616,
      0.5854803323745728,
      0.32686424255371094,
      0.3566393256187439,
      0.40807288885116577,
      0.2227438986301422,
      0.2165672481060028,
      0.28093981742858887,
      0.2970297336578369,
      0.38123568892478943,
      0.3332027494907379,
      0.4813300669193268,
      0.4330543875694275,
      0.5227161645889282,
      0.3682764172554016,
      0.26124483346939087
    ],
    "mean": 0.4308378781591143,
    "min": 0.2165672481060028,
    "drift_slope": -0.014385324406933478
  },
  "sentiment": {
    "per_turn": [
      0.8307,
      -0.7579,
      0.6501,
      0.7432,
      0.8758,
      0.6986,
      0.7125,
      -0.4678,
      0.8397,
      -0.6015,
      0.9153,
      -0.8705,
      0.8214,
      0.1406,
      0.8271,
      0.6956,
      0.9089,
      0.0772,
      0.9467,
      0.7503,
      0.9448
    ],
    "by_speaker": {
      "Lyra": [
        0.8307,
        0.6501,
        0.8758,
        0.7125,
        0.8397,
        0.9153,
        0.8214,
        0.8271,
        0.9089,
        0.9467,
        0.9448
      ],
      "Cipher": [
        -0.7579,
        0.7432,
        0.6986,
        -0.4678,
        -0.6015,
        -0.8705,
        0.1406,
        0.6956,
        0.0772,
        0.7503
      ]
    },
    "mean": 0.4609904761904762,
    "slope": 0.01894441558441558,
    "volatility": 0.5962987058311998
  },
  "diversity": {
    "by_speaker": {
      "Lyra": {
        "semantic_diversity": 0.5837888717651367,
        "ttr": 0.38405797101449274
      },
      "Cipher": {
        "semantic_diversity": 0.545183539390564,
        "ttr": 0.4573268921095008
      }
    },
    "global_ttr": 0.3333333333333333
  }
}