{
  "condition_id": "modiso__gpt-oss-20b__t03__r03",
  "topic": "The resources spent on space exploration would produce greater good if redirected to Earth's problems",
  "turn_count": 21,
  "persona": {
    "by_speaker": {
      "Lyra": {
        "mean": 0.5664516135074802,
        "per_turn": [
          0.5624784864376164,
          0.5052887362382836,
          0.5631241262075399,
          0.5602289863480001,
          0.5134431200255201,
          0.5445933825799837,
          0.7908414187025571,
          0.5140109907838706,
          0.5096039428833171,
          0.5360591582327163,
          0.6312954001428775
        ]
      },
      "Cipher": {
        "mean": 0.5713866814614387,
        "per_turn": [
          0.7206612102155211,
          0.4449572771491581,
          0.4702799600874053,
          0.4731405633111839,
          0.7457611060006859,
          0.4454937198783595,
          0.7254049300333549,
          0.4683050479806333,
          0.47422736105595165,
          0.7456356389021332
        ]
      }
    },
    "discrimination": {
      "Lyra": {
        "own_mean": 0.5665,
        "cross_mean": 0.4335,
        "gap": 0.1329
      },
      "Cipher": {
        "own_mean": 0.5714,
        "cross_mean": 0.4286,
        "gap": 0.1428
      }
    }
  },
  "coherence": {
    "per_turn": [
      null,
      0.4998238682746887,
      0.6177469491958618,
      0.6838427782058716,
      0.7406455278396606,
      0.7827398777008057,
      0.6465697884559631,
      0.6307464241981506,
      0.642595648765564,
      0.530769944190979,
      0.612311601638794,
      0.6808018088340759,
      0.6649949550628662,
      0.5185666084289551,
      0.7069425582885742,
      0.6791905164718628,
      0.6206830143928528,
      0.5522888898849487,
      0.7495429515838623,
      0.5905757546424866,
      0.05455006659030914
    ],
    "mean": 0.6102964766323566,
    "min": 0.05455006659030914
  },
  "topic_drift": {
    "per_turn": [
      0.5593028664588928,
      0.7626725435256958,
      0.5333836078643799,
      0.665439784526825,
      0.5871663093566895,
      0.6281777620315552,
      0.4734816551208496,
      0.48287132382392883,
      0.5107629299163818,
      0.4496537148952484,
      0.39463454484939575,
      0.4300197958946228,
      0.4025854468345642,
      0.4260980188846588,
      0.3973686099052429,
      0.08225296437740326,
      0.16839122772216797,
      0.2098703384399414,
      0.20103491842746735,
      0.409300297498703,
      0.0733005553483963
    ],
    "mean": 0.4213223436049053,
    "min": 0.0733005553483963,
    "drift_slope": -0.02576777197710879
  },
  "sentiment": {
    "per_turn": [
      0.0772,
      0.8126,
      0.9022,
      -0.3291,
      0.9136,
      0.9313,
      0.7835,
      0.8534,
      0.886,
      0.9382,
      0.6486,
      0.7717,
      0.8683,
      0.7427,
      0.9317,
      0.9217,
      0.7717,
      0.5346,
      0.7579,
      -0.4242,
      0.6808
    ],
    "by_speaker": {
      "Lyra": [
        0.0772,
        0.9022,
        0.9136,
        0.7835,
        0.886,
        0.6486,
        0.8683,
        0.9317,
        0.7717,
        0.7579,
        0.6808
      ],
      "Cipher": [
        0.8126,
        -0.3291,
        0.9313,
        0.8534,
        0.9382,
        0.7717,
        0.7427,
        0.9217,
        0.5346,
        -0.4242
      ]
    },
    "mean": 0.665447619047619,
    "slope": -0.0013562337662337577,
    "volatility": 0.38651029015938626
  },
  "diversity": {
    "by_speaker": {
      "Lyra": {
        "semantic_diversity": 0.6023792028427124,
        "ttr": 0.5066864784546805
      },
      "Cipher": {
        "semantic_diversity": 0.5450072884559631,
        "ttr": 0.4776386404293381
      }
    },
    "global_ttr": 0.39285714285714285
  }
}