{
  "condition_id": "modiso__llama-70b__t03__r01",
  "topic": "The resources spent on space exploration would produce greater good if redirected to Earth's problems",
  "turn_count": 21,
  "persona": {
    "by_speaker": {
      "Lyra": {
        "mean": 0.6238967799277383,
        "per_turn": [
          0.5657789721379187,
          0.7601593552920888,
          0.5245458673890996,
          0.8101288094246013,
          0.8013264880550615,
          0.5535254576208699,
          0.5760455046535304,
          0.5390276587033769,
          0.5469508535349366,
          0.5913785060704757,
          0.5939971063231622
        ]
      },
      "Cipher": {
        "mean": 0.5655437642066986,
        "per_turn": [
          0.6864490865975893,
          0.5460444603297698,
          0.7256863781857903,
          0.7338300607122071,
          0.49231654895349075,
          0.43809449397444855,
          0.4020194882071305,
          0.5014530508093455,
          0.7309096692172141,
          0.3986344050799999
        ]
      }
    },
    "discrimination": {
      "Lyra": {
        "own_mean": 0.6239,
        "cross_mean": 0.3761,
        "gap": 0.2478
      },
      "Cipher": {
        "own_mean": 0.5655,
        "cross_mean": 0.4345,
        "gap": 0.1311
      }
    }
  },
  "coherence": {
    "per_turn": [
      null,
      0.5516037940979004,
      0.6485679149627686,
      0.6426368951797485,
      0.5597178936004639,
      0.6854324340820312,
      0.5757654905319214,
      0.473762184381485,
      0.5799895524978638,
      0.5625723600387573,
      0.5525972843170166,
      0.6910399198532104,
      0.7131050825119019,
      0.4929591119289398,
      0.41322821378707886,
      0.5764500498771667,
      0.5441876649856567,
      0.5333899855613708,
      0.5323158502578735,
      0.5245851278305054,
      0.1603136956691742
    ],
    "mean": 0.5507110252976417,
    "min": 0.1603136956691742
  },
  "topic_drift": {
    "per_turn": [
      0.54532790184021,
      0.48181554675102234,
      0.5628222227096558,
      0.40025830268859863,
      0.5629953145980835,
      0.4166566729545593,
      0.4281821846961975,
      0.5512621402740479,
      0.5293236374855042,
      0.4049070477485657,
      0.4379521310329437,
      0.5028767585754395,
      0.4547034800052643,
      0.4775561988353729,
      0.260619580745697,
      0.3073269724845886,
      0.39833152294158936,
      0.38269948959350586,
      0.4093382656574249,
      0.4690511226654053,
      0.06293129175901413
    ],
    "mean": 0.4308065612401281,
    "min": 0.06293129175901413,
    "drift_slope": -0.011385583587281124
  },
  "sentiment": {
    "per_turn": [
      0.5267,
      0.7615,
      0.6213,
      0.964,
      0.8555,
      0.2263,
      -0.099,
      -0.5023,
      0.9776,
      -0.1154,
      0.9442,
      -0.0516,
      -0.0276,
      -0.0026,
      0.8416,
      0.7783,
      0.97,
      -0.2382,
      -0.5455,
      -0.1027,
      0.967
    ],
    "by_speaker": {
      "Lyra": [
        0.5267,
        0.6213,
        0.8555,
        -0.099,
        0.9776,
        0.9442,
        -0.0276,
        0.8416,
        0.97,
        -0.5455,
        0.967
      ],
      "Cipher": [
        0.7615,
        0.964,
        0.2263,
        -0.5023,
        -0.1154,
        -0.0516,
        -0.0026,
        0.7783,
        -0.2382,
        -0.1027
      ]
    },
    "mean": 0.3690047619047619,
    "slope": -0.018652857142857134,
    "volatility": 0.5245042616161614
  },
  "diversity": {
    "by_speaker": {
      "Lyra": {
        "semantic_diversity": 0.5763112306594849,
        "ttr": 0.38173817381738173
      },
      "Cipher": {
        "semantic_diversity": 0.5477650165557861,
        "ttr": 0.4805194805194805
      }
    },
    "global_ttr": 0.35013812154696133
  }
}