{
  "condition_id": "modiso__llama-8b__t07__r02",
  "topic": "Meaningful climate action and sustained economic growth are fundamentally incompatible",
  "turn_count": 21,
  "persona": {
    "by_speaker": {
      "Lyra": {
        "mean": 0.5470659775905579,
        "per_turn": [
          0.489000507288892,
          0.4654997236486039,
          0.5526949717540234,
          0.4745760520641886,
          0.5265926230799776,
          0.7789502715455795,
          0.47584823036069523,
          0.49271053608955806,
          0.7243292247155262,
          0.4918174576044203,
          0.5457061553446725
        ]
      },
      "Cipher": {
        "mean": 0.5642084505871336,
        "per_turn": [
          0.7719963442039491,
          0.5272714894772819,
          0.5249745097405667,
          0.5470670625873373,
          0.44779126094984967,
          0.7531707666164817,
          0.508285629952955,
          0.5489508717079095,
          0.5637131693556181,
          0.44886340127938745
        ]
      }
    },
    "discrimination": {
      "Lyra": {
        "own_mean": 0.5471,
        "cross_mean": 0.4529,
        "gap": 0.0941
      },
      "Cipher": {
        "own_mean": 0.5642,
        "cross_mean": 0.4358,
        "gap": 0.1284
      }
    }
  },
  "coherence": {
    "per_turn": [
      null,
      0.5406830310821533,
      0.7346227169036865,
      0.5280873775482178,
      0.5617230534553528,
      0.48973971605300903,
      0.5722128748893738,
      0.5638198852539062,
      0.37603580951690674,
      0.5384098887443542,
      0.5402379035949707,
      0.7729556560516357,
      0.7810775637626648,
      0.5810847282409668,
      0.4851507246494293,
      0.5750400424003601,
      0.4141630232334137,
      0.4804510474205017,
      0.47686144709587097,
      0.6230356097221375,
      0.19354933500289917
    ],
    "mean": 0.5414470717310905,
    "min": 0.19354933500289917
  },
  "topic_drift": {
    "per_turn": [
      0.7890723943710327,
      0.586438000202179,
      0.545193612575531,
      0.2703038454055786,
      0.14886070787906647,
      0.21460109949111938,
      0.21180583536624908,
      0.16351400315761566,
      0.1782989799976349,
      0.3158753216266632,
      0.17341040074825287,
      0.16534548997879028,
      0.21994644403457642,
      0.20370221138000488,
      0.24438969790935516,
      0.1527843177318573,
      0.23244674503803253,
      0.19985592365264893,
      0.11093826591968536,
      0.19670408964157104,
      0.5415534973144531
    ],
    "mean": 0.2792876611153285,
    "min": 0.11093826591968536,
    "drift_slope": -0.012433603773643456
  },
  "sentiment": {
    "per_turn": [
      0.8271,
      0.8481,
      0.9353,
      0.802,
      0.8591,
      0.2023,
      0.4137,
      -0.5574,
      0.82,
      0.8481,
      0.8454,
      0.4767,
      0.9494,
      0.8172,
      0.6767,
      0.5574,
      0.8972,
      0.1531,
      0.8639,
      0.8402,
      0.9017
    ],
    "by_speaker": {
      "Lyra": [
        0.8271,
        0.9353,
        0.8591,
        0.4137,
        0.82,
        0.8454,
        0.9494,
        0.6767,
        0.8972,
        0.8639,
        0.9017
      ],
      "Cipher": [
        0.8481,
        0.802,
        0.2023,
        -0.5574,
        0.8481,
        0.4767,
        0.8172,
        0.5574,
        0.1531,
        0.8402
      ]
    },
    "mean": 0.6655809523809524,
    "slope": 0.003413896103896082,
    "volatility": 0.3548548779418045
  },
  "diversity": {
    "by_speaker": {
      "Lyra": {
        "semantic_diversity": 0.7187078595161438,
        "ttr": 0.4478442280945758
      },
      "Cipher": {
        "semantic_diversity": 0.7378835082054138,
        "ttr": 0.5447897623400365
      }
    },
    "global_ttr": 0.39731437598736175
  }
}