{
  "condition_id": "modiso__llama-70b__t03__r03",
  "topic": "The resources spent on space exploration would produce greater good if redirected to Earth's problems",
  "turn_count": 21,
  "persona": {
    "by_speaker": {
      "Lyra": {
        "mean": 0.6734139238094428,
        "per_turn": [
          0.5675255628974765,
          0.7983400723893762,
          0.7780579189535717,
          0.5239570151178226,
          0.7798075965399225,
          0.5599446417298928,
          0.5580040486054993,
          0.8217090204591361,
          0.8089985399686568,
          0.5634478681245868,
          0.6477608771179293
        ]
      },
      "Cipher": {
        "mean": 0.5336208603423627,
        "per_turn": [
          0.6664567843674896,
          0.7467313636240465,
          0.4820475624041713,
          0.4700592739963567,
          0.40899204657069266,
          0.48557522569006356,
          0.73219006202236,
          0.4359241393543849,
          0.43851151746672123,
          0.46972062792734026
        ]
      }
    },
    "discrimination": {
      "Lyra": {
        "own_mean": 0.6734,
        "cross_mean": 0.3266,
        "gap": 0.3468
      },
      "Cipher": {
        "own_mean": 0.5336,
        "cross_mean": 0.4664,
        "gap": 0.0672
      }
    }
  },
  "coherence": {
    "per_turn": [
      null,
      0.5995132327079773,
      0.6873227953910828,
      0.6443428993225098,
      0.5842740535736084,
      0.5162613391876221,
      0.6491377353668213,
      0.4605181813240051,
      0.45766764879226685,
      0.5871015787124634,
      0.5110214352607727,
      0.6248311996459961,
      0.6168743968009949,
      0.6951993703842163,
      0.5915718674659729,
      0.580870509147644,
      0.6393405795097351,
      0.7270699739456177,
      0.6740885972976685,
      0.4828454256057739,
      0.14721085131168365
    ],
    "mean": 0.5738531835377216,
    "min": 0.14721085131168365
  },
  "topic_drift": {
    "per_turn": [
      0.5216621160507202,
      0.6334103941917419,
      0.5658454298973083,
      0.5525187849998474,
      0.5365027189254761,
      0.5223113894462585,
      0.44026803970336914,
      0.3796278238296509,
      0.5375601649284363,
      0.34638065099716187,
      0.37124812602996826,
      0.43839532136917114,
      0.5544898509979248,
      0.624801754951477,
      0.5661441683769226,
      0.5403529405593872,
      0.5722792744636536,
      0.48007652163505554,
      0.5216564536094666,
      0.31447017192840576,
      0.14746421575546265
    ],
    "mean": 0.4841650625069936,
    "min": 0.14746421575546265,
    "drift_slope": -0.007536728854303244
  },
  "sentiment": {
    "per_turn": [
      0.4939,
      0.0516,
      0.734,
      0.6115,
      0.6573,
      -0.6597,
      0.9485,
      0.8726,
      0.9349,
      -0.0516,
      0.9259,
      0.3812,
      0.9148,
      0.7964,
      0.911,
      -0.4767,
      0.9296,
      0.6046,
      0.977,
      0.8126,
      0.979
    ],
    "by_speaker": {
      "Lyra": [
        0.4939,
        0.734,
        0.6573,
        0.9485,
        0.9349,
        0.9259,
        0.9148,
        0.911,
        0.9296,
        0.977,
        0.979
      ],
      "Cipher": [
        0.0516,
        0.6115,
        -0.6597,
        0.8726,
        -0.0516,
        0.3812,
        0.7964,
        -0.4767,
        0.6046,
        0.8126
      ]
    },
    "mean": 0.5880190476190477,
    "slope": 0.020985064935064933,
    "volatility": 0.46990833920695196
  },
  "diversity": {
    "by_speaker": {
      "Lyra": {
        "semantic_diversity": 0.48018425703048706,
        "ttr": 0.4053738317757009
      },
      "Cipher": {
        "semantic_diversity": 0.5277820825576782,
        "ttr": 0.46113989637305697
      }
    },
    "global_ttr": 0.34425087108013935
  }
}