{
  "condition_id": "modiso__llama-70b__t04__r01",
  "topic": "Strong government regulation of AI development will cause more harm than good",
  "turn_count": 21,
  "persona": {
    "by_speaker": {
      "Lyra": {
        "mean": 0.5855097366669567,
        "per_turn": [
          0.46517697662409463,
          0.6996959955452563,
          0.725903331298621,
          0.20625168800649188,
          0.7891724523109818,
          0.5179987152326725,
          0.5018506717269139,
          0.7721778950180049,
          0.5033984927003883,
          0.7506239007714408,
          0.5083569841016576
        ]
      },
      "Cipher": {
        "mean": 0.5893921734488649,
        "per_turn": [
          0.7881471967617656,
          0.5225961521580054,
          0.442654428925376,
          0.7772256503302041,
          0.5277197427139736,
          0.5291916424942327,
          0.7839186230950578,
          0.4972649176762991,
          0.5157298512581074,
          0.5094735290756265
        ]
      }
    },
    "discrimination": {
      "Lyra": {
        "own_mean": 0.5855,
        "cross_mean": 0.4145,
        "gap": 0.171
      },
      "Cipher": {
        "own_mean": 0.5894,
        "cross_mean": 0.4106,
        "gap": 0.1788
      }
    }
  },
  "coherence": {
    "per_turn": [
      null,
      0.6536475419998169,
      0.6353983879089355,
      0.5705165863037109,
      0.649141788482666,
      0.39812347292900085,
      0.449252724647522,
      0.4841352105140686,
      0.5989981293678284,
      0.3888985216617584,
      0.4266507923603058,
      0.40720006823539734,
      0.45798078179359436,
      0.35437101125717163,
      0.47104018926620483,
      0.5017690658569336,
      0.5243736505508423,
      0.32267239689826965,
      0.2903742492198944,
      0.721635103225708,
      0.31843844056129456
    ],
    "mean": 0.4812309056520462,
    "min": 0.2903742492198944
  },
  "topic_drift": {
    "per_turn": [
      0.7629730701446533,
      0.7253472805023193,
      0.6446355581283569,
      0.7143229246139526,
      0.6874891519546509,
      0.40380433201789856,
      0.7670435905456543,
      0.4351782202720642,
      0.26742154359817505,
      0.43060243129730225,
      0.5469633340835571,
      0.4309377074241638,
      0.2881782352924347,
      0.25830698013305664,
      0.43305686116218567,
      0.48469266295433044,
      0.5212929248809814,
      0.2631531059741974,
      0.36487340927124023,
      0.4602205753326416,
      0.534759521484375
    ],
    "mean": 0.4964406390984853,
    "min": 0.25830698013305664,
    "drift_slope": -0.01621040187098762
  },
  "sentiment": {
    "per_turn": [
      0.8815,
      0.5106,
      0.1901,
      -0.8572,
      0.5039,
      -0.8481,
      0.7933,
      0.4305,
      0.9234,
      -0.3612,
      0.6369,
      -0.4019,
      0.308,
      -0.4588,
      0.867,
      -0.2134,
      -0.586,
      0.5719,
      0.7466,
      0.5574,
      0.9393
    ],
    "by_speaker": {
      "Lyra": [
        0.8815,
        0.1901,
        0.5039,
        0.7933,
        0.9234,
        0.6369,
        0.308,
        0.867,
        -0.586,
        0.7466,
        0.9393
      ],
      "Cipher": [
        0.5106,
        -0.8572,
        -0.8481,
        0.4305,
        -0.3612,
        -0.4019,
        -0.4588,
        -0.2134,
        0.5719,
        0.5574
      ]
    },
    "mean": 0.2444666666666667,
    "slope": 0.010966753246753244,
    "volatility": 0.594227393009759
  },
  "diversity": {
    "by_speaker": {
      "Lyra": {
        "semantic_diversity": 0.5129209160804749,
        "ttr": 0.4265463917525773
      },
      "Cipher": {
        "semantic_diversity": 0.6192271113395691,
        "ttr": 0.45126353790613716
      }
    },
    "global_ttr": 0.3593984962406015
  }
}