{
  "condition_id": "modiso__gpt-oss-20b__t05__r03",
  "topic": "Genetic editing to prevent hereditary diseases in human embryos should be legally permitted",
  "turn_count": 21,
  "persona": {
    "by_speaker": {
      "Lyra": {
        "mean": 0.5476870023270359,
        "per_turn": [
          0.49560076740018577,
          0.7834282522626559,
          0.5092604614910661,
          0.45552495328365183,
          0.45341237547615953,
          0.7510082924240303,
          0.4049945956448756,
          0.48200548219855605,
          0.5016195517354958,
          0.5265298489792396,
          0.6611724447014784
        ]
      },
      "Cipher": {
        "mean": 0.7168053200656521,
        "per_turn": [
          0.5265241719315219,
          0.6955453394072196,
          0.8202412242812908,
          0.8178086304825558,
          0.7787296158709609,
          0.826395706562449,
          0.5575450517744929,
          0.5810627389759482,
          0.754709026243674,
          0.8094916951264082
        ]
      }
    },
    "discrimination": {
      "Lyra": {
        "own_mean": 0.5477,
        "cross_mean": 0.4523,
        "gap": 0.0954
      },
      "Cipher": {
        "own_mean": 0.7168,
        "cross_mean": 0.2832,
        "gap": 0.4336
      }
    }
  },
  "coherence": {
    "per_turn": [
      null,
      0.6256971955299377,
      0.6524210572242737,
      0.5209882259368896,
      0.6002233028411865,
      0.6258617639541626,
      0.6623202562332153,
      0.5879337191581726,
      0.6117390990257263,
      0.5816782712936401,
      0.7278439998626709,
      0.36294981837272644,
      0.5827940702438354,
      0.5813758373260498,
      0.6168081164360046,
      0.4692177474498749,
      0.7895805835723877,
      0.49026376008987427,
      0.5323992967605591,
      0.5864851474761963,
      0.08498582243919373
    ],
    "mean": 0.5646783545613289,
    "min": 0.08498582243919373
  },
  "topic_drift": {
    "per_turn": [
      0.8636471629142761,
      0.5797200202941895,
      0.2846595346927643,
      0.41345760226249695,
      0.6442633867263794,
      0.5628732442855835,
      0.5426065921783447,
      0.5290968418121338,
      0.3045790195465088,
      0.18149015307426453,
      0.1722019910812378,
      0.15276671946048737,
      0.41755813360214233,
      0.4694209098815918,
      0.5297319889068604,
      0.17939141392707825,
      0.21233046054840088,
      0.15199428796768188,
      0.14989718794822693,
      0.054342932999134064,
      0.007592081092298031
    ],
    "mean": 0.3525534126286705,
    "min": 0.007592081092298031,
    "drift_slope": -0.02693452558589059
  },
  "sentiment": {
    "per_turn": [
      0.3612,
      -0.4939,
      0.0258,
      0.5851,
      0.7096,
      -0.332,
      0.3173,
      0.4939,
      0.5106,
      0.7394,
      0.9231,
      0.5719,
      0.5423,
      0.9217,
      0.8553,
      0.8126,
      0.9382,
      0.8744,
      0.6908,
      0.8271,
      0.9062
    ],
    "by_speaker": {
      "Lyra": [
        0.3612,
        0.0258,
        0.7096,
        0.3173,
        0.5106,
        0.9231,
        0.5423,
        0.8553,
        0.9382,
        0.6908,
        0.9062
      ],
      "Cipher": [
        -0.4939,
        0.5851,
        -0.332,
        0.4939,
        0.7394,
        0.5719,
        0.9217,
        0.8126,
        0.8744,
        0.8271
      ]
    },
    "mean": 0.5609809523809522,
    "slope": 0.04559740259740259,
    "volatility": 0.3913631739483194
  },
  "diversity": {
    "by_speaker": {
      "Lyra": {
        "semantic_diversity": 0.6506754755973816,
        "ttr": 0.5633802816901409
      },
      "Cipher": {
        "semantic_diversity": 0.6706770658493042,
        "ttr": 0.5010141987829615
      }
    },
    "global_ttr": 0.42695570216776624
  }
}