{
  "condition_id": "modiso__llama4-scout__t03__r01",
  "topic": "The resources spent on space exploration would produce greater good if redirected to Earth's problems",
  "turn_count": 21,
  "persona": {
    "by_speaker": {
      "Lyra": {
        "mean": 0.5968011349364111,
        "per_turn": [
          0.5936009071827615,
          0.5594476062083817,
          0.7690369651982731,
          0.5395945487947063,
          0.7745543880009929,
          0.5463376626674128,
          0.5578245529022653,
          0.5363880631670019,
          0.5543187596897512,
          0.5519041778865017,
          0.5818048526024726
        ]
      },
      "Cipher": {
        "mean": 0.6092265467415741,
        "per_turn": [
          0.6785339835687493,
          0.4434197422655635,
          0.6675625530547034,
          0.7311392190859409,
          0.4114713707806257,
          0.6264971786279403,
          0.45256431459057644,
          0.6564391131667124,
          0.6954580649392342,
          0.7291799273356937
        ]
      }
    },
    "discrimination": {
      "Lyra": {
        "own_mean": 0.5968,
        "cross_mean": 0.4032,
        "gap": 0.1936
      },
      "Cipher": {
        "own_mean": 0.6092,
        "cross_mean": 0.3908,
        "gap": 0.2185
      }
    }
  },
  "coherence": {
    "per_turn": [
      null,
      0.5448426604270935,
      0.6010844111442566,
      0.6214175224304199,
      0.5747829079627991,
      0.5640376806259155,
      0.6392385363578796,
      0.43008846044540405,
      0.7018889784812927,
      0.2922217547893524,
      0.7301880717277527,
      0.41220343112945557,
      0.6940726041793823,
      0.5543155670166016,
      0.7031784057617188,
      0.6814699769020081,
      0.6075074672698975,
      0.5791593194007874,
      0.5670321583747864,
      0.7202213406562805,
      0.3985799551010132
    ],
    "mean": 0.5808765605092049,
    "min": 0.2922217547893524
  },
  "topic_drift": {
    "per_turn": [
      0.5372695326805115,
      0.6111190319061279,
      0.6088458895683289,
      0.5041123628616333,
      0.4302535355091095,
      0.5385565757751465,
      0.620837390422821,
      0.29771295189857483,
      0.2670634984970093,
      0.43321576714515686,
      0.18708139657974243,
      0.42251598834991455,
      0.4234810173511505,
      0.4760288596153259,
      0.35218584537506104,
      0.4333808124065399,
      0.4212087392807007,
      0.46733197569847107,
      0.4440738558769226,
      0.5013366341590881,
      0.4121619164943695
    ],
    "mean": 0.4471320751167479,
    "min": 0.18708139657974243,
    "drift_slope": -0.006016139628051169
  },
  "sentiment": {
    "per_turn": [
      0.1531,
      -0.7744,
      0.4343,
      0.7444,
      0.8848,
      -0.1406,
      0.6542,
      -0.0586,
      0.9694,
      0.877,
      0.6847,
      0.7579,
      0.9745,
      0.8519,
      0.7954,
      -0.296,
      0.649,
      0.7845,
      0.7843,
      -0.8316,
      0.8748
    ],
    "by_speaker": {
      "Lyra": [
        0.1531,
        0.4343,
        0.8848,
        0.6542,
        0.9694,
        0.6847,
        0.9745,
        0.7954,
        0.649,
        0.7843,
        0.8748
      ],
      "Cipher": [
        -0.7744,
        0.7444,
        -0.1406,
        -0.0586,
        0.877,
        0.7579,
        0.8519,
        -0.296,
        0.7845,
        -0.8316
      ]
    },
    "mean": 0.46538095238095245,
    "slope": 0.013998051948051952,
    "volatility": 0.5480754202697425
  },
  "diversity": {
    "by_speaker": {
      "Lyra": {
        "semantic_diversity": 0.6185675859451294,
        "ttr": 0.4312210200927357
      },
      "Cipher": {
        "semantic_diversity": 0.5333818197250366,
        "ttr": 0.45052631578947366
      }
    },
    "global_ttr": 0.35294117647058826
  }
}