{
  "condition_id": "modiso__llama-70b__t01__r03",
  "topic": "Social media has done more harm than good to mental health and democracy",
  "turn_count": 21,
  "persona": {
    "by_speaker": {
      "Lyra": {
        "mean": 0.6243596481172604,
        "per_turn": [
          0.8554408566648504,
          0.53783028122867,
          0.7529057985724847,
          0.5585846533403658,
          0.5922169299816848,
          0.6856223058391387,
          0.5254581945463352,
          0.5363688987650335,
          0.5764128696781539,
          0.6022351786539512,
          0.6448801620191966
        ]
      },
      "Cipher": {
        "mean": 0.6893355565437038,
        "per_turn": [
          0.6295101454951949,
          0.780488758789498,
          0.782341325718416,
          0.47438874890689997,
          0.7415060501105557,
          0.7650339834838102,
          0.6850253084344828,
          0.6822076106781505,
          0.6660624146962664,
          0.686791219123764
        ]
      }
    },
    "discrimination": {
      "Lyra": {
        "own_mean": 0.6244,
        "cross_mean": 0.3756,
        "gap": 0.2487
      },
      "Cipher": {
        "own_mean": 0.6893,
        "cross_mean": 0.3107,
        "gap": 0.3787
      }
    }
  },
  "coherence": {
    "per_turn": [
      null,
      0.674623966217041,
      0.6111850738525391,
      0.37703758478164673,
      0.4632830321788788,
      0.464523047208786,
      0.6252624988555908,
      0.5433928966522217,
      0.46055006980895996,
      0.34197506308555603,
      0.3580450415611267,
      0.44999563694000244,
      0.5221003293991089,
      0.6275463700294495,
      0.31294509768486023,
      0.5371637344360352,
      0.5867263674736023,
      0.4403510093688965,
      0.5382171869277954,
      0.5481729507446289,
      0.13632479310035706
    ],
    "mean": 0.48097108751535417,
    "min": 0.13632479310035706
  },
  "topic_drift": {
    "per_turn": [
      0.73731929063797,
      0.6155189275741577,
      0.3563445210456848,
      0.26426276564598083,
      0.31056779623031616,
      0.2770099341869354,
      0.321140855550766,
      0.30540889501571655,
      0.18919357657432556,
      0.12686476111412048,
      0.23747871816158295,
      0.24601197242736816,
      0.3635326623916626,
      0.23161961138248444,
      0.289542019367218,
      0.29270270466804504,
      0.3444162905216217,
      0.1687968373298645,
      0.2936461269855499,
      0.18495061993598938,
      0.0811895877122879
    ],
    "mean": 0.29702468925998327,
    "min": 0.0811895877122879,
    "drift_slope": -0.014551484991203659
  },
  "sentiment": {
    "per_turn": [
      0.6746,
      0.3054,
      0.8553,
      0.7497,
      0.8651,
      -0.807,
      -0.1027,
      -0.6187,
      -0.0754,
      0.4293,
      0.8439,
      0.9246,
      0.799,
      0.34,
      0.9224,
      0.8151,
      0.7845,
      0.0772,
      0.8627,
      0.8335,
      0.9382
    ],
    "by_speaker": {
      "Lyra": [
        0.6746,
        0.8553,
        0.8651,
        -0.1027,
        -0.0754,
        0.8439,
        0.799,
        0.9224,
        0.7845,
        0.8627,
        0.9382
      ],
      "Cipher": [
        0.3054,
        0.7497,
        -0.807,
        -0.6187,
        0.4293,
        0.9246,
        0.34,
        0.8151,
        0.0772,
        0.8335
      ]
    },
    "mean": 0.4960333333333334,
    "slope": 0.025439090909090904,
    "volatility": 0.5087208855208123
  },
  "diversity": {
    "by_speaker": {
      "Lyra": {
        "semantic_diversity": 0.6962552070617676,
        "ttr": 0.4033078880407125
      },
      "Cipher": {
        "semantic_diversity": 0.6788812279701233,
        "ttr": 0.4499054820415879
      }
    },
    "global_ttr": 0.34448669201520915
  }
}