{
  "condition_id": "modiso__gpt-oss-120b__t05__r02",
  "topic": "Genetic editing to prevent hereditary diseases in human embryos should be legally permitted",
  "turn_count": 21,
  "persona": {
    "by_speaker": {
      "Lyra": {
        "mean": 0.5249602022853852,
        "per_turn": [
          0.43648226004835455,
          0.8315679964621471,
          0.4908753026715929,
          0.4564306820904188,
          0.49176521386338745,
          0.4691307162685821,
          0.4667517556423224,
          0.49184752752501565,
          0.506760700137119,
          0.4939990063324977,
          0.6389510640977996
        ]
      },
      "Cipher": {
        "mean": 0.6001651312255973,
        "per_turn": [
          0.8081120777420387,
          0.7331522551637997,
          0.5481070618669625,
          0.7989526292646842,
          0.4902236048321228,
          0.5087206455369512,
          0.535026136600859,
          0.4606357732196473,
          0.6831110194682728,
          0.435610108560636
        ]
      }
    },
    "discrimination": {
      "Lyra": {
        "own_mean": 0.525,
        "cross_mean": 0.475,
        "gap": 0.0499
      },
      "Cipher": {
        "own_mean": 0.6002,
        "cross_mean": 0.3998,
        "gap": 0.2003
      }
    }
  },
  "coherence": {
    "per_turn": [
      null,
      0.5759907960891724,
      0.3342817425727844,
      0.48043757677078247,
      0.4592844247817993,
      0.5885721445083618,
      0.7092781662940979,
      0.42889124155044556,
      0.5009646415710449,
      0.5471017360687256,
      0.4857134222984314,
      0.5140562057495117,
      0.3809119462966919,
      0.5686967372894287,
      0.5546503067016602,
      0.3860403597354889,
      0.25527337193489075,
      0.6638892889022827,
      0.6636859774589539,
      0.5291761159896851,
      -0.02205449342727661
    ],
    "mean": 0.48024208545684816,
    "min": -0.02205449342727661
  },
  "topic_drift": {
    "per_turn": [
      0.8585593700408936,
      0.583214282989502,
      0.18284860253334045,
      0.23168569803237915,
      0.22541892528533936,
      0.32482171058654785,
      0.26461952924728394,
      0.19315439462661743,
      0.28446388244628906,
      0.24140247702598572,
      0.21567954123020172,
      0.22118963301181793,
      0.280010461807251,
      0.3848917484283447,
      0.40816622972488403,
      0.16060909628868103,
      0.23853883147239685,
      0.29918551445007324,
      0.2706332802772522,
      0.2899101972579956,
      -0.02814776822924614
    ],
    "mean": 0.2919455065968491,
    "min": -0.02814776822924614,
    "drift_slope": -0.01292739801786163
  },
  "sentiment": {
    "per_turn": [
      -0.34,
      -0.743,
      0.3291,
      0.2732,
      0.6808,
      -0.7579,
      -0.1531,
      0.7762,
      0.9458,
      0.765,
      0.802,
      0.5258,
      -0.128,
      0.9072,
      0.8402,
      -0.0762,
      0.3818,
      0.5271,
      -0.3597,
      0.0667,
      0.9657
    ],
    "by_speaker": {
      "Lyra": [
        -0.34,
        0.3291,
        0.6808,
        -0.1531,
        0.9458,
        0.802,
        -0.128,
        0.8402,
        0.3818,
        -0.3597,
        0.9657
      ],
      "Cipher": [
        -0.743,
        0.2732,
        -0.7579,
        0.7762,
        0.765,
        0.5258,
        0.9072,
        -0.0762,
        0.5271,
        0.0667
      ]
    },
    "mean": 0.2966047619047619,
    "slope": 0.026240389610389613,
    "volatility": 0.539291633689788
  },
  "diversity": {
    "by_speaker": {
      "Lyra": {
        "semantic_diversity": 0.7149029970169067,
        "ttr": 0.5940766550522648
      },
      "Cipher": {
        "semantic_diversity": 0.7561897039413452,
        "ttr": 0.4781021897810219
      }
    },
    "global_ttr": 0.4554367201426025
  }
}