{
  "condition_id": "modiso__llama-8b__t00__r01",
  "topic": "AI will eliminate more jobs than it creates within the next decade",
  "turn_count": 21,
  "persona": {
    "by_speaker": {
      "Lyra": {
        "mean": 0.4632769082267535,
        "per_turn": [
          0.5160128637657279,
          0.5167954566362947,
          0.2823896239934546,
          0.49845846872272426,
          0.5055920219303635,
          0.5709205914630803,
          0.5320516470737064,
          0.5683785781777158,
          0.5227164400100233,
          0.2675407658431458,
          0.3151895328780523
        ]
      },
      "Cipher": {
        "mean": 0.5333518125024899,
        "per_turn": [
          0.7717917573642714,
          0.4842840628171734,
          0.4644149013048332,
          0.7332196905565856,
          0.5115747364105399,
          0.4860491265098764,
          0.4505927348137134,
          0.47277079698233637,
          0.47571628098012253,
          0.48310403728544593
        ]
      }
    },
    "discrimination": {
      "Lyra": {
        "own_mean": 0.4633,
        "cross_mean": 0.5367,
        "gap": -0.0734
      },
      "Cipher": {
        "own_mean": 0.5334,
        "cross_mean": 0.4666,
        "gap": 0.0667
      }
    }
  },
  "coherence": {
    "per_turn": [
      null,
      0.699650228023529,
      0.8096311092376709,
      0.778099775314331,
      0.6585617065429688,
      0.6984573602676392,
      0.5634268522262573,
      0.6567529439926147,
      0.6464303731918335,
      0.5931358337402344,
      0.48528215289115906,
      0.6237359046936035,
      0.7908212542533875,
      0.6131435036659241,
      0.6223912835121155,
      0.3104588985443115,
      0.5693511962890625,
      0.42596834897994995,
      0.39249569177627563,
      0.2964775562286377,
      0.33320143818855286
    ],
    "mean": 0.5783736705780029,
    "min": 0.2964775562286377
  },
  "topic_drift": {
    "per_turn": [
      0.8228211402893066,
      0.7056636810302734,
      0.7163184285163879,
      0.6776496767997742,
      0.4412553906440735,
      0.3913094997406006,
      0.3406746983528137,
      0.35945603251457214,
      0.3758540451526642,
      0.5764862895011902,
      0.264836847782135,
      0.5253496170043945,
      0.49181532859802246,
      0.3031938374042511,
      0.257800430059433,
      0.3051486611366272,
      0.3478584289550781,
      0.23755943775177002,
      0.17039114236831665,
      0.40334218740463257,
      0.23535911738872528
    ],
    "mean": 0.426197329447383,
    "min": 0.17039114236831665,
    "drift_slope": -0.0225379835862618
  },
  "sentiment": {
    "per_turn": [
      0.6249,
      0.0387,
      0.4469,
      -0.2579,
      -0.1183,
      -0.9167,
      0.7543,
      -0.5106,
      -0.7635,
      0.7964,
      0.7506,
      -0.4585,
      0.0472,
      0.0157,
      0.529,
      -0.7769,
      0.0552,
      0.4215,
      -0.6607,
      0.6249,
      0.9527
    ],
    "by_speaker": {
      "Lyra": [
        0.6249,
        0.4469,
        -0.1183,
        0.7543,
        -0.7635,
        0.7506,
        0.0472,
        0.529,
        0.0552,
        -0.6607,
        0.9527
      ],
      "Cipher": [
        0.0387,
        -0.2579,
        -0.9167,
        -0.5106,
        0.7964,
        -0.4585,
        0.0157,
        -0.7769,
        0.4215,
        0.6249
      ]
    },
    "mean": 0.07594761904761904,
    "slope": 0.009393506493506489,
    "volatility": 0.577893684915971
  },
  "diversity": {
    "by_speaker": {
      "Lyra": {
        "semantic_diversity": 0.5970679521560669,
        "ttr": 0.4018369690011481
      },
      "Cipher": {
        "semantic_diversity": 0.5733060240745544,
        "ttr": 0.4351687388987567
      }
    },
    "global_ttr": 0.3333333333333333
  }
}