{
  "condition_id": "modiso__qwen-235b__t06__r03",
  "topic": "Remote work has weakened organisational culture more than it has empowered individuals",
  "turn_count": 21,
  "persona": {
    "by_speaker": {
      "Lyra": {
        "mean": 0.6388777007194583,
        "per_turn": [
          0.6800805819494693,
          0.6232441516694998,
          0.6094122708275603,
          0.8692931105536188,
          0.5838055171885681,
          0.6287151063281737,
          0.6333392979528674,
          0.5899629066776002,
          0.6058633511662499,
          0.5707557378626239,
          0.6331826757378095
        ]
      },
      "Cipher": {
        "mean": 0.4788940708291515,
        "per_turn": [
          0.6082078945491212,
          0.3039657966242454,
          0.4448670545440804,
          0.6823612429414512,
          0.40641236499344724,
          0.3951590138905361,
          0.3308499287372509,
          0.4421048005997118,
          0.6880993812253806,
          0.48691323018629
        ]
      }
    },
    "discrimination": {
      "Lyra": {
        "own_mean": 0.6389,
        "cross_mean": 0.3611,
        "gap": 0.2778
      },
      "Cipher": {
        "own_mean": 0.4789,
        "cross_mean": 0.5211,
        "gap": -0.0422
      }
    }
  },
  "coherence": {
    "per_turn": [
      null,
      0.4818955659866333,
      0.7151384949684143,
      0.6461399793624878,
      0.5487302541732788,
      0.6542447209358215,
      0.6056826710700989,
      0.5511670708656311,
      0.1660010665655136,
      0.45068061351776123,
      0.4427207112312317,
      0.4937845766544342,
      0.5283100008964539,
      0.5673999786376953,
      0.532492995262146,
      0.5037065744400024,
      0.4833527207374573,
      0.5210418701171875,
      0.4727351665496826,
      0.3221777379512787,
      0.37743625044822693
    ],
    "mean": 0.5032419510185718,
    "min": 0.1660010665655136
  },
  "topic_drift": {
    "per_turn": [
      0.4242973327636719,
      0.6254394054412842,
      0.7423223257064819,
      0.4185364842414856,
      0.35505345463752747,
      0.4175688922405243,
      0.2978323698043823,
      0.37637895345687866,
      0.28222209215164185,
      0.37133336067199707,
      0.2942155599594116,
      0.6151261329650879,
      0.3695484399795532,
      0.31957578659057617,
      0.20919141173362732,
      0.3022998571395874,
      0.30806198716163635,
      0.43450379371643066,
      0.26513057947158813,
      0.2342602014541626,
      0.28102853894233704
    ],
    "mean": 0.37828223620142254,
    "min": 0.20919141173362732,
    "drift_slope": -0.012498552497331195
  },
  "sentiment": {
    "per_turn": [
      0.25,
      -0.5764,
      -0.7783,
      -0.1154,
      0.6705,
      -0.7906,
      0.1513,
      -0.7456,
      0.4933,
      0.7037,
      -0.2725,
      -0.5574,
      0.6413,
      -0.6858,
      0.4019,
      -0.1531,
      0.5729,
      0.9188,
      0.765,
      0.2584,
      0.6908
    ],
    "by_speaker": {
      "Lyra": [
        0.25,
        -0.7783,
        0.6705,
        0.1513,
        0.4933,
        -0.2725,
        0.6413,
        0.4019,
        0.5729,
        0.765,
        0.6908
      ],
      "Cipher": [
        -0.5764,
        -0.1154,
        -0.7906,
        -0.7456,
        0.7037,
        -0.5574,
        -0.6858,
        -0.1531,
        0.9188,
        0.2584
      ]
    },
    "mean": 0.08775238095238093,
    "slope": 0.0445787012987013,
    "volatility": 0.5772336645126581
  },
  "diversity": {
    "by_speaker": {
      "Lyra": {
        "semantic_diversity": 0.6898422241210938,
        "ttr": 0.45517241379310347
      },
      "Cipher": {
        "semantic_diversity": 0.5880354642868042,
        "ttr": 0.4593128390596745
      }
    },
    "global_ttr": 0.3592233009708738
  }
}