{
  "condition_id": "modiso__llama-70b__t01__r02",
  "topic": "Social media has done more harm than good to mental health and democracy",
  "turn_count": 21,
  "persona": {
    "by_speaker": {
      "Lyra": {
        "mean": 0.6640564627672281,
        "per_turn": [
          0.8665938042691863,
          0.5082108517569823,
          0.7776305030693762,
          0.80029049248626,
          0.5232769569998372,
          0.785703800992837,
          0.8129295595685013,
          0.8062352765867852,
          0.5098116965558117,
          0.2978370445145843,
          0.6161011036393463
        ]
      },
      "Cipher": {
        "mean": 0.668006159906233,
        "per_turn": [
          0.6705585411264332,
          0.3945597192673477,
          0.665551299738284,
          0.7515989566084611,
          0.7939667967977917,
          0.7549084585158209,
          0.686916839150281,
          0.7405063068513664,
          0.742616702155214,
          0.4788779788513309
        ]
      }
    },
    "discrimination": {
      "Lyra": {
        "own_mean": 0.6641,
        "cross_mean": 0.3359,
        "gap": 0.3281
      },
      "Cipher": {
        "own_mean": 0.668,
        "cross_mean": 0.332,
        "gap": 0.336
      }
    }
  },
  "coherence": {
    "per_turn": [
      null,
      0.6174908876419067,
      0.6960602402687073,
      0.6089058518409729,
      0.6485752463340759,
      0.6230860948562622,
      0.4583534598350525,
      0.2900281548500061,
      0.5805630683898926,
      0.4625545144081116,
      0.576058030128479,
      0.4620576798915863,
      0.32553064823150635,
      0.7032965421676636,
      0.45381757616996765,
      0.3823010325431824,
      0.4377812445163727,
      0.6215064525604248,
      0.555022656917572,
      0.45184046030044556,
      0.152712881565094
    ],
    "mean": 0.5053771361708641,
    "min": 0.152712881565094
  },
  "topic_drift": {
    "per_turn": [
      0.8897697925567627,
      0.5519746541976929,
      0.4786337614059448,
      0.3510756194591522,
      0.3541618883609772,
      0.31344538927078247,
      0.4284214675426483,
      0.19068589806556702,
      0.38750115036964417,
      0.1449926644563675,
      0.23517048358917236,
      0.25383079051971436,
      0.2522333860397339,
      0.2363249957561493,
      0.2983400821685791,
      0.12657618522644043,
      0.19214744865894318,
      0.2201423943042755,
      0.43367671966552734,
      0.26365649700164795,
      0.07499131560325623
    ],
    "mean": 0.3179882182961419,
    "min": 0.07499131560325623,
    "drift_slope": -0.01879269532956086
  },
  "sentiment": {
    "per_turn": [
      0.3504,
      0.6467,
      0.9016,
      0.6865,
      0.8995,
      -0.431,
      0.9128,
      0.6652,
      -0.7216,
      -0.2617,
      -0.6609,
      0.2144,
      -0.605,
      -0.872,
      -0.1855,
      -0.7717,
      0.9427,
      0.8074,
      0.9772,
      0.0516,
      0.9477
    ],
    "by_speaker": {
      "Lyra": [
        0.3504,
        0.9016,
        0.8995,
        0.9128,
        -0.7216,
        -0.6609,
        -0.605,
        -0.1855,
        0.9427,
        0.9772,
        0.9477
      ],
      "Cipher": [
        0.6467,
        0.6865,
        -0.431,
        0.6652,
        -0.2617,
        0.2144,
        -0.872,
        -0.7717,
        0.8074,
        0.0516
      ]
    },
    "mean": 0.2140142857142857,
    "slope": -0.009963116883116886,
    "volatility": 0.6675635545172668
  },
  "diversity": {
    "by_speaker": {
      "Lyra": {
        "semantic_diversity": 0.6540781259536743,
        "ttr": 0.40801001251564456
      },
      "Cipher": {
        "semantic_diversity": 0.6273713707923889,
        "ttr": 0.4609375
      }
    },
    "global_ttr": 0.34096109839816935
  }
}