{
  "condition_id": "modiso__llama-70b__t06__r03",
  "topic": "Remote work has weakened organisational culture more than it has empowered individuals",
  "turn_count": 21,
  "persona": {
    "by_speaker": {
      "Lyra": {
        "mean": 0.6913367083869247,
        "per_turn": [
          0.8233339772064485,
          0.6471212247382792,
          0.6284037085781559,
          0.3306694844028356,
          0.8612583112172805,
          0.6431332451003493,
          0.8857992278885285,
          0.7040893272060691,
          0.607526997866082,
          0.8155813735014185,
          0.6577869145507245
        ]
      },
      "Cipher": {
        "mean": 0.4844679359793762,
        "per_turn": [
          0.7080014275816877,
          0.4591096594722589,
          0.4929173063160506,
          0.3376957569872947,
          0.3215795987713192,
          0.3534130369694283,
          0.6477324927777774,
          0.38531304874955885,
          0.41999205292465835,
          0.7189249792437278
        ]
      }
    },
    "discrimination": {
      "Lyra": {
        "own_mean": 0.6913,
        "cross_mean": 0.3087,
        "gap": 0.3827
      },
      "Cipher": {
        "own_mean": 0.4845,
        "cross_mean": 0.5155,
        "gap": -0.0311
      }
    }
  },
  "coherence": {
    "per_turn": [
      null,
      0.7433260083198547,
      0.42928582429885864,
      0.46521902084350586,
      0.4613836109638214,
      0.4960610568523407,
      0.44208186864852905,
      0.4902263581752777,
      0.6495985388755798,
      0.5630738735198975,
      0.38832610845565796,
      0.40055516362190247,
      0.5445087552070618,
      0.49657976627349854,
      0.5934634804725647,
      0.5726802349090576,
      0.554182767868042,
      0.6694145202636719,
      0.7838366031646729,
      0.5068180561065674,
      0.2751031517982483
    ],
    "mean": 0.5262862384319306,
    "min": 0.2751031517982483
  },
  "topic_drift": {
    "per_turn": [
      0.880325198173523,
      0.7446087598800659,
      0.283023864030838,
      0.3527504801750183,
      0.2310735285282135,
      0.30639374256134033,
      0.5257841348648071,
      0.5364003777503967,
      0.4652377963066101,
      0.5053555965423584,
      0.3682931959629059,
      0.5165148377418518,
      0.27265316247940063,
      0.43479931354522705,
      0.3401053547859192,
      0.6642856597900391,
      0.6265049576759338,
      0.6168919801712036,
      0.690822958946228,
      0.38523367047309875,
      0.5829887390136719
    ],
    "mean": 0.4919070147332691,
    "min": 0.2310735285282135,
    "drift_slope": 0.002135276213868877
  },
  "sentiment": {
    "per_turn": [
      0.197,
      0.6203,
      0.8591,
      0.7096,
      0.5209,
      0.2382,
      0.1358,
      -0.1027,
      0.8214,
      0.6705,
      0.7962,
      0.0516,
      0.9694,
      0.9522,
      0.6538,
      0.5106,
      0.8449,
      -0.1531,
      0.6465,
      0.7693,
      0.9406
    ],
    "by_speaker": {
      "Lyra": [
        0.197,
        0.8591,
        0.5209,
        0.1358,
        0.8214,
        0.7962,
        0.9694,
        0.6538,
        0.8449,
        0.6465,
        0.9406
      ],
      "Cipher": [
        0.6203,
        0.7096,
        0.2382,
        -0.1027,
        0.6705,
        0.0516,
        0.9522,
        0.5106,
        -0.1531,
        0.7693
      ]
    },
    "mean": 0.5548619047619047,
    "slope": 0.0120222077922078,
    "volatility": 0.34393981820771036
  },
  "diversity": {
    "by_speaker": {
      "Lyra": {
        "semantic_diversity": 0.5918779969215393,
        "ttr": 0.37299771167048057
      },
      "Cipher": {
        "semantic_diversity": 0.5806719064712524,
        "ttr": 0.4700193423597679
      }
    },
    "global_ttr": 0.32710280373831774
  }
}