{
  "condition_id": "modiso__qwen-235b__t00__r01",
  "topic": "AI will eliminate more jobs than it creates within the next decade",
  "turn_count": 21,
  "persona": {
    "by_speaker": {
      "Lyra": {
        "mean": 0.4927852669095753,
        "per_turn": [
          0.47420008746694287,
          0.5155428568770104,
          0.49575896376154704,
          0.5089990264921942,
          0.5214152885046093,
          0.5059178090998484,
          0.4575713538993093,
          0.5198847574163508,
          0.4489942626390293,
          0.43477235050725893,
          0.537581179341228
        ]
      },
      "Cipher": {
        "mean": 0.5654810959524016,
        "per_turn": [
          0.7593963538753555,
          0.5275857547233589,
          0.4746299555835759,
          0.48921275649249985,
          0.785241442258359,
          0.5400960569693692,
          0.4639341811107882,
          0.516540532908323,
          0.5316284950695673,
          0.5665454305328191
        ]
      }
    },
    "discrimination": {
      "Lyra": {
        "own_mean": 0.4928,
        "cross_mean": 0.5072,
        "gap": -0.0144
      },
      "Cipher": {
        "own_mean": 0.5655,
        "cross_mean": 0.4345,
        "gap": 0.131
      }
    }
  },
  "coherence": {
    "per_turn": [
      null,
      0.6697520017623901,
      0.45610594749450684,
      0.42359885573387146,
      0.6862382888793945,
      0.5558089017868042,
      0.6787629127502441,
      0.4987025856971741,
      0.4084591865539551,
      0.45573729276657104,
      0.5020767450332642,
      0.36379900574684143,
      0.5628952980041504,
      0.43771347403526306,
      0.48528608679771423,
      0.5993282794952393,
      0.5485384464263916,
      0.6370815634727478,
      0.4065232574939728,
      0.33334293961524963,
      0.5195294618606567
    ],
    "mean": 0.5114640265703201,
    "min": 0.33334293961524963
  },
  "topic_drift": {
    "per_turn": [
      0.8239580392837524,
      0.6701719760894775,
      0.3637542128562927,
      0.6090987920761108,
      0.4849373698234558,
      0.43794888257980347,
      0.35899168252944946,
      0.3507446348667145,
      0.316013902425766,
      0.5071278214454651,
      0.2676551342010498,
      0.4638770520687103,
      0.5374988913536072,
      0.2664467692375183,
      0.45016878843307495,
      0.5666368007659912,
      0.44224661588668823,
      0.5631633996963501,
      0.25583016872406006,
      0.5534072518348694,
      0.5546970963478088
    ],
    "mean": 0.4687797753583817,
    "min": 0.25583016872406006,
    "drift_slope": -0.005233250577728486
  },
  "sentiment": {
    "per_turn": [
      0.0772,
      -0.3291,
      0.4215,
      0.296,
      0.9127,
      0.7964,
      0.7906,
      -0.1531,
      0.7604,
      -0.6164,
      0.9343,
      0.9054,
      0.7347,
      -0.0772,
      0.7579,
      0.743,
      0.899,
      0.1027,
      0.17,
      -0.9153,
      -0.4678
    ],
    "by_speaker": {
      "Lyra": [
        0.0772,
        0.4215,
        0.9127,
        0.7906,
        0.7604,
        0.9343,
        0.7347,
        0.7579,
        0.899,
        0.17,
        -0.4678
      ],
      "Cipher": [
        -0.3291,
        0.296,
        0.7964,
        -0.1531,
        -0.6164,
        0.9054,
        -0.0772,
        0.743,
        0.1027,
        -0.9153
      ]
    },
    "mean": 0.32109047619047615,
    "slope": -0.016717922077922064,
    "volatility": 0.5588045692153597
  },
  "diversity": {
    "by_speaker": {
      "Lyra": {
        "semantic_diversity": 0.6360640525817871,
        "ttr": 0.48425787106446777
      },
      "Cipher": {
        "semantic_diversity": 0.5630972385406494,
        "ttr": 0.45936395759717313
      }
    },
    "global_ttr": 0.36982968369829683
  }
}