{
  "condition_id": "modiso__llama-8b__t00__r02",
  "topic": "AI will eliminate more jobs than it creates within the next decade",
  "turn_count": 21,
  "persona": {
    "by_speaker": {
      "Lyra": {
        "mean": 0.3948197484438008,
        "per_turn": [
          0.5205779321458778,
          0.2309631597692431,
          0.538402478818787,
          0.464852340109582,
          0.5290222491274712,
          0.2561088395993641,
          0.515641440706232,
          0.4657075998700542,
          0.2583515047595669,
          0.27488146761747667,
          0.2885082203581533
        ]
      },
      "Cipher": {
        "mean": 0.60472712357757,
        "per_turn": [
          0.7415915380794966,
          0.49718955803266873,
          0.5373609988032801,
          0.8024765140181966,
          0.7312925702191022,
          0.5429645373917528,
          0.5105709559205567,
          0.5795857045597648,
          0.5559710438367781,
          0.5482678149141035
        ]
      }
    },
    "discrimination": {
      "Lyra": {
        "own_mean": 0.3948,
        "cross_mean": 0.6052,
        "gap": -0.2104
      },
      "Cipher": {
        "own_mean": 0.6047,
        "cross_mean": 0.3953,
        "gap": 0.2095
      }
    }
  },
  "coherence": {
    "per_turn": [
      null,
      0.6320329904556274,
      0.5798342823982239,
      0.4790509343147278,
      0.3748013973236084,
      0.49635085463523865,
      0.6262513399124146,
      0.7301933765411377,
      0.371306449174881,
      0.5649040341377258,
      0.5424646139144897,
      0.5550607442855835,
      0.42600998282432556,
      0.43495094776153564,
      0.5405778288841248,
      0.7146602869033813,
      0.5228383541107178,
      0.4838850498199463,
      0.6078400611877441,
      0.5759588479995728,
      0.3034711182117462
    ],
    "mean": 0.5281221747398377,
    "min": 0.3034711182117462
  },
  "topic_drift": {
    "per_turn": [
      0.7898126840591431,
      0.6490893363952637,
      0.35760557651519775,
      0.6285949945449829,
      0.3798324763774872,
      0.5219656229019165,
      0.5943378210067749,
      0.42040497064590454,
      0.17675215005874634,
      0.47411465644836426,
      0.26959705352783203,
      0.4245171546936035,
      0.4742709696292877,
      0.40617746114730835,
      0.47174757719039917,
      0.35252559185028076,
      0.4829195737838745,
      0.3245276212692261,
      0.13764382898807526,
      0.32423722743988037,
      0.457750141620636
    ],
    "mean": 0.434210690004485,
    "min": 0.13764382898807526,
    "drift_slope": -0.013439923292630674
  },
  "sentiment": {
    "per_turn": [
      0.2263,
      -0.7503,
      -0.1027,
      -0.2328,
      0.3919,
      -0.6597,
      0.5489,
      0.2023,
      0.875,
      -0.8663,
      0.8126,
      -0.1798,
      -0.7003,
      0.9647,
      0.8934,
      0.6251,
      0.5574,
      -0.0258,
      0.2263,
      -0.0772,
      0.8955
    ],
    "by_speaker": {
      "Lyra": [
        0.2263,
        -0.1027,
        0.3919,
        0.5489,
        0.875,
        0.8126,
        -0.7003,
        0.8934,
        0.5574,
        0.2263,
        0.8955
      ],
      "Cipher": [
        -0.7503,
        -0.2328,
        -0.6597,
        0.2023,
        -0.8663,
        -0.1798,
        0.9647,
        0.6251,
        -0.0258,
        -0.0772
      ]
    },
    "mean": 0.1725952380952381,
    "slope": 0.033050649350649344,
    "volatility": 0.5762571800822719
  },
  "diversity": {
    "by_speaker": {
      "Lyra": {
        "semantic_diversity": 0.6324169039726257,
        "ttr": 0.3997194950911641
      },
      "Cipher": {
        "semantic_diversity": 0.5648572444915771,
        "ttr": 0.4010327022375215
      }
    },
    "global_ttr": 0.3222565687789799
  }
}