{
  "condition_id": "modiso__qwen-235b__t05__r02",
  "topic": "Genetic editing to prevent hereditary diseases in human embryos should be legally permitted",
  "turn_count": 21,
  "persona": {
    "by_speaker": {
      "Lyra": {
        "mean": 0.5266839986208445,
        "per_turn": [
          0.500591681184428,
          0.4708184153031033,
          0.5813327805819767,
          0.47138590752566456,
          0.4906897454410587,
          0.5370790925673259,
          0.520316964810003,
          0.5375836195083286,
          0.5584315984089598,
          0.5684036412696223,
          0.5568905382288188
        ]
      },
      "Cipher": {
        "mean": 0.5954618469124512,
        "per_turn": [
          0.7629280358148087,
          0.537492058577729,
          0.7902562973042637,
          0.47397560543888795,
          0.4687367712824612,
          0.525735663661396,
          0.4992467362439311,
          0.6761554306915625,
          0.4485938683606815,
          0.7714980017487902
        ]
      }
    },
    "discrimination": {
      "Lyra": {
        "own_mean": 0.5267,
        "cross_mean": 0.4733,
        "gap": 0.0534
      },
      "Cipher": {
        "own_mean": 0.5955,
        "cross_mean": 0.4045,
        "gap": 0.1909
      }
    }
  },
  "coherence": {
    "per_turn": [
      null,
      0.7789173126220703,
      0.5983617305755615,
      0.724976658821106,
      0.5068245530128479,
      0.6040202379226685,
      0.5012791156768799,
      0.36006835103034973,
      0.3683505654335022,
      0.48415565490722656,
      0.40587490797042847,
      0.34807413816452026,
      0.4013569951057434,
      0.6309255361557007,
      0.4053923487663269,
      0.5194502472877502,
      0.6537166237831116,
      0.5570255517959595,
      0.4313986897468567,
      0.2884218096733093,
      0.2808665633201599
    ],
    "mean": 0.492472879588604,
    "min": 0.2808665633201599
  },
  "topic_drift": {
    "per_turn": [
      0.79674232006073,
      0.7592347264289856,
      0.48945140838623047,
      0.5578041076660156,
      0.4057210683822632,
      0.4692293405532837,
      0.3146839439868927,
      0.2946529686450958,
      0.3496303856372833,
      0.21998994052410126,
      0.3185628652572632,
      0.36772528290748596,
      0.304088830947876,
      0.20292548835277557,
      0.21458597481250763,
      0.385275274515152,
      0.3717923164367676,
      0.5158218145370483,
      0.21216444671154022,
      0.3685828447341919,
      0.10690967738628387
    ],
    "mean": 0.38217023937475114,
    "min": 0.10690967738628387,
    "drift_slope": -0.018400818225625268
  },
  "sentiment": {
    "per_turn": [
      -0.25,
      0.2225,
      0.7289,
      0.7085,
      0.6956,
      -0.4588,
      -0.6542,
      -0.4404,
      -0.5582,
      -0.4215,
      0.7227,
      -0.5106,
      0.0,
      -0.09,
      0.0516,
      0.56,
      -0.6486,
      0.6369,
      0.726,
      -0.296,
      0.1406
    ],
    "by_speaker": {
      "Lyra": [
        -0.25,
        0.7289,
        0.6956,
        -0.6542,
        -0.5582,
        0.7227,
        0.0,
        0.0516,
        -0.6486,
        0.726,
        0.1406
      ],
      "Cipher": [
        0.2225,
        0.7085,
        -0.4588,
        -0.4404,
        -0.4215,
        -0.5106,
        -0.09,
        0.56,
        0.6369,
        -0.296
      ]
    },
    "mean": 0.04119047619047619,
    "slope": 0.0008384415584415595,
    "volatility": 0.5109903632534263
  },
  "diversity": {
    "by_speaker": {
      "Lyra": {
        "semantic_diversity": 0.6606302261352539,
        "ttr": 0.45652173913043476
      },
      "Cipher": {
        "semantic_diversity": 0.5735716223716736,
        "ttr": 0.4602587800369686
      }
    },
    "global_ttr": 0.35743298131600326
  }
}