{
  "condition_id": "modiso__llama-8b__t02__r02",
  "topic": "Universal basic income would reduce workforce participation and innovation over time",
  "turn_count": 21,
  "persona": {
    "by_speaker": {
      "Lyra": {
        "mean": 0.4777538810636082,
        "per_turn": [
          0.48275751804599115,
          0.5172077672885627,
          0.4688473112296421,
          0.5233706354859794,
          0.5157789855405434,
          0.5087319978434073,
          0.5044373270102546,
          0.47028249510156206,
          0.5144678754587622,
          0.4869643095939805,
          0.26244646910100544
        ]
      },
      "Cipher": {
        "mean": 0.6579224294408073,
        "per_turn": [
          0.7725435425860059,
          0.7285002759815171,
          0.5103195485102952,
          0.5123088023593337,
          0.5148317446363323,
          0.7275833836854885,
          0.7608890127966111,
          0.7606377619470682,
          0.7458975275442543,
          0.5457126943611654
        ]
      }
    },
    "discrimination": {
      "Lyra": {
        "own_mean": 0.4778,
        "cross_mean": 0.5222,
        "gap": -0.0445
      },
      "Cipher": {
        "own_mean": 0.6579,
        "cross_mean": 0.3421,
        "gap": 0.3158
      }
    }
  },
  "coherence": {
    "per_turn": [
      null,
      0.5010493993759155,
      0.6338487863540649,
      0.4073997735977173,
      0.5868582129478455,
      0.6252167820930481,
      0.5023695230484009,
      0.43661385774612427,
      0.6701786518096924,
      0.5047623515129089,
      0.5341607332229614,
      0.6589478254318237,
      0.6359769701957703,
      0.6227045059204102,
      0.6440414786338806,
      0.6503400802612305,
      0.6734158992767334,
      0.5535208582878113,
      0.657909631729126,
      0.7223660945892334,
      0.42246073484420776
    ],
    "mean": 0.5822071075439453,
    "min": 0.4073997735977173
  },
  "topic_drift": {
    "per_turn": [
      0.6870765089988708,
      0.5232326984405518,
      0.432448148727417,
      0.4599052667617798,
      0.37748193740844727,
      0.31347814202308655,
      0.3752915561199188,
      0.42559313774108887,
      0.38278844952583313,
      0.40834522247314453,
      0.5246613621711731,
      0.426807701587677,
      0.5281513333320618,
      0.4544680416584015,
      0.4815100133419037,
      0.4889359474182129,
      0.44345948100090027,
      0.46773359179496765,
      0.4807053506374359,
      0.4210812449455261,
      0.6682424545288086
    ],
    "mean": 0.46530464717320036,
    "min": 0.31347814202308655,
    "drift_slope": 0.0018532381042257505
  },
  "sentiment": {
    "per_turn": [
      -0.0516,
      -0.3182,
      0.0,
      0.8807,
      0.8999,
      0.9428,
      0.9682,
      0.2378,
      0.9274,
      0.296,
      0.6858,
      0.9109,
      0.7876,
      0.82,
      0.9448,
      0.705,
      0.8095,
      -0.0147,
      0.9032,
      0.5647,
      0.8658
    ],
    "by_speaker": {
      "Lyra": [
        -0.0516,
        0.0,
        0.8999,
        0.9682,
        0.9274,
        0.6858,
        0.7876,
        0.9448,
        0.8095,
        0.9032,
        0.8658
      ],
      "Cipher": [
        -0.3182,
        0.8807,
        0.9428,
        0.2378,
        0.296,
        0.9109,
        0.82,
        0.705,
        -0.0147,
        0.5647
      ]
    },
    "mean": 0.6078857142857144,
    "slope": 0.02381142857142857,
    "volatility": 0.3953345578785913
  },
  "diversity": {
    "by_speaker": {
      "Lyra": {
        "semantic_diversity": 0.5514822602272034,
        "ttr": 0.41759603469640644
      },
      "Cipher": {
        "semantic_diversity": 0.571959912776947,
        "ttr": 0.4577922077922078
      }
    },
    "global_ttr": 0.3457484188334505
  }
}