{
  "condition_id": "modiso__llama-8b__t07__r03",
  "topic": "Meaningful climate action and sustained economic growth are fundamentally incompatible",
  "turn_count": 21,
  "persona": {
    "by_speaker": {
      "Lyra": {
        "mean": 0.5494603357926219,
        "per_turn": [
          0.5363541611793714,
          0.5529547735378957,
          0.4926807735350015,
          0.49010831799307203,
          0.44683490673552617,
          0.48655104242671343,
          0.49464754814991846,
          0.7214452818413988,
          0.7740258814997732,
          0.7260280352038122,
          0.32243297161635714
        ]
      },
      "Cipher": {
        "mean": 0.7539401422842775,
        "per_turn": [
          0.7597595945200379,
          0.8155912264933445,
          0.8351023803707236,
          0.749557209239927,
          0.6130592177025384,
          0.7464386093765062,
          0.8195490958107641,
          0.8440594476353803,
          0.5326952667315413,
          0.823589374962012
        ]
      }
    },
    "discrimination": {
      "Lyra": {
        "own_mean": 0.5495,
        "cross_mean": 0.4505,
        "gap": 0.0989
      },
      "Cipher": {
        "own_mean": 0.7539,
        "cross_mean": 0.2461,
        "gap": 0.5079
      }
    }
  },
  "coherence": {
    "per_turn": [
      null,
      0.584108829498291,
      0.6897377967834473,
      0.294219970703125,
      0.6191369295120239,
      0.5552337169647217,
      0.515670895576477,
      0.5871164202690125,
      0.6117449998855591,
      0.17827580869197845,
      0.24744215607643127,
      0.7087152004241943,
      0.46094566583633423,
      0.3802551031112671,
      0.5147033929824829,
      0.6027771234512329,
      0.27221783995628357,
      0.5781525373458862,
      0.5141741633415222,
      0.38341274857521057,
      0.060917265713214874
    ],
    "mean": 0.4679479282349348,
    "min": 0.060917265713214874
  },
  "topic_drift": {
    "per_turn": [
      0.6919698119163513,
      0.7441210746765137,
      0.6136391162872314,
      0.2657567262649536,
      0.31053417921066284,
      0.40410202741622925,
      0.33550888299942017,
      0.20755407214164734,
      0.39849168062210083,
      0.15561702847480774,
      0.569571852684021,
      0.551192581653595,
      0.4425886273384094,
      0.22208257019519806,
      0.4048599898815155,
      0.2357562780380249,
      0.2244928479194641,
      0.26530909538269043,
      0.1349317878484726,
      0.13138265907764435,
      0.5016435980796814
    ],
    "mean": 0.3719574518146969,
    "min": 0.13138265907764435,
    "drift_slope": -0.01532976271270158
  },
  "sentiment": {
    "per_turn": [
      0.4795,
      -0.5778,
      -0.7574,
      0.7649,
      0.7227,
      0.7964,
      0.4621,
      0.7391,
      -0.4934,
      0.3818,
      0.9153,
      0.9676,
      0.5661,
      -0.128,
      0.958,
      -0.0387,
      0.1548,
      0.0516,
      0.749,
      0.4497,
      0.9432
    ],
    "by_speaker": {
      "Lyra": [
        0.4795,
        -0.7574,
        0.7227,
        0.4621,
        -0.4934,
        0.9153,
        0.5661,
        0.958,
        0.1548,
        0.749,
        0.9432
      ],
      "Cipher": [
        -0.5778,
        0.7649,
        0.7964,
        0.7391,
        0.3818,
        0.9676,
        -0.128,
        -0.0387,
        0.0516,
        0.4497
      ]
    },
    "mean": 0.38602380952380955,
    "slope": 0.020060779220779215,
    "volatility": 0.5167843705295109
  },
  "diversity": {
    "by_speaker": {
      "Lyra": {
        "semantic_diversity": 0.6410093307495117,
        "ttr": 0.43768115942028984
      },
      "Cipher": {
        "semantic_diversity": 0.699553370475769,
        "ttr": 0.43807763401109057
      }
    },
    "global_ttr": 0.35987002437043053
  }
}