{
  "condition_id": "modiso__llama-8b__t04__r02",
  "topic": "Strong government regulation of AI development will cause more harm than good",
  "turn_count": 21,
  "persona": {
    "by_speaker": {
      "Lyra": {
        "mean": 0.49089792541592253,
        "per_turn": [
          0.4724643870220635,
          0.4073486746085526,
          0.4778328379919334,
          0.5467162755605766,
          0.49513107281072233,
          0.49618786766324785,
          0.48853816525850524,
          0.4859542911489254,
          0.5619983526705331,
          0.47059958080637654,
          0.497105674033711
        ]
      },
      "Cipher": {
        "mean": 0.6502152157142066,
        "per_turn": [
          0.7907870026872823,
          0.5595492669342144,
          0.774057768339167,
          0.5791457258269688,
          0.7685335032202095,
          0.5440339625393622,
          0.7772636839143721,
          0.5924841674296528,
          0.5392807535085229,
          0.5770163227423142
        ]
      }
    },
    "discrimination": {
      "Lyra": {
        "own_mean": 0.4909,
        "cross_mean": 0.5091,
        "gap": -0.0182
      },
      "Cipher": {
        "own_mean": 0.6502,
        "cross_mean": 0.3498,
        "gap": 0.3004
      }
    }
  },
  "coherence": {
    "per_turn": [
      null,
      0.5865538120269775,
      0.5087116956710815,
      0.49734362959861755,
      0.476020872592926,
      0.26309677958488464,
      0.4465477466583252,
      0.41165247559547424,
      0.5029637813568115,
      0.3345557153224945,
      0.43931806087493896,
      0.3469054698944092,
      0.3219100832939148,
      0.3998016119003296,
      0.4457119107246399,
      0.7453668117523193,
      0.5593594312667847,
      0.5663864016532898,
      0.612136960029602,
      0.4384247064590454,
      0.4325299859046936
    ],
    "mean": 0.466764897108078,
    "min": 0.26309677958488464
  },
  "topic_drift": {
    "per_turn": [
      0.77137291431427,
      0.6316057443618774,
      0.6430560350418091,
      0.6437527537345886,
      0.3535034656524658,
      0.3114483952522278,
      0.2434312254190445,
      0.39414331316947937,
      0.49130380153656006,
      0.198308527469635,
      0.5122396349906921,
      0.22633454203605652,
      0.6420078277587891,
      0.2534673810005188,
      0.25895458459854126,
      0.3082975447177887,
      0.1792198270559311,
      0.365169882774353,
      0.5065114498138428,
      0.5432651042938232,
      0.6606553196907043
    ],
    "mean": 0.4351452035563333,
    "min": 0.1792198270559311,
    "drift_slope": -0.007839785535614208
  },
  "sentiment": {
    "per_turn": [
      0.7003,
      -0.8481,
      0.6187,
      -0.8735,
      0.7128,
      -0.8733,
      -0.476,
      -0.765,
      -0.0516,
      -0.128,
      0.4587,
      0.8811,
      0.9597,
      0.4019,
      0.6872,
      -0.3597,
      -0.3226,
      -0.6483,
      0.5722,
      -0.8225,
      0.7579
    ],
    "by_speaker": {
      "Lyra": [
        0.7003,
        0.6187,
        0.7128,
        -0.476,
        -0.0516,
        0.4587,
        0.9597,
        0.6872,
        -0.3226,
        0.5722,
        0.7579
      ],
      "Cipher": [
        -0.8481,
        -0.8735,
        -0.8733,
        -0.765,
        -0.128,
        0.8811,
        0.4019,
        -0.3597,
        -0.6483,
        -0.8225
      ]
    },
    "mean": 0.02770952380952381,
    "slope": 0.012404675324675313,
    "volatility": 0.6624111598329256
  },
  "diversity": {
    "by_speaker": {
      "Lyra": {
        "semantic_diversity": 0.6295067667961121,
        "ttr": 0.46016483516483514
      },
      "Cipher": {
        "semantic_diversity": 0.6891739964485168,
        "ttr": 0.47657841140529533
      }
    },
    "global_ttr": 0.3781788351107465
  }
}