{
  "condition_id": "modiso__gpt-oss-20b__t05__r01",
  "topic": "Genetic editing to prevent hereditary diseases in human embryos should be legally permitted",
  "turn_count": 21,
  "persona": {
    "by_speaker": {
      "Lyra": {
        "mean": 0.5155573279953288,
        "per_turn": [
          0.482778220674706,
          0.48949590384259317,
          0.5093673044345222,
          0.5417661821294399,
          0.44450085779152615,
          0.4847412368855488,
          0.4736400677465172,
          0.46431966774462524,
          0.4526393893837325,
          0.5240877562415243,
          0.8037940210738812
        ]
      },
      "Cipher": {
        "mean": 0.6724513588688115,
        "per_turn": [
          0.7688388511631048,
          0.8059718584347315,
          0.5084123757681878,
          0.5703370098032342,
          0.5359368498767292,
          0.7830041750186632,
          0.5605792858395175,
          0.8616731934507338,
          0.5652925177397239,
          0.7644674715934883
        ]
      }
    },
    "discrimination": {
      "Lyra": {
        "own_mean": 0.5156,
        "cross_mean": 0.4844,
        "gap": 0.0311
      },
      "Cipher": {
        "own_mean": 0.6725,
        "cross_mean": 0.3275,
        "gap": 0.3449
      }
    }
  },
  "coherence": {
    "per_turn": [
      null,
      0.5508505702018738,
      0.6006068587303162,
      0.647036075592041,
      0.4888306260108948,
      0.5237995982170105,
      0.6921856999397278,
      0.6356136798858643,
      0.7344104051589966,
      0.3792184889316559,
      0.43030181527137756,
      0.3955574631690979,
      0.5609607696533203,
      0.4197057783603668,
      0.40072542428970337,
      0.7292777299880981,
      0.7487715482711792,
      0.6280959248542786,
      0.6287146806716919,
      0.45780980587005615,
      0.006452232599258423
    ],
    "mean": 0.5329462587833405,
    "min": 0.006452232599258423
  },
  "topic_drift": {
    "per_turn": [
      0.8725572824478149,
      0.5387057662010193,
      0.7193901538848877,
      0.6486880779266357,
      0.443678617477417,
      0.46944308280944824,
      0.4575270414352417,
      0.3794853091239929,
      0.33916598558425903,
      0.12543132901191711,
      0.35525238513946533,
      0.08304394781589508,
      0.21721148490905762,
      0.2249028980731964,
      0.29017800092697144,
      0.33689457178115845,
      0.2854410707950592,
      0.504353404045105,
      0.42789822816848755,
      0.19880320131778717,
      -0.03513193875551224
    ],
    "mean": 0.37537713810091927,
    "min": -0.03513193875551224,
    "drift_slope": -0.024038832508898395
  },
  "sentiment": {
    "per_turn": [
      0.3818,
      0.7867,
      0.5927,
      -0.1154,
      0.128,
      0.3054,
      0.431,
      0.8227,
      0.4939,
      0.5423,
      0.872,
      0.5624,
      0.7351,
      0.7711,
      0.6858,
      0.8735,
      0.8779,
      0.9186,
      0.2732,
      0.9455,
      0.8442
    ],
    "by_speaker": {
      "Lyra": [
        0.3818,
        0.5927,
        0.128,
        0.431,
        0.4939,
        0.872,
        0.7351,
        0.6858,
        0.8779,
        0.2732,
        0.8442
      ],
      "Cipher": [
        0.7867,
        -0.1154,
        0.3054,
        0.8227,
        0.5423,
        0.5624,
        0.7711,
        0.8735,
        0.9186,
        0.9455
      ]
    },
    "mean": 0.6061142857142857,
    "slope": 0.02524935064935064,
    "volatility": 0.28161733794994515
  },
  "diversity": {
    "by_speaker": {
      "Lyra": {
        "semantic_diversity": 0.6344547867774963,
        "ttr": 0.594306049822064
      },
      "Cipher": {
        "semantic_diversity": 0.6594015955924988,
        "ttr": 0.5378787878787878
      }
    },
    "global_ttr": 0.4614678899082569
  }
}