{
  "condition_id": "modiso__llama4-scout__t00__r03",
  "topic": "AI will eliminate more jobs than it creates within the next decade",
  "turn_count": 21,
  "persona": {
    "by_speaker": {
      "Lyra": {
        "mean": 0.6032182887733998,
        "per_turn": [
          0.5253191875112213,
          0.7590720919772923,
          0.45431046988819623,
          0.7429343734769615,
          0.20747587998641193,
          0.768746843298423,
          0.795603595040437,
          0.5171140184017404,
          0.5622481768391047,
          0.7689377470767242,
          0.5336387930108853
        ]
      },
      "Cipher": {
        "mean": 0.5616768858558684,
        "per_turn": [
          0.5034801352889449,
          0.7716344317641501,
          0.5323160778185912,
          0.6035160414593754,
          0.5280874981180392,
          0.4448165890832059,
          0.44967823036749166,
          0.7484732672139711,
          0.49472388198119566,
          0.5400427054637185
        ]
      }
    },
    "discrimination": {
      "Lyra": {
        "own_mean": 0.6032,
        "cross_mean": 0.3968,
        "gap": 0.2064
      },
      "Cipher": {
        "own_mean": 0.5617,
        "cross_mean": 0.4383,
        "gap": 0.1234
      }
    }
  },
  "coherence": {
    "per_turn": [
      null,
      0.7000821828842163,
      0.4521122872829437,
      0.5635858774185181,
      0.650644063949585,
      0.7321160435676575,
      0.6165391206741333,
      0.4618579149246216,
      0.5264761447906494,
      0.4021240770816803,
      0.5165214538574219,
      0.46385398507118225,
      0.4116482138633728,
      0.6022047400474548,
      0.5268009901046753,
      0.599286675453186,
      0.5295336246490479,
      0.7069487571716309,
      0.674222469329834,
      0.3680429458618164,
      0.10064978897571564
    ],
    "mean": 0.5302625678479671,
    "min": 0.10064978897571564
  },
  "topic_drift": {
    "per_turn": [
      0.6453905701637268,
      0.6656577587127686,
      0.4301453232765198,
      0.5217733979225159,
      0.3813273310661316,
      0.28331732749938965,
      0.43370991945266724,
      0.37967848777770996,
      0.3806760013103485,
      0.3076574206352234,
      0.29170316457748413,
      0.3536350429058075,
      0.2214031219482422,
      0.27274540066719055,
      0.27399060130119324,
      0.2256314903497696,
      0.1403893232345581,
      0.12935328483581543,
      0.14174169301986694,
      0.23268678784370422,
      0.3724876046180725
    ],
    "mean": 0.3373857644342241,
    "min": 0.12935328483581543,
    "drift_slope": -0.019021091078008926
  },
  "sentiment": {
    "per_turn": [
      -0.4522,
      -0.2023,
      0.6244,
      -0.296,
      0.296,
      0.3818,
      0.8074,
      -0.25,
      0.882,
      0.9432,
      0.4382,
      -0.6546,
      -0.0974,
      -0.6792,
      0.9722,
      0.8689,
      0.93,
      0.8984,
      0.938,
      0.8934,
      0.8271
    ],
    "by_speaker": {
      "Lyra": [
        -0.4522,
        0.6244,
        0.296,
        0.8074,
        0.882,
        0.4382,
        -0.0974,
        0.9722,
        0.93,
        0.938,
        0.8271
      ],
      "Cipher": [
        -0.2023,
        -0.296,
        0.3818,
        -0.25,
        0.9432,
        -0.6546,
        -0.6792,
        0.8689,
        0.8984,
        0.8934
      ]
    },
    "mean": 0.3842523809523809,
    "slope": 0.046205714285714294,
    "volatility": 0.5799503415679719
  },
  "diversity": {
    "by_speaker": {
      "Lyra": {
        "semantic_diversity": 0.6421543955802917,
        "ttr": 0.4847094801223242
      },
      "Cipher": {
        "semantic_diversity": 0.6494894027709961,
        "ttr": 0.44518272425249167
      }
    },
    "global_ttr": 0.38136942675159236
  }
}