{
  "condition_id": "modiso__gpt-oss-120b__t02__r03",
  "topic": "Universal basic income would reduce workforce participation and innovation over time",
  "turn_count": 21,
  "persona": {
    "by_speaker": {
      "Lyra": {
        "mean": 0.5169484479324408,
        "per_turn": [
          0.5122489660111766,
          0.4905762634315887,
          0.4967992389709356,
          0.4850934849978957,
          0.5173717856258504,
          0.5362839575008391,
          0.5309744127837871,
          0.5090919591314294,
          0.5287567990542419,
          0.5627378254822417,
          0.5164982342668616
        ]
      },
      "Cipher": {
        "mean": 0.6536308290228626,
        "per_turn": [
          0.7948619532488905,
          0.8345983403503773,
          0.5883874855476307,
          0.5132785946031594,
          0.7754759303894219,
          0.7500913984619266,
          0.5105012945300709,
          0.503567555280021,
          0.5217424441810006,
          0.7438032936361274
        ]
      }
    },
    "discrimination": {
      "Lyra": {
        "own_mean": 0.5169,
        "cross_mean": 0.4831,
        "gap": 0.0339
      },
      "Cipher": {
        "own_mean": 0.6536,
        "cross_mean": 0.3464,
        "gap": 0.3073
      }
    }
  },
  "coherence": {
    "per_turn": [
      null,
      0.5761006474494934,
      0.401804119348526,
      0.31573909521102905,
      0.6330587863922119,
      0.7009173631668091,
      0.6340364813804626,
      0.5299944877624512,
      0.48121607303619385,
      0.5334959030151367,
      0.27175387740135193,
      0.25494229793548584,
      0.3357009291648865,
      0.5275394916534424,
      0.5271065831184387,
      0.40815970301628113,
      0.5996859669685364,
      0.3279535174369812,
      0.48168978095054626,
      0.5252625346183777,
      0.341607004404068
    ],
    "mean": 0.47038823217153547,
    "min": 0.25494229793548584
  },
  "topic_drift": {
    "per_turn": [
      0.783575177192688,
      0.6143544912338257,
      0.3013644218444824,
      0.4208660125732422,
      0.4224359393119812,
      0.3078491985797882,
      0.418195903301239,
      0.3477044701576233,
      0.32098251581192017,
      0.3771202862262726,
      0.22791855037212372,
      0.32085540890693665,
      0.3436216711997986,
      0.27871280908584595,
      0.3267107605934143,
      0.25328510999679565,
      0.17004911601543427,
      0.4573175311088562,
      0.39554333686828613,
      0.3883083462715149,
      0.6461145877838135
    ],
    "mean": 0.3868040783064706,
    "min": 0.17004911601543427,
    "drift_slope": -0.006196717859862694
  },
  "sentiment": {
    "per_turn": [
      0.7783,
      -0.7096,
      0.8372,
      0.8807,
      0.7351,
      0.9595,
      0.886,
      0.928,
      0.8677,
      0.9784,
      0.9198,
      0.128,
      0.483,
      0.9366,
      0.1725,
      0.6808,
      -0.2023,
      0.9726,
      0.1012,
      0.4215,
      0.9403
    ],
    "by_speaker": {
      "Lyra": [
        0.7783,
        0.8372,
        0.7351,
        0.886,
        0.8677,
        0.9198,
        0.483,
        0.1725,
        -0.2023,
        0.1012,
        0.9403
      ],
      "Cipher": [
        -0.7096,
        0.8807,
        0.9595,
        0.928,
        0.9784,
        0.128,
        0.9366,
        0.6808,
        0.9726,
        0.4215
      ]
    },
    "mean": 0.6045380952380953,
    "slope": -0.006377532467532466,
    "volatility": 0.45005303018347104
  },
  "diversity": {
    "by_speaker": {
      "Lyra": {
        "semantic_diversity": 0.6125217080116272,
        "ttr": 0.5755517826825127
      },
      "Cipher": {
        "semantic_diversity": 0.49909308552742004,
        "ttr": 0.5340501792114696
      }
    },
    "global_ttr": 0.45510026155187444
  }
}