{
  "condition_id": "modiso__qwen-32b__t05__r03",
  "topic": "Genetic editing to prevent hereditary diseases in human embryos should be legally permitted",
  "turn_count": 21,
  "persona": {
    "by_speaker": {
      "Lyra": {
        "mean": 0.4997940528527956,
        "per_turn": [
          0.4901215517492131,
          0.487749828711891,
          0.5200052792724233,
          0.5160363732637745,
          0.464916521258531,
          0.46290767487367834,
          0.47234644234417744,
          0.4526066196518052,
          0.5010076684048557,
          0.491897931574128,
          0.638138690276274
        ]
      },
      "Cipher": {
        "mean": 0.5310777083264973,
        "per_turn": [
          0.7386680363306779,
          0.5502167568537742,
          0.48632220565016654,
          0.5335462249782508,
          0.5344072950997292,
          0.48856607856636136,
          0.47026279721370245,
          0.5062229472533586,
          0.5124651672238146,
          0.49009957409513666
        ]
      }
    },
    "discrimination": {
      "Lyra": {
        "own_mean": 0.4998,
        "cross_mean": 0.5002,
        "gap": -0.0004
      },
      "Cipher": {
        "own_mean": 0.5311,
        "cross_mean": 0.4689,
        "gap": 0.0622
      }
    }
  },
  "coherence": {
    "per_turn": [
      null,
      0.6209809184074402,
      0.5541877746582031,
      0.6547481417655945,
      0.4363447427749634,
      0.5308929681777954,
      0.4385005533695221,
      0.5093717575073242,
      0.36117982864379883,
      0.512617826461792,
      0.41272997856140137,
      0.7322803735733032,
      0.4852544069290161,
      0.6473254561424255,
      0.4957084059715271,
      0.43466460704803467,
      0.39403992891311646,
      0.5962701439857483,
      0.16459503769874573,
      0.6947380304336548,
      0.06300846487283707
    ],
    "mean": 0.4869719672948122,
    "min": 0.06300846487283707
  },
  "topic_drift": {
    "per_turn": [
      0.7779971361160278,
      0.652370035648346,
      0.4252571761608124,
      0.5042904019355774,
      0.372589111328125,
      0.5063216686248779,
      0.31899797916412354,
      0.5025575160980225,
      0.14204561710357666,
      0.5680068731307983,
      0.309520423412323,
      0.3775720000267029,
      0.6642435789108276,
      0.4411900043487549,
      0.38176000118255615,
      0.060378383845090866,
      0.12988339364528656,
      0.20392581820487976,
      0.5683414340019226,
      0.667781412601471,
      -0.0419427864253521
    ],
    "mean": 0.4063374847173691,
    "min": -0.0419427864253521,
    "drift_slope": -0.015303401276469236
  },
  "sentiment": {
    "per_turn": [
      0.1531,
      0.3506,
      0.784,
      0.9118,
      0.8945,
      0.5267,
      -0.34,
      0.4215,
      -0.6486,
      0.8549,
      -0.3182,
      0.3818,
      0.9472,
      0.9337,
      0.3422,
      0.9054,
      0.3839,
      0.8902,
      0.0,
      0.4939,
      0.8913
    ],
    "by_speaker": {
      "Lyra": [
        0.1531,
        0.784,
        0.8945,
        -0.34,
        -0.6486,
        -0.3182,
        0.9472,
        0.3422,
        0.3839,
        0.0,
        0.8913
      ],
      "Cipher": [
        0.3506,
        0.9118,
        0.5267,
        0.4215,
        0.8549,
        0.3818,
        0.9337,
        0.9054,
        0.8902,
        0.4939
      ]
    },
    "mean": 0.46475714285714276,
    "slope": 0.010470519480519483,
    "volatility": 0.4634137044764631
  },
  "diversity": {
    "by_speaker": {
      "Lyra": {
        "semantic_diversity": 0.6657333970069885,
        "ttr": 0.4525939177101968
      },
      "Cipher": {
        "semantic_diversity": 0.5695810914039612,
        "ttr": 0.47153024911032027
      }
    },
    "global_ttr": 0.3639607493309545
  }
}