{
  "condition_id": "modiso__llama-70b__t02__r01",
  "topic": "Universal basic income would reduce workforce participation and innovation over time",
  "turn_count": 21,
  "persona": {
    "by_speaker": {
      "Lyra": {
        "mean": 0.6341088861501502,
        "per_turn": [
          0.7283682997974152,
          0.7170410564972518,
          0.7061145760899774,
          0.7370953616305245,
          0.5041988088549605,
          0.7360483580923147,
          0.5226228909333909,
          0.5047102682224185,
          0.5367178089705305,
          0.766034241093581,
          0.5162460774692865
        ]
      },
      "Cipher": {
        "mean": 0.6622174727500433,
        "per_turn": [
          0.7779887570572521,
          0.8047576618087482,
          0.7884040093074076,
          0.5090316468197945,
          0.5457398794810429,
          0.5032697531188686,
          0.7562172772885345,
          0.744593065675825,
          0.7072741954660982,
          0.4848984814768612
        ]
      }
    },
    "discrimination": {
      "Lyra": {
        "own_mean": 0.6341,
        "cross_mean": 0.3659,
        "gap": 0.2682
      },
      "Cipher": {
        "own_mean": 0.6622,
        "cross_mean": 0.3378,
        "gap": 0.3244
      }
    }
  },
  "coherence": {
    "per_turn": [
      null,
      0.6883190870285034,
      0.6986870169639587,
      0.7003970742225647,
      0.44481906294822693,
      0.582428514957428,
      0.7219441533088684,
      0.8705820441246033,
      0.6103622913360596,
      0.40227264165878296,
      0.8487614989280701,
      0.6154968738555908,
      0.45727622509002686,
      0.5164251327514648,
      0.7053909301757812,
      0.7264280915260315,
      0.7468270063400269,
      0.7347110509872437,
      0.7539102435112,
      0.6940581798553467,
      0.3368329703807831
    ],
    "mean": 0.6427965044975281,
    "min": 0.3368329703807831
  },
  "topic_drift": {
    "per_turn": [
      0.7374313473701477,
      0.5523996949195862,
      0.47063106298446655,
      0.46221643686294556,
      0.5015383958816528,
      0.5609833598136902,
      0.45813146233558655,
      0.5082998275756836,
      0.4268137514591217,
      0.4910290241241455,
      0.47740820050239563,
      0.24715456366539001,
      0.3890894651412964,
      0.37762248516082764,
      0.37007173895835876,
      0.4186170697212219,
      0.38087964057922363,
      0.41823843121528625,
      0.39121827483177185,
      0.3947703540325165,
      0.6631036996841431
    ],
    "mean": 0.4617927755628313,
    "min": 0.24715456366539001,
    "drift_slope": -0.007278528345095652
  },
  "sentiment": {
    "per_turn": [
      0.9551,
      0.9405,
      0.9656,
      0.8847,
      0.9517,
      -0.2617,
      0.7434,
      -0.6124,
      0.8935,
      0.3722,
      0.7385,
      -0.8959,
      0.1901,
      0.765,
      -0.0772,
      0.9127,
      0.9744,
      0.7298,
      0.6786,
      0.6486,
      0.9652
    ],
    "by_speaker": {
      "Lyra": [
        0.9551,
        0.9656,
        0.9517,
        0.7434,
        0.8935,
        0.7385,
        0.1901,
        -0.0772,
        0.9744,
        0.6786,
        0.9652
      ],
      "Cipher": [
        0.9405,
        0.8847,
        -0.2617,
        -0.6124,
        0.3722,
        -0.8959,
        0.765,
        0.9127,
        0.7298,
        0.6486
      ]
    },
    "mean": 0.5458285714285713,
    "slope": -0.002238051948051953,
    "volatility": 0.5432406308379347
  },
  "diversity": {
    "by_speaker": {
      "Lyra": {
        "semantic_diversity": 0.5415838956832886,
        "ttr": 0.4093789607097592
      },
      "Cipher": {
        "semantic_diversity": 0.4181307554244995,
        "ttr": 0.4883720930232558
      }
    },
    "global_ttr": 0.35237388724035607
  }
}