{
  "condition_id": "modiso__qwen-32b__t02__r03",
  "topic": "Universal basic income would reduce workforce participation and innovation over time",
  "turn_count": 21,
  "persona": {
    "by_speaker": {
      "Lyra": {
        "mean": 0.5440568874927098,
        "per_turn": [
          0.5218826040408329,
          0.4751728131392813,
          0.5276217944228632,
          0.5412135362130789,
          0.5227464288104486,
          0.4618171935214914,
          0.5512647696863113,
          0.5249667257967756,
          0.6248690416078648,
          0.5686561364062821,
          0.6644147187745761
        ]
      },
      "Cipher": {
        "mean": 0.6576368719845023,
        "per_turn": [
          0.7566501708188496,
          0.7242029097513052,
          0.49890567715738743,
          0.785035540692729,
          0.7539128702850838,
          0.7082762771749721,
          0.7146093094008972,
          0.6988191617049909,
          0.5107667449128034,
          0.42519005794600495
        ]
      }
    },
    "discrimination": {
      "Lyra": {
        "own_mean": 0.5441,
        "cross_mean": 0.4559,
        "gap": 0.0881
      },
      "Cipher": {
        "own_mean": 0.6576,
        "cross_mean": 0.3424,
        "gap": 0.3153
      }
    }
  },
  "coherence": {
    "per_turn": [
      null,
      0.3387240767478943,
      0.7855015993118286,
      0.45329564809799194,
      0.4252016246318817,
      0.4905707836151123,
      0.3573841154575348,
      0.4504772424697876,
      0.5916277170181274,
      0.6433324813842773,
      0.6812165975570679,
      0.1166606992483139,
      0.1786741316318512,
      0.6671557426452637,
      0.6429039239883423,
      0.5532538890838623,
      0.3949030339717865,
      0.5448636412620544,
      0.4272597134113312,
      0.5487873554229736,
      0.2896527647972107
    ],
    "mean": 0.4790723390877247,
    "min": 0.1166606992483139
  },
  "topic_drift": {
    "per_turn": [
      0.5718353390693665,
      0.5203016400337219,
      0.35884854197502136,
      0.17235994338989258,
      0.35153400897979736,
      0.3108709156513214,
      0.26144784688949585,
      0.4243029057979584,
      0.4406312108039856,
      0.3765254020690918,
      0.39397138357162476,
      0.018575921654701233,
      0.2874239981174469,
      0.11774587631225586,
      0.17714492976665497,
      0.4380343556404114,
      0.07520800828933716,
      0.1852714717388153,
      0.12433962523937225,
      0.15045562386512756,
      0.045544710010290146
    ],
    "mean": 0.27630350756503286,
    "min": 0.018575921654701233,
    "drift_slope": -0.01729947602400532
  },
  "sentiment": {
    "per_turn": [
      0.7269,
      0.9001,
      0.9481,
      -0.9246,
      0.4871,
      -0.5106,
      0.6237,
      0.8752,
      0.0096,
      0.0837,
      0.8608,
      0.91,
      0.1154,
      0.2766,
      0.296,
      0.4588,
      0.8248,
      0.4019,
      -0.1653,
      0.7713,
      0.9568
    ],
    "by_speaker": {
      "Lyra": [
        0.7269,
        0.9481,
        0.4871,
        0.6237,
        0.0096,
        0.8608,
        0.1154,
        0.296,
        0.8248,
        -0.1653,
        0.9568
      ],
      "Cipher": [
        0.9001,
        -0.9246,
        -0.5106,
        0.8752,
        0.0837,
        0.91,
        0.2766,
        0.4588,
        0.4019,
        0.7713
      ]
    },
    "mean": 0.42506190476190475,
    "slope": 0.00821116883116883,
    "volatility": 0.5021237340168642
  },
  "diversity": {
    "by_speaker": {
      "Lyra": {
        "semantic_diversity": 0.6308280229568481,
        "ttr": 0.4766187050359712
      },
      "Cipher": {
        "semantic_diversity": 0.6343317031860352,
        "ttr": 0.44485981308411215
      }
    },
    "global_ttr": 0.3638863428047663
  }
}