{
  "condition_id": "modiso__gpt-oss-20b__t02__r03",
  "topic": "Universal basic income would reduce workforce participation and innovation over time",
  "turn_count": 21,
  "persona": {
    "by_speaker": {
      "Lyra": {
        "mean": 0.48992277533434003,
        "per_turn": [
          0.5172165003342002,
          0.47372727434052075,
          0.5265837681134852,
          0.47850683436511343,
          0.546418983326403,
          0.5342927031259728,
          0.20648384872977874,
          0.5786581424868785,
          0.5132100678352338,
          0.42523638284646326,
          0.5888160231736908
        ]
      },
      "Cipher": {
        "mean": 0.6423635105009166,
        "per_turn": [
          0.7737105556581173,
          0.7709942068265532,
          0.7489585924340275,
          0.5376844868837053,
          0.7535686053907438,
          0.5178714832747688,
          0.41815720736587825,
          0.755026513883331,
          0.5658671037368268,
          0.5817963495552141
        ]
      }
    },
    "discrimination": {
      "Lyra": {
        "own_mean": 0.4899,
        "cross_mean": 0.5101,
        "gap": -0.0202
      },
      "Cipher": {
        "own_mean": 0.6424,
        "cross_mean": 0.3576,
        "gap": 0.2847
      }
    }
  },
  "coherence": {
    "per_turn": [
      null,
      0.4804573953151703,
      0.43796712160110474,
      0.472214013338089,
      0.7306823134422302,
      0.3863149881362915,
      0.4022257924079895,
      0.6053152680397034,
      0.29053640365600586,
      0.3311537206172943,
      0.6443951725959778,
      0.3810689151287079,
      0.708000659942627,
      0.47102025151252747,
      0.5975408554077148,
      0.534803569316864,
      0.5975865125656128,
      0.44010868668556213,
      0.4700297713279724,
      0.4985348582267761,
      0.28588026762008667
    ],
    "mean": 0.4882918268442154,
    "min": 0.28588026762008667
  },
  "topic_drift": {
    "per_turn": [
      0.7608206272125244,
      0.5232586860656738,
      0.4574010670185089,
      0.47966814041137695,
      0.4652803838253021,
      0.31725484132766724,
      0.21651101112365723,
      0.2582758367061615,
      0.2830805480480194,
      0.5533863306045532,
      0.5065765380859375,
      0.3609408140182495,
      0.40526407957077026,
      0.16378295421600342,
      0.09906946122646332,
      0.16145363450050354,
      0.10359831154346466,
      0.23433952033519745,
      0.1782342493534088,
      0.2968320846557617,
      0.12362468242645264
    ],
    "mean": 0.3308882762988408,
    "min": 0.09906946122646332,
    "drift_slope": -0.020793318845234908
  },
  "sentiment": {
    "per_turn": [
      0.7357,
      0.0,
      0.9298,
      0.6173,
      -0.255,
      -0.5647,
      0.6486,
      0.4678,
      0.8519,
      0.6858,
      0.9684,
      -0.25,
      0.7845,
      0.4215,
      0.775,
      0.3182,
      0.9001,
      0.7418,
      0.0258,
      0.2975,
      0.8271
    ],
    "by_speaker": {
      "Lyra": [
        0.7357,
        0.9298,
        -0.255,
        0.6486,
        0.8519,
        0.9684,
        0.7845,
        0.775,
        0.9001,
        0.0258,
        0.8271
      ],
      "Cipher": [
        0.0,
        0.6173,
        -0.5647,
        0.4678,
        0.6858,
        -0.25,
        0.4215,
        0.3182,
        0.7418,
        0.2975
      ]
    },
    "mean": 0.4727190476190476,
    "slope": 0.010223636363636365,
    "volatility": 0.43329240937055497
  },
  "diversity": {
    "by_speaker": {
      "Lyra": {
        "semantic_diversity": 0.7181451916694641,
        "ttr": 0.5369532428355958
      },
      "Cipher": {
        "semantic_diversity": 0.6082136034965515,
        "ttr": 0.49746192893401014
      }
    },
    "global_ttr": 0.40749601275917063
  }
}