{
  "condition_id": "modiso__qwen-235b__t02__r02",
  "topic": "Universal basic income would reduce workforce participation and innovation over time",
  "turn_count": 21,
  "persona": {
    "by_speaker": {
      "Lyra": {
        "mean": 0.562420532117983,
        "per_turn": [
          0.5063035700607568,
          0.5486724030550422,
          0.49962045754829265,
          0.5114154674693157,
          0.4426107146946521,
          0.7773650413255657,
          0.5199388432578904,
          0.5463172766855218,
          0.7388640220813586,
          0.5063618689272623,
          0.5891561881921562
        ]
      },
      "Cipher": {
        "mean": 0.6897388822776929,
        "per_turn": [
          0.7745991139241799,
          0.702811757605764,
          0.7480461377513641,
          0.7675800531333532,
          0.6921332319442031,
          0.7459458264219222,
          0.7733006485699043,
          0.4648453071163794,
          0.7415778728479544,
          0.48654887346190456
        ]
      }
    },
    "discrimination": {
      "Lyra": {
        "own_mean": 0.5624,
        "cross_mean": 0.4376,
        "gap": 0.1248
      },
      "Cipher": {
        "own_mean": 0.6897,
        "cross_mean": 0.3103,
        "gap": 0.3795
      }
    }
  },
  "coherence": {
    "per_turn": [
      null,
      0.5408831238746643,
      0.5336012840270996,
      0.5312520265579224,
      0.28990471363067627,
      0.4751104414463043,
      0.5890822410583496,
      0.5054156184196472,
      0.41843459010124207,
      0.31865450739860535,
      0.6009593605995178,
      0.46014487743377686,
      0.4486350417137146,
      0.6417744159698486,
      0.6047723889350891,
      0.5307544469833374,
      0.3298739492893219,
      0.10897009074687958,
      0.439646452665329,
      0.7448527812957764,
      0.10256248712539673
    ],
    "mean": 0.460764241963625,
    "min": 0.10256248712539673
  },
  "topic_drift": {
    "per_turn": [
      0.7122591733932495,
      0.5945084095001221,
      0.28708943724632263,
      0.45008936524391174,
      0.19241827726364136,
      0.35927391052246094,
      0.26762357354164124,
      0.6493879556655884,
      0.392635703086853,
      0.22320592403411865,
      0.3634144067764282,
      0.2749892771244049,
      0.4780164361000061,
      0.4571218490600586,
      0.44025373458862305,
      0.22321076691150665,
      0.08798909932374954,
      0.15682768821716309,
      0.3127756714820862,
      0.3625941872596741,
      -0.06454016268253326
    ],
    "mean": 0.34386403255519415,
    "min": -0.06454016268253326,
    "drift_slope": -0.016458684244713227
  },
  "sentiment": {
    "per_turn": [
      0.8442,
      -0.5106,
      -0.0258,
      0.4767,
      0.8591,
      0.8819,
      0.899,
      0.7731,
      0.9276,
      0.0258,
      -0.6808,
      0.8765,
      0.5927,
      -0.2263,
      0.8705,
      -0.775,
      0.6642,
      0.9688,
      0.7964,
      -0.7717,
      0.9437
    ],
    "by_speaker": {
      "Lyra": [
        0.8442,
        -0.0258,
        0.8591,
        0.899,
        0.9276,
        -0.6808,
        0.5927,
        0.8705,
        0.6642,
        0.7964,
        0.9437
      ],
      "Cipher": [
        -0.5106,
        0.4767,
        0.8819,
        0.7731,
        0.0258,
        0.8765,
        -0.2263,
        -0.775,
        0.9688,
        -0.7717
      ]
    },
    "mean": 0.4004761904761905,
    "slope": -0.004828311688311688,
    "volatility": 0.6213963514726996
  },
  "diversity": {
    "by_speaker": {
      "Lyra": {
        "semantic_diversity": 0.6796794533729553,
        "ttr": 0.49291338582677163
      },
      "Cipher": {
        "semantic_diversity": 0.6497927308082581,
        "ttr": 0.4738675958188153
      }
    },
    "global_ttr": 0.3879239040529363
  }
}