{
  "condition_id": "modiso__llama4-scout__t06__r02",
  "topic": "Remote work has weakened organisational culture more than it has empowered individuals",
  "turn_count": 21,
  "persona": {
    "by_speaker": {
      "Lyra": {
        "mean": 0.6164817199151403,
        "per_turn": [
          0.5919274686937284,
          0.5761259595810077,
          0.5139206332140482,
          0.8118509805514538,
          0.7949871695430024,
          0.4942196562678962,
          0.5302511674773318,
          0.5574012991102448,
          0.7606410020187303,
          0.545464560223126,
          0.6045090223859748
        ]
      },
      "Cipher": {
        "mean": 0.4765214515277513,
        "per_turn": [
          0.6249606082214634,
          0.45612042673035724,
          0.4801486037804261,
          0.42646861166751326,
          0.43614612474038483,
          0.4677083256819506,
          0.5071463485372097,
          0.4760348844354902,
          0.46323389579931507,
          0.42724668568340285
        ]
      }
    },
    "discrimination": {
      "Lyra": {
        "own_mean": 0.6165,
        "cross_mean": 0.3835,
        "gap": 0.233
      },
      "Cipher": {
        "own_mean": 0.4765,
        "cross_mean": 0.5235,
        "gap": -0.047
      }
    }
  },
  "coherence": {
    "per_turn": [
      null,
      0.7273043394088745,
      0.7215901017189026,
      0.6852203607559204,
      0.6812892556190491,
      0.7047808766365051,
      0.7220975756645203,
      0.5700534582138062,
      0.6233641505241394,
      0.7117997407913208,
      0.6698740720748901,
      0.47889280319213867,
      0.45202410221099854,
      0.7904000282287598,
      0.5249215960502625,
      0.6329726576805115,
      0.43772202730178833,
      0.438814640045166,
      0.6590103507041931,
      0.22196432948112488,
      0.5027115345001221
    ],
    "mean": 0.5978404000401497,
    "min": 0.22196432948112488
  },
  "topic_drift": {
    "per_turn": [
      0.7384457588195801,
      0.6312877535820007,
      0.6792441606521606,
      0.7038883566856384,
      0.7491005659103394,
      0.5606630444526672,
      0.564665675163269,
      0.4651681184768677,
      0.6803604364395142,
      0.7193609476089478,
      0.7603073120117188,
      0.4307299256324768,
      0.7155370712280273,
      0.5674765110015869,
      0.5482929944992065,
      0.6027023792266846,
      0.23530203104019165,
      0.2123778760433197,
      0.24901266396045685,
      0.7643499970436096,
      0.5554946064949036
    ],
    "mean": 0.5777984850463413,
    "min": 0.2123778760433197,
    "drift_slope": -0.01345949935448634
  },
  "sentiment": {
    "per_turn": [
      0.2382,
      0.9601,
      0.7003,
      -0.705,
      0.4019,
      0.5994,
      -0.2617,
      -0.1027,
      0.7096,
      -0.3612,
      0.5574,
      0.5913,
      -0.1885,
      -0.25,
      0.538,
      -0.1531,
      0.7096,
      0.3331,
      0.8625,
      -0.1861,
      0.9694
    ],
    "by_speaker": {
      "Lyra": [
        0.2382,
        0.7003,
        0.4019,
        -0.2617,
        0.7096,
        0.5574,
        -0.1885,
        0.538,
        0.7096,
        0.8625,
        0.9694
      ],
      "Cipher": [
        0.9601,
        -0.705,
        0.5994,
        -0.1027,
        -0.3612,
        0.5913,
        -0.25,
        -0.1531,
        0.3331,
        -0.1861
      ]
    },
    "mean": 0.2839285714285714,
    "slope": 0.007217402597402599,
    "volatility": 0.48358275417559554
  },
  "diversity": {
    "by_speaker": {
      "Lyra": {
        "semantic_diversity": 0.5426990985870361,
        "ttr": 0.4574898785425101
      },
      "Cipher": {
        "semantic_diversity": 0.5251211524009705,
        "ttr": 0.48633879781420764
      }
    },
    "global_ttr": 0.3883720930232558
  }
}