{
  "condition_id": "modiso__qwen-32b__t05__r02",
  "topic": "Genetic editing to prevent hereditary diseases in human embryos should be legally permitted",
  "turn_count": 21,
  "persona": {
    "by_speaker": {
      "Lyra": {
        "mean": 0.5380612232040249,
        "per_turn": [
          0.4598264890968943,
          0.7073954204574777,
          0.4677670092461227,
          0.7708830243597982,
          0.48400176406412476,
          0.48657507270428435,
          0.5070632464052724,
          0.5402033132413155,
          0.4567913671114716,
          0.42826563172761345,
          0.609901116829899
        ]
      },
      "Cipher": {
        "mean": 0.5523842793535441,
        "per_turn": [
          0.5209406992786887,
          0.7783043685522244,
          0.5328549758536683,
          0.5160893457135542,
          0.5681550262569923,
          0.5115249611205142,
          0.4795380967878047,
          0.5873935527271958,
          0.5800864889013202,
          0.44895527834347737
        ]
      }
    },
    "discrimination": {
      "Lyra": {
        "own_mean": 0.5381,
        "cross_mean": 0.4619,
        "gap": 0.0761
      },
      "Cipher": {
        "own_mean": 0.5524,
        "cross_mean": 0.4476,
        "gap": 0.1048
      }
    }
  },
  "coherence": {
    "per_turn": [
      null,
      0.8249279260635376,
      0.45561087131500244,
      0.7484554052352905,
      0.5732297897338867,
      0.5185409188270569,
      0.3681325316429138,
      0.4873451590538025,
      0.6355181932449341,
      0.6193218231201172,
      0.5809195041656494,
      0.46593427658081055,
      0.47691771388053894,
      0.2709941267967224,
      0.5502406358718872,
      0.5612707138061523,
      0.450668603181839,
      0.5918288230895996,
      0.38010531663894653,
      0.46362000703811646,
      0.07737873494625092
    ],
    "mean": 0.5050480537116527,
    "min": 0.07737873494625092
  },
  "topic_drift": {
    "per_turn": [
      0.7965859174728394,
      0.7143571376800537,
      0.2680412232875824,
      0.42818668484687805,
      0.4658835232257843,
      0.5900200605392456,
      0.23137038946151733,
      0.5042476058006287,
      0.204295814037323,
      0.43463778495788574,
      0.34948816895484924,
      0.08883215487003326,
      0.427451491355896,
      0.03818231076002121,
      0.006776383146643639,
      0.08269083499908447,
      0.303999125957489,
      0.20149557292461395,
      0.1156848818063736,
      0.12566706538200378,
      -0.041037146002054214
    ],
    "mean": 0.30175509454593774,
    "min": -0.041037146002054214,
    "drift_slope": -0.02881058246477858
  },
  "sentiment": {
    "per_turn": [
      0.6808,
      0.0,
      -0.25,
      0.7806,
      -0.5171,
      0.3182,
      0.4215,
      0.3818,
      0.1045,
      0.9253,
      0.9054,
      0.7934,
      0.0,
      0.6908,
      0.3291,
      0.3071,
      -0.3885,
      -0.5859,
      -0.1759,
      0.6652,
      0.9109
    ],
    "by_speaker": {
      "Lyra": [
        0.6808,
        -0.25,
        -0.5171,
        0.4215,
        0.1045,
        0.9054,
        0.0,
        0.3291,
        -0.3885,
        -0.1759,
        0.9109
      ],
      "Cipher": [
        0.0,
        0.7806,
        0.3182,
        0.3818,
        0.9253,
        0.7934,
        0.6908,
        0.3071,
        -0.5859,
        0.6652
      ]
    },
    "mean": 0.29986666666666667,
    "slope": 0.00032168831168830195,
    "volatility": 0.47472390004068815
  },
  "diversity": {
    "by_speaker": {
      "Lyra": {
        "semantic_diversity": 0.6986631155014038,
        "ttr": 0.4666666666666667
      },
      "Cipher": {
        "semantic_diversity": 0.6775612235069275,
        "ttr": 0.4797047970479705
      }
    },
    "global_ttr": 0.3673655423883318
  }
}