{
  "condition_id": "modiso__llama4-scout__t03__r03",
  "topic": "The resources spent on space exploration would produce greater good if redirected to Earth's problems",
  "turn_count": 21,
  "persona": {
    "by_speaker": {
      "Lyra": {
        "mean": 0.5528801768845859,
        "per_turn": [
          0.5619598680611748,
          0.5568700329534664,
          0.6452501003239179,
          0.5063880044571849,
          0.5669820137297733,
          0.7565266971494107,
          0.3005366287306071,
          0.5605519171522648,
          0.78290497985092,
          0.2728971620926844,
          0.5708145412290402
        ]
      },
      "Cipher": {
        "mean": 0.6766543306282082,
        "per_turn": [
          0.713151244047816,
          0.6880735792811485,
          0.7095192060970337,
          0.7403604591461898,
          0.7519957467156141,
          0.7599443439718669,
          0.6966694337816401,
          0.47064604362264817,
          0.7548993592637916,
          0.4812838903543335
        ]
      }
    },
    "discrimination": {
      "Lyra": {
        "own_mean": 0.5529,
        "cross_mean": 0.4471,
        "gap": 0.1058
      },
      "Cipher": {
        "own_mean": 0.6767,
        "cross_mean": 0.3233,
        "gap": 0.3533
      }
    }
  },
  "coherence": {
    "per_turn": [
      null,
      0.6206095218658447,
      0.6264904737472534,
      0.6294103264808655,
      0.641509473323822,
      0.5485951900482178,
      0.6378424763679504,
      0.5469868183135986,
      0.6181795001029968,
      0.49447375535964966,
      0.5323854684829712,
      0.6060144901275635,
      0.35185497999191284,
      0.497920423746109,
      0.7129351496696472,
      0.660599410533905,
      0.2749910354614258,
      0.5521787405014038,
      0.5507660508155823,
      0.458260715007782,
      0.30778366327285767
    ],
    "mean": 0.543489383161068,
    "min": 0.2749910354614258
  },
  "topic_drift": {
    "per_turn": [
      0.626568615436554,
      0.6248354911804199,
      0.5341248512268066,
      0.5644046068191528,
      0.5447136163711548,
      0.36249828338623047,
      0.4332294464111328,
      0.5702532529830933,
      0.5804404616355896,
      0.5357462763786316,
      0.5795533657073975,
      0.5095183849334717,
      0.44373029470443726,
      0.484297513961792,
      0.4811208248138428,
      0.5105545520782471,
      0.18804308772087097,
      0.3400220274925232,
      0.2682427167892456,
      0.5750958919525146,
      0.18660128116607666
    ],
    "mean": 0.4735045163404374,
    "min": 0.18660128116607666,
    "drift_slope": -0.013390593017850606
  },
  "sentiment": {
    "per_turn": [
      -0.5514,
      -0.2144,
      0.6705,
      -0.2382,
      0.4921,
      0.6124,
      0.8516,
      0.0644,
      0.739,
      0.6486,
      0.899,
      0.802,
      -0.431,
      0.5267,
      -0.5927,
      -0.6908,
      0.8496,
      -0.8074,
      0.4696,
      -0.2263,
      0.9538
    ],
    "by_speaker": {
      "Lyra": [
        -0.5514,
        0.6705,
        0.4921,
        0.8516,
        0.739,
        0.899,
        -0.431,
        -0.5927,
        0.8496,
        0.4696,
        0.9538
      ],
      "Cipher": [
        -0.2144,
        -0.2382,
        0.6124,
        0.0644,
        0.6486,
        0.802,
        0.5267,
        -0.6908,
        -0.8074,
        -0.2263
      ]
    },
    "mean": 0.2298619047619048,
    "slope": -0.0020709090909090816,
    "volatility": 0.5919452793855595
  },
  "diversity": {
    "by_speaker": {
      "Lyra": {
        "semantic_diversity": 0.541755199432373,
        "ttr": 0.41609822646657574
      },
      "Cipher": {
        "semantic_diversity": 0.5158589482307434,
        "ttr": 0.4452423698384201
      }
    },
    "global_ttr": 0.34186046511627904
  }
}