{
  "condition_id": "modiso__qwen-32b__t07__r03",
  "topic": "Meaningful climate action and sustained economic growth are fundamentally incompatible",
  "turn_count": 21,
  "persona": {
    "by_speaker": {
      "Lyra": {
        "mean": 0.5505024190597319,
        "per_turn": [
          0.5490325420217196,
          0.5198597403461633,
          0.4818763959779939,
          0.47940389515653115,
          0.5040891212517704,
          0.5103347107373349,
          0.5694682426906426,
          0.5450181032608743,
          0.8058241059571267,
          0.5213102038979456,
          0.5693095483589481
        ]
      },
      "Cipher": {
        "mean": 0.5405184337050908,
        "per_turn": [
          0.7544515480451695,
          0.49274488622558804,
          0.5461814263147338,
          0.4996756017385521,
          0.48979135664994045,
          0.5120243521318811,
          0.4747867636648145,
          0.3951902891348147,
          0.49335426150231954,
          0.7469838516430936
        ]
      }
    },
    "discrimination": {
      "Lyra": {
        "own_mean": 0.5505,
        "cross_mean": 0.4495,
        "gap": 0.101
      },
      "Cipher": {
        "own_mean": 0.5405,
        "cross_mean": 0.4595,
        "gap": 0.081
      }
    }
  },
  "coherence": {
    "per_turn": [
      null,
      0.5924776792526245,
      0.5651853084564209,
      0.5753640532493591,
      0.585860013961792,
      0.5625227689743042,
      0.571235716342926,
      0.5549134016036987,
      0.46125054359436035,
      0.6990705728530884,
      0.3610479533672333,
      0.5112227201461792,
      0.3719417154788971,
      0.5914068222045898,
      0.498368501663208,
      0.6512079238891602,
      0.6530361175537109,
      0.5498700737953186,
      0.5883324146270752,
      0.6440389752388,
      0.29331380128860474
    ],
    "mean": 0.5440833538770675,
    "min": 0.29331380128860474
  },
  "topic_drift": {
    "per_turn": [
      0.575282633304596,
      0.7120499610900879,
      0.41133415699005127,
      0.47515398263931274,
      0.42351388931274414,
      0.44566208124160767,
      0.3734479546546936,
      0.38527828454971313,
      0.41504719853401184,
      0.29965659976005554,
      0.05292505770921707,
      0.18019384145736694,
      0.2651614844799042,
      0.31354042887687683,
      0.17064011096954346,
      0.10875821858644485,
      0.255619615316391,
      0.2983056604862213,
      0.25419920682907104,
      0.27016681432724,
      0.05935593694448471
    ],
    "mean": 0.32120443419331596,
    "min": 0.05292505770921707,
    "drift_slope": -0.020478957436688542
  },
  "sentiment": {
    "per_turn": [
      0.1531,
      0.5428,
      0.9171,
      0.4404,
      0.8957,
      0.8979,
      0.7732,
      0.9118,
      0.1306,
      0.9306,
      0.9137,
      -0.34,
      0.5859,
      0.7184,
      0.6863,
      0.3149,
      0.6249,
      -0.3915,
      0.882,
      0.4496,
      0.9224
    ],
    "by_speaker": {
      "Lyra": [
        0.1531,
        0.9171,
        0.8957,
        0.7732,
        0.1306,
        0.9137,
        0.5859,
        0.6863,
        0.6249,
        0.882,
        0.9224
      ],
      "Cipher": [
        0.5428,
        0.4404,
        0.8979,
        0.9118,
        0.9306,
        -0.34,
        0.7184,
        0.3149,
        -0.3915,
        0.4496
      ]
    },
    "mean": 0.5695142857142856,
    "slope": -0.006594155844155839,
    "volatility": 0.391411676208195
  },
  "diversity": {
    "by_speaker": {
      "Lyra": {
        "semantic_diversity": 0.6340853571891785,
        "ttr": 0.4874551971326165
      },
      "Cipher": {
        "semantic_diversity": 0.58016437292099,
        "ttr": 0.473491773308958
      }
    },
    "global_ttr": 0.38642533936651585
  }
}