{
  "condition_id": "modiso__gpt-oss-20b__t00__r01",
  "topic": "AI will eliminate more jobs than it creates within the next decade",
  "turn_count": 21,
  "persona": {
    "by_speaker": {
      "Lyra": {
        "mean": 0.4854269747289775,
        "per_turn": [
          0.52811962763602,
          0.4843638314019195,
          0.4476464918547326,
          0.4484888379108809,
          0.443210207364195,
          0.4466394229119411,
          0.4495522623402043,
          0.4977716944198943,
          0.4733575383294135,
          0.47297512094467803,
          0.6475716869048727
        ]
      },
      "Cipher": {
        "mean": 0.6270705062249914,
        "per_turn": [
          0.7549199514568263,
          0.5608993344437407,
          0.5846037490459022,
          0.7861558569738123,
          0.5241513130190678,
          0.5895735835127538,
          0.5377982775944794,
          0.5742044566198705,
          0.7808405228739175,
          0.5775580167095439
        ]
      }
    },
    "discrimination": {
      "Lyra": {
        "own_mean": 0.4854,
        "cross_mean": 0.5146,
        "gap": -0.0291
      },
      "Cipher": {
        "own_mean": 0.6271,
        "cross_mean": 0.3729,
        "gap": 0.2541
      }
    }
  },
  "coherence": {
    "per_turn": [
      null,
      0.6662791967391968,
      0.5887851715087891,
      0.5849926471710205,
      0.6837538480758667,
      0.5349575877189636,
      0.5689772367477417,
      0.6006924510002136,
      0.5899943113327026,
      0.3555806875228882,
      0.5088973045349121,
      0.626452624797821,
      0.5604259967803955,
      0.6990487575531006,
      0.1592487096786499,
      0.30959153175354004,
      0.626708984375,
      0.7253806591033936,
      0.45169296860694885,
      0.5915521383285522,
      0.050480134785175323
    ],
    "mean": 0.5241746474057436,
    "min": 0.050480134785175323
  },
  "topic_drift": {
    "per_turn": [
      0.7455316781997681,
      0.7873632907867432,
      0.4737303853034973,
      0.30064743757247925,
      0.4096364676952362,
      0.41116949915885925,
      0.4170078635215759,
      0.45959916710853577,
      0.3507694602012634,
      0.35087186098098755,
      0.442912757396698,
      0.3285331726074219,
      0.37795281410217285,
      0.37417763471603394,
      0.06296610087156296,
      0.4073980450630188,
      0.5609528422355652,
      0.4841121435165405,
      0.17695173621177673,
      0.1693272888660431,
      0.07294952869415283
    ],
    "mean": 0.38878862737190156,
    "min": 0.06296610087156296,
    "drift_slope": -0.018349979759810814
  },
  "sentiment": {
    "per_turn": [
      0.7003,
      -0.3004,
      0.443,
      -0.6369,
      0.6808,
      0.8519,
      0.705,
      -0.3818,
      0.9153,
      0.7579,
      0.7845,
      -0.1154,
      0.6712,
      -0.7399,
      0.0,
      0.0,
      0.9413,
      0.5927,
      0.5228,
      -0.5575,
      0.9217
    ],
    "by_speaker": {
      "Lyra": [
        0.7003,
        0.443,
        0.6808,
        0.705,
        0.9153,
        0.7845,
        0.6712,
        0.0,
        0.9413,
        0.5228,
        0.9217
      ],
      "Cipher": [
        -0.3004,
        -0.6369,
        0.8519,
        -0.3818,
        0.7579,
        -0.1154,
        -0.7399,
        0.0,
        0.5927,
        -0.5575
      ]
    },
    "mean": 0.3217380952380952,
    "slope": 0.001549870129870129,
    "volatility": 0.5585119357348387
  },
  "diversity": {
    "by_speaker": {
      "Lyra": {
        "semantic_diversity": 0.7086949348449707,
        "ttr": 0.5377358490566038
      },
      "Cipher": {
        "semantic_diversity": 0.5976048707962036,
        "ttr": 0.49230769230769234
      }
    },
    "global_ttr": 0.41076233183856503
  }
}