{
  "condition_id": "modiso__llama4-scout__t07__r02",
  "topic": "Meaningful climate action and sustained economic growth are fundamentally incompatible",
  "turn_count": 21,
  "persona": {
    "by_speaker": {
      "Lyra": {
        "mean": 0.5620226391910793,
        "per_turn": [
          0.5229215301519824,
          0.7730134021455912,
          0.44642074373012686,
          0.4199844568308511,
          0.45561278895060986,
          0.7478666610445418,
          0.4985876898850772,
          0.5707687805432592,
          0.46897847708142626,
          0.7360489061493835,
          0.542045594589023
        ]
      },
      "Cipher": {
        "mean": 0.6164959586761047,
        "per_turn": [
          0.7602484510922749,
          0.5193692862204632,
          0.7960712969369275,
          0.5367444410250477,
          0.5180731435665669,
          0.5776274891388633,
          0.7068967596362291,
          0.7283588597642876,
          0.5174668209910798,
          0.5041030383893073
        ]
      }
    },
    "discrimination": {
      "Lyra": {
        "own_mean": 0.562,
        "cross_mean": 0.438,
        "gap": 0.124
      },
      "Cipher": {
        "own_mean": 0.6165,
        "cross_mean": 0.3835,
        "gap": 0.233
      }
    }
  },
  "coherence": {
    "per_turn": [
      null,
      0.6506121158599854,
      0.6575028896331787,
      0.6824387311935425,
      0.6935068368911743,
      0.49623143672943115,
      0.49783146381378174,
      0.5395320653915405,
      0.6093769073486328,
      0.615632176399231,
      0.7106720209121704,
      0.44201749563217163,
      0.5560516715049744,
      0.5432958006858826,
      0.6325622797012329,
      0.7497340440750122,
      0.5535452961921692,
      0.5610150098800659,
      0.6402095556259155,
      0.5920649170875549,
      0.3214663565158844
    ],
    "mean": 0.5872649535536766,
    "min": 0.3214663565158844
  },
  "topic_drift": {
    "per_turn": [
      0.6313550472259521,
      0.8048322200775146,
      0.4592248797416687,
      0.3987168073654175,
      0.4579256772994995,
      0.3520509600639343,
      0.3893406391143799,
      0.3045157194137573,
      0.5660266876220703,
      0.5400241613388062,
      0.46783021092414856,
      0.3000878095626831,
      0.34978818893432617,
      0.2864363193511963,
      0.5069454908370972,
      0.2868237793445587,
      0.47563445568084717,
      0.36709481477737427,
      0.3194763660430908,
      0.3395150601863861,
      0.5194967985153198
    ],
    "mean": 0.43443533778190613,
    "min": 0.2864363193511963,
    "drift_slope": -0.009249213454011206
  },
  "sentiment": {
    "per_turn": [
      0.6908,
      0.8968,
      0.957,
      0.7838,
      0.9225,
      0.2617,
      0.8111,
      0.5106,
      0.8857,
      0.9049,
      0.9485,
      -0.4215,
      0.9403,
      0.5106,
      0.8834,
      -0.0772,
      0.765,
      0.0129,
      0.9441,
      0.1783,
      0.9726
    ],
    "by_speaker": {
      "Lyra": [
        0.6908,
        0.957,
        0.9225,
        0.8111,
        0.8857,
        0.9485,
        0.9403,
        0.8834,
        0.765,
        0.9441,
        0.9726
      ],
      "Cipher": [
        0.8968,
        0.7838,
        0.2617,
        0.5106,
        0.9049,
        -0.4215,
        0.5106,
        -0.0772,
        0.0129,
        0.1783
      ]
    },
    "mean": 0.6324714285714287,
    "slope": -0.016513636363636362,
    "volatility": 0.39734988077902084
  },
  "diversity": {
    "by_speaker": {
      "Lyra": {
        "semantic_diversity": 0.5445627570152283,
        "ttr": 0.5
      },
      "Cipher": {
        "semantic_diversity": 0.6193027496337891,
        "ttr": 0.5503731343283582
      }
    },
    "global_ttr": 0.43445378151260505
  }
}