{
  "condition_id": "modiso__qwen-235b__t04__r03",
  "topic": "Strong government regulation of AI development will cause more harm than good",
  "turn_count": 21,
  "persona": {
    "by_speaker": {
      "Lyra": {
        "mean": 0.5202837685002771,
        "per_turn": [
          0.4706890093285366,
          0.46493057192188825,
          0.5127611578990379,
          0.7283813852380207,
          0.5111391665871137,
          0.48553014333142397,
          0.4241006696351918,
          0.5382548923916618,
          0.4777502629214596,
          0.4581089336403672,
          0.6514752606083469
        ]
      },
      "Cipher": {
        "mean": 0.4503584264429893,
        "per_turn": [
          0.7762412329998509,
          0.5494202984510701,
          0.5333791196542061,
          0.4505945074876182,
          -0.2635185204261964,
          0.44670216938030954,
          0.4202447059896104,
          0.5478459954481647,
          0.5090810310356306,
          0.5335937244096293
        ]
      }
    },
    "discrimination": {
      "Lyra": {
        "own_mean": 0.5203,
        "cross_mean": 0.4797,
        "gap": 0.0406
      },
      "Cipher": {
        "own_mean": 0.4504,
        "cross_mean": 0.5496,
        "gap": -0.0993
      }
    }
  },
  "coherence": {
    "per_turn": [
      null,
      0.6048189401626587,
      0.4984513521194458,
      0.49700382351875305,
      0.7285699248313904,
      0.4773920774459839,
      0.6113240718841553,
      0.27547842264175415,
      0.575200080871582,
      0.1797143965959549,
      0.5561517477035522,
      0.521015465259552,
      0.5894375443458557,
      0.1586432158946991,
      0.446301132440567,
      0.5497856140136719,
      0.5767649412155151,
      0.4773356318473816,
      0.38586920499801636,
      0.5058290958404541,
      0.1236056536436081
    ],
    "mean": 0.46693461686372756,
    "min": 0.1236056536436081
  },
  "topic_drift": {
    "per_turn": [
      0.7846590876579285,
      0.6738893985748291,
      0.5003589391708374,
      0.2628568708896637,
      0.36612236499786377,
      0.559325098991394,
      0.4602399468421936,
      0.004938931204378605,
      0.113657146692276,
      0.05082998052239418,
      0.29783114790916443,
      0.2490975260734558,
      0.3050152361392975,
      0.31000715494155884,
      0.29293593764305115,
      0.13075077533721924,
      0.24902407824993134,
      0.3231115937232971,
      0.3547382354736328,
      0.5155750513076782,
      0.08601215481758118
    ],
    "mean": 0.3281417455790298,
    "min": 0.004938931204378605,
    "drift_slope": -0.014510350653829131
  },
  "sentiment": {
    "per_turn": [
      0.3336,
      0.25,
      0.8964,
      0.5719,
      0.5859,
      0.5267,
      0.667,
      -0.6486,
      -0.9051,
      -0.7311,
      0.431,
      0.25,
      0.32,
      -0.6808,
      0.9411,
      0.8422,
      -0.5524,
      -0.9148,
      0.6705,
      0.0,
      0.872
    ],
    "by_speaker": {
      "Lyra": [
        0.3336,
        0.8964,
        0.5859,
        0.667,
        -0.9051,
        0.431,
        0.32,
        0.9411,
        -0.5524,
        0.6705,
        0.872
      ],
      "Cipher": [
        0.25,
        0.5719,
        0.5267,
        -0.6486,
        -0.7311,
        0.25,
        -0.6808,
        0.8422,
        -0.9148,
        0.0
      ]
    },
    "mean": 0.1774047619047619,
    "slope": -0.012858831168831181,
    "volatility": 0.6265751469211247
  },
  "diversity": {
    "by_speaker": {
      "Lyra": {
        "semantic_diversity": 0.7513396739959717,
        "ttr": 0.5475285171102662
      },
      "Cipher": {
        "semantic_diversity": 0.7519029378890991,
        "ttr": 0.5370370370370371
      }
    },
    "global_ttr": 0.42379958246346555
  }
}