{
  "condition_id": "modiso__qwen-235b__t03__r02",
  "topic": "The resources spent on space exploration would produce greater good if redirected to Earth's problems",
  "turn_count": 21,
  "persona": {
    "by_speaker": {
      "Lyra": {
        "mean": 0.5681794603302202,
        "per_turn": [
          0.5944634880669625,
          0.6300024514163793,
          0.5515107715160201,
          0.7511956549070706,
          0.5619349419846398,
          0.4688684523270332,
          0.4990936923507519,
          0.522180163514647,
          0.5029087557172138,
          0.5418675108160897,
          0.6259481810156138
        ]
      },
      "Cipher": {
        "mean": 0.5484266342010983,
        "per_turn": [
          0.6669904227064801,
          0.4664641245214765,
          0.42014648907846985,
          0.7156432248044123,
          0.4489517409573752,
          0.4757738680461764,
          0.7256217365031754,
          0.5718520101914082,
          0.505232332657316,
          0.4875903925446927
        ]
      }
    },
    "discrimination": {
      "Lyra": {
        "own_mean": 0.5682,
        "cross_mean": 0.4318,
        "gap": 0.1364
      },
      "Cipher": {
        "own_mean": 0.5484,
        "cross_mean": 0.4516,
        "gap": 0.0969
      }
    }
  },
  "coherence": {
    "per_turn": [
      null,
      0.5282158851623535,
      0.51813805103302,
      0.5608973503112793,
      0.5406380295753479,
      0.5363272428512573,
      0.2944808006286621,
      0.5189841389656067,
      0.252556174993515,
      0.3587688207626343,
      0.476265549659729,
      0.44925257563591003,
      0.23845216631889343,
      0.7166024446487427,
      0.49310147762298584,
      0.5338451266288757,
      0.2577058672904968,
      0.3894805312156677,
      0.36552301049232483,
      0.33785051107406616,
      0.22542710602283478
    ],
    "mean": 0.4296256430447102,
    "min": 0.22542710602283478
  },
  "topic_drift": {
    "per_turn": [
      0.49890512228012085,
      0.5053979158401489,
      0.47311413288116455,
      0.5909037590026855,
      0.5187273025512695,
      0.3952038288116455,
      0.2852938771247864,
      0.42753496766090393,
      0.42401814460754395,
      0.4552540183067322,
      0.3334089517593384,
      0.40807831287384033,
      0.3292310833930969,
      0.38365787267684937,
      0.42899706959724426,
      0.2779914438724518,
      0.18757948279380798,
      0.12201578915119171,
      0.41966813802719116,
      0.24195857346057892,
      0.2604501247406006
    ],
    "mean": 0.3793995195911044,
    "min": 0.12201578915119171,
    "drift_slope": -0.014067279208790182
  },
  "sentiment": {
    "per_turn": [
      0.0,
      0.3716,
      0.2144,
      0.7992,
      0.4939,
      0.1531,
      0.2644,
      0.128,
      0.812,
      0.0,
      -0.3662,
      -0.2846,
      0.7558,
      0.1421,
      0.7506,
      0.2256,
      0.7783,
      -0.0772,
      0.802,
      0.4854,
      -0.4215
    ],
    "by_speaker": {
      "Lyra": [
        0.0,
        0.2144,
        0.4939,
        0.2644,
        0.812,
        -0.3662,
        0.7558,
        0.7506,
        0.7783,
        0.802,
        -0.4215
      ],
      "Cipher": [
        0.3716,
        0.7992,
        0.1531,
        0.128,
        0.0,
        -0.2846,
        0.1421,
        0.2256,
        -0.0772,
        0.4854
      ]
    },
    "mean": 0.2869952380952381,
    "slope": -0.0012542857142857076,
    "volatility": 0.3900614511735426
  },
  "diversity": {
    "by_speaker": {
      "Lyra": {
        "semantic_diversity": 0.6851022839546204,
        "ttr": 0.5477582846003899
      },
      "Cipher": {
        "semantic_diversity": 0.6931909322738647,
        "ttr": 0.5358649789029536
      }
    },
    "global_ttr": 0.45491388044579534
  }
}