{
  "condition_id": "modiso__llama-70b__t07__r01",
  "topic": "Meaningful climate action and sustained economic growth are fundamentally incompatible",
  "turn_count": 21,
  "persona": {
    "by_speaker": {
      "Lyra": {
        "mean": 0.6959043035744582,
        "per_turn": [
          0.7736168048720391,
          0.7111676210474489,
          0.7399542264311172,
          0.7528253284682188,
          0.7224280214754081,
          0.5071731652341382,
          0.7454395997380879,
          0.776371595331504,
          0.5080315072840309,
          0.7602116626308756,
          0.6577278068061712
        ]
      },
      "Cipher": {
        "mean": 0.6684628844376819,
        "per_turn": [
          0.7713451117146581,
          0.7615109880276882,
          0.7351659645651196,
          0.755147840708482,
          0.5572205560553585,
          0.5313803650433868,
          0.5125019598251817,
          0.5075714804963349,
          0.7420319785573201,
          0.810752599383288
        ]
      }
    },
    "discrimination": {
      "Lyra": {
        "own_mean": 0.6959,
        "cross_mean": 0.3041,
        "gap": 0.3918
      },
      "Cipher": {
        "own_mean": 0.6685,
        "cross_mean": 0.3315,
        "gap": 0.3369
      }
    }
  },
  "coherence": {
    "per_turn": [
      null,
      0.4736822247505188,
      0.6736207008361816,
      0.6529648900032043,
      0.5504858493804932,
      0.39426639676094055,
      0.6225194334983826,
      0.6729101538658142,
      0.585500955581665,
      0.7680443525314331,
      0.662334680557251,
      0.35318005084991455,
      0.6899147629737854,
      0.5806705355644226,
      0.651519775390625,
      0.5292372107505798,
      0.7322143912315369,
      0.6255701780319214,
      0.6335314512252808,
      0.5727770328521729,
      -0.025889303535223007
    ],
    "mean": 0.5699527861550451,
    "min": -0.025889303535223007
  },
  "topic_drift": {
    "per_turn": [
      0.7127045392990112,
      0.489857941865921,
      0.49029749631881714,
      0.5420825481414795,
      0.33638012409210205,
      0.39013099670410156,
      0.4445611238479614,
      0.4561957120895386,
      0.38538533449172974,
      0.494883269071579,
      0.5029932856559753,
      0.24706311523914337,
      0.26941242814064026,
      0.4890384078025818,
      0.27506452798843384,
      0.5722355842590332,
      0.5267226696014404,
      0.5737841725349426,
      0.6359262466430664,
      0.4698304533958435,
      -0.02729169651865959
    ],
    "mean": 0.44177420384117533,
    "min": -0.02729169651865959,
    "drift_slope": -0.006753135627353349
  },
  "sentiment": {
    "per_turn": [
      0.5504,
      0.8294,
      0.8918,
      0.9485,
      0.653,
      0.128,
      0.9288,
      0.7964,
      0.946,
      0.0021,
      0.8906,
      0.6083,
      0.8617,
      0.0258,
      0.6507,
      0.6428,
      0.9202,
      0.5267,
      0.8854,
      0.7351,
      0.836
    ],
    "by_speaker": {
      "Lyra": [
        0.5504,
        0.8918,
        0.653,
        0.9288,
        0.946,
        0.8906,
        0.8617,
        0.6507,
        0.9202,
        0.8854,
        0.836
      ],
      "Cipher": [
        0.8294,
        0.9485,
        0.128,
        0.7964,
        0.0021,
        0.6083,
        0.0258,
        0.6428,
        0.5267,
        0.7351
      ]
    },
    "mean": 0.6789380952380951,
    "slope": 0.00025207792207790797,
    "volatility": 0.2870804059860822
  },
  "diversity": {
    "by_speaker": {
      "Lyra": {
        "semantic_diversity": 0.6516889333724976,
        "ttr": 0.4222222222222222
      },
      "Cipher": {
        "semantic_diversity": 0.6057932376861572,
        "ttr": 0.5124760076775432
      }
    },
    "global_ttr": 0.3673929376408715
  }
}