{
  "condition_id": "modiso__llama-70b__t07__r02",
  "topic": "Meaningful climate action and sustained economic growth are fundamentally incompatible",
  "turn_count": 21,
  "persona": {
    "by_speaker": {
      "Lyra": {
        "mean": 0.618165418837909,
        "per_turn": [
          0.7562872047142475,
          0.5103151974442814,
          0.7675185673591529,
          0.5005807089727049,
          0.7152047094530742,
          0.8030538841364011,
          0.4721918576313203,
          0.7813889380339266,
          0.292994373080726,
          0.5400954062074914,
          0.660188760183672
        ]
      },
      "Cipher": {
        "mean": 0.5840137527876003,
        "per_turn": [
          0.7830887153410059,
          0.5093359854959887,
          0.5168413761060315,
          0.5462416569514326,
          0.7426856302067009,
          0.5366082328426385,
          0.5221830542069258,
          0.494410174714255,
          0.44847041450924974,
          0.740272287501774
        ]
      }
    },
    "discrimination": {
      "Lyra": {
        "own_mean": 0.6182,
        "cross_mean": 0.3818,
        "gap": 0.2363
      },
      "Cipher": {
        "own_mean": 0.584,
        "cross_mean": 0.416,
        "gap": 0.168
      }
    }
  },
  "coherence": {
    "per_turn": [
      null,
      0.6217588782310486,
      0.6380299925804138,
      0.6652137637138367,
      0.42965635657310486,
      0.38509246706962585,
      0.5818120241165161,
      0.5567237734794617,
      0.6257500052452087,
      0.6693381667137146,
      0.49988487362861633,
      0.54052734375,
      0.643840491771698,
      0.6026512980461121,
      0.656431257724762,
      0.7095223665237427,
      0.37479931116104126,
      0.7901943922042847,
      0.7228442430496216,
      0.41417035460472107,
      0.04197937250137329
    ],
    "mean": 0.5585110366344452,
    "min": 0.04197937250137329
  },
  "topic_drift": {
    "per_turn": [
      0.5785002112388611,
      0.47297239303588867,
      0.7048428058624268,
      0.37069475650787354,
      0.3336832523345947,
      0.5099068880081177,
      0.5050360560417175,
      0.4001803696155548,
      0.42682337760925293,
      0.5005490779876709,
      0.32844969630241394,
      0.4157867729663849,
      0.35827094316482544,
      0.3760325312614441,
      0.2919868230819702,
      0.2940625846385956,
      0.4857289791107178,
      0.5218703746795654,
      0.5998854637145996,
      0.22975416481494904,
      0.026242349296808243
    ],
    "mean": 0.41577427958448726,
    "min": 0.026242349296808243,
    "drift_slope": -0.011436918000509208
  },
  "sentiment": {
    "per_turn": [
      0.4601,
      0.9011,
      0.6801,
      0.6486,
      0.9654,
      0.6682,
      0.8068,
      0.9136,
      0.8473,
      -0.1779,
      0.3495,
      -0.6901,
      0.872,
      0.6535,
      0.9397,
      -0.4404,
      0.7752,
      0.0129,
      0.9199,
      -0.4588,
      0.9716
    ],
    "by_speaker": {
      "Lyra": [
        0.4601,
        0.6801,
        0.9654,
        0.8068,
        0.8473,
        0.3495,
        0.872,
        0.9397,
        0.7752,
        0.9199,
        0.9716
      ],
      "Cipher": [
        0.9011,
        0.6486,
        0.6682,
        0.9136,
        -0.1779,
        -0.6901,
        0.6535,
        -0.4404,
        0.0129,
        -0.4588
      ]
    },
    "mean": 0.5056333333333334,
    "slope": -0.022144545454545448,
    "volatility": 0.5171448303478975
  },
  "diversity": {
    "by_speaker": {
      "Lyra": {
        "semantic_diversity": 0.5938588380813599,
        "ttr": 0.4002361275088548
      },
      "Cipher": {
        "semantic_diversity": 0.5898146629333496,
        "ttr": 0.5389344262295082
      }
    },
    "global_ttr": 0.36404494382022473
  }
}