{
  "condition_id": "modiso__llama-70b__t05__r01",
  "topic": "Genetic editing to prevent hereditary diseases in human embryos should be legally permitted",
  "turn_count": 21,
  "persona": {
    "by_speaker": {
      "Lyra": {
        "mean": 0.599933151427697,
        "per_turn": [
          0.7895962652197757,
          0.5261684311481573,
          0.46809319404924266,
          0.7300481893110132,
          0.7495358108763821,
          0.7854965083475507,
          0.4586112007818972,
          0.5479939109490531,
          0.5214884453294886,
          0.4958076119071533,
          0.5264250977849536
        ]
      },
      "Cipher": {
        "mean": 0.6041970894883976,
        "per_turn": [
          0.7270907350770828,
          0.511121424020887,
          0.5875308531652585,
          0.7769309601409231,
          0.7429280301134169,
          0.7520943298304146,
          0.45611230275852616,
          0.46337319975753055,
          0.4882417325085636,
          0.5365473275113728
        ]
      }
    },
    "discrimination": {
      "Lyra": {
        "own_mean": 0.5999,
        "cross_mean": 0.4001,
        "gap": 0.1999
      },
      "Cipher": {
        "own_mean": 0.6042,
        "cross_mean": 0.3958,
        "gap": 0.2084
      }
    }
  },
  "coherence": {
    "per_turn": [
      null,
      0.675979733467102,
      0.4794585704803467,
      0.8018781542778015,
      0.3571140170097351,
      0.5011934041976929,
      0.5457537770271301,
      0.5656000375747681,
      0.4232247769832611,
      0.5893442630767822,
      0.4704301357269287,
      0.616316556930542,
      0.5527867078781128,
      0.10424188524484634,
      0.7257757186889648,
      0.5879806280136108,
      0.5439965128898621,
      0.7641493082046509,
      0.4532848000526428,
      0.529742956161499,
      0.2631967067718506
    ],
    "mean": 0.5275724325329065,
    "min": 0.10424188524484634
  },
  "topic_drift": {
    "per_turn": [
      0.804584264755249,
      0.5653384327888489,
      0.5563538074493408,
      0.5053870677947998,
      0.23395325243473053,
      0.339305579662323,
      0.6240981817245483,
      0.3924449682235718,
      0.23686838150024414,
      0.2808767259120941,
      0.15933817625045776,
      0.1398565173149109,
      0.09547030925750732,
      0.5716851949691772,
      0.48535796999931335,
      0.2965049147605896,
      0.6063390970230103,
      0.637553334236145,
      0.3206440806388855,
      0.3435896039009094,
      0.5525863170623779
    ],
    "mean": 0.4165779132218588,
    "min": 0.09547030925750732,
    "drift_slope": -0.005061009952000207
  },
  "sentiment": {
    "per_turn": [
      0.6786,
      0.775,
      -0.891,
      -0.0248,
      0.34,
      -0.2144,
      0.8591,
      -0.7698,
      0.7579,
      0.0772,
      0.7642,
      0.7524,
      0.9359,
      -0.9169,
      -0.1893,
      -0.4215,
      0.1027,
      -0.6597,
      0.5106,
      0.1779,
      0.9648
    ],
    "by_speaker": {
      "Lyra": [
        0.6786,
        -0.891,
        0.34,
        0.8591,
        0.7579,
        0.7642,
        0.9359,
        -0.1893,
        0.1027,
        0.5106,
        0.9648
      ],
      "Cipher": [
        0.775,
        -0.0248,
        -0.2144,
        -0.7698,
        0.0772,
        0.7524,
        -0.9169,
        -0.4215,
        -0.6597,
        0.1779
      ]
    },
    "mean": 0.17185238095238098,
    "slope": -0.0023459740259740305,
    "volatility": 0.6194150524940736
  },
  "diversity": {
    "by_speaker": {
      "Lyra": {
        "semantic_diversity": 0.6172071695327759,
        "ttr": 0.42278481012658226
      },
      "Cipher": {
        "semantic_diversity": 0.6461111903190613,
        "ttr": 0.5099457504520796
      }
    },
    "global_ttr": 0.36932241250930753
  }
}