{
  "condition_id": "modiso__llama-8b__t06__r02",
  "topic": "Remote work has weakened organisational culture more than it has empowered individuals",
  "turn_count": 21,
  "persona": {
    "by_speaker": {
      "Lyra": {
        "mean": 0.5400395116413329,
        "per_turn": [
          0.5544181594848772,
          0.602649531858253,
          0.6923735813581635,
          0.3406463432964667,
          0.5862610750198618,
          0.511421192286305,
          0.4898307963217572,
          0.5223588887793715,
          0.5078721367391968,
          0.5024653620215018,
          0.6301375608889073
        ]
      },
      "Cipher": {
        "mean": 0.5816453585697678,
        "per_turn": [
          0.7082389929807467,
          0.48707275034355424,
          0.6515333582795505,
          0.4613302596627161,
          0.4742027776752471,
          0.7323876077142912,
          0.506544529344666,
          0.4978028660459859,
          0.5485813773993922,
          0.7487590662515284
        ]
      }
    },
    "discrimination": {
      "Lyra": {
        "own_mean": 0.54,
        "cross_mean": 0.46,
        "gap": 0.0801
      },
      "Cipher": {
        "own_mean": 0.5816,
        "cross_mean": 0.4184,
        "gap": 0.1633
      }
    }
  },
  "coherence": {
    "per_turn": [
      null,
      0.7860829830169678,
      0.49835070967674255,
      0.5544277429580688,
      0.24909557402133942,
      0.5686835646629333,
      0.7068835496902466,
      0.6129664182662964,
      0.509067177772522,
      0.6127433180809021,
      0.47721779346466064,
      0.6786365509033203,
      0.6811313033103943,
      0.570431649684906,
      0.5481655597686768,
      0.571409285068512,
      0.3867315649986267,
      0.5199847221374512,
      0.5579315423965454,
      0.37680017948150635,
      0.15276777744293213
    ],
    "mean": 0.5309754483401775,
    "min": 0.15276777744293213
  },
  "topic_drift": {
    "per_turn": [
      0.7988369464874268,
      0.7335183620452881,
      0.47603142261505127,
      0.2242106944322586,
      0.2944287061691284,
      0.5539570450782776,
      0.5430106520652771,
      0.7066465616226196,
      0.39206311106681824,
      0.6229490041732788,
      0.4601585268974304,
      0.4045795798301697,
      0.33473241329193115,
      0.36506420373916626,
      0.4349515438079834,
      0.34101536870002747,
      0.30365273356437683,
      0.3148385286331177,
      0.17701739072799683,
      0.22516900300979614,
      0.2958885729312897
    ],
    "mean": 0.42870097004231955,
    "min": 0.17701739072799683,
    "drift_slope": -0.01839184925540701
  },
  "sentiment": {
    "per_turn": [
      0.7906,
      0.6956,
      0.3612,
      0.193,
      0.1406,
      0.2523,
      -0.631,
      0.878,
      -0.6997,
      0.7506,
      0.6908,
      0.5267,
      0.7876,
      0.5629,
      0.5499,
      0.8074,
      0.9217,
      0.1764,
      0.9042,
      0.1779,
      0.9499
    ],
    "by_speaker": {
      "Lyra": [
        0.7906,
        0.3612,
        0.1406,
        -0.631,
        -0.6997,
        0.6908,
        0.7876,
        0.5499,
        0.9217,
        0.9042,
        0.9499
      ],
      "Cipher": [
        0.6956,
        0.193,
        0.2523,
        0.878,
        0.7506,
        0.5267,
        0.5629,
        0.8074,
        0.1764,
        0.1779
      ]
    },
    "mean": 0.46602857142857135,
    "slope": 0.019678701298701293,
    "volatility": 0.4524795403349954
  },
  "diversity": {
    "by_speaker": {
      "Lyra": {
        "semantic_diversity": 0.6552146673202515,
        "ttr": 0.41514726507713884
      },
      "Cipher": {
        "semantic_diversity": 0.6163075566291809,
        "ttr": 0.4839357429718876
      }
    },
    "global_ttr": 0.35672997522708505
  }
}