{
  "condition_id": "modiso__llama4-scout__t06__r03",
  "topic": "Remote work has weakened organisational culture more than it has empowered individuals",
  "turn_count": 21,
  "persona": {
    "by_speaker": {
      "Lyra": {
        "mean": 0.5984406080396748,
        "per_turn": [
          0.5585284018855461,
          0.6259350319416079,
          0.7756869807670734,
          0.5461430566313199,
          0.807332964715019,
          0.5612307702746278,
          0.5950060528544039,
          0.5471248859328803,
          0.6200656539454346,
          0.599613238595144,
          0.34617965089336555
        ]
      },
      "Cipher": {
        "mean": 0.5535163472556882,
        "per_turn": [
          0.7143569376450363,
          0.7082383951047647,
          0.5557110480898967,
          0.4244222547276453,
          0.6682185593096593,
          0.6763420855976865,
          0.4696483814539158,
          0.43225940910927263,
          0.42637389206554954,
          0.4595925094534554
        ]
      }
    },
    "discrimination": {
      "Lyra": {
        "own_mean": 0.5984,
        "cross_mean": 0.4016,
        "gap": 0.1969
      },
      "Cipher": {
        "own_mean": 0.5535,
        "cross_mean": 0.4465,
        "gap": 0.107
      }
    }
  },
  "coherence": {
    "per_turn": [
      null,
      0.6065133810043335,
      0.5776263475418091,
      0.6589315533638,
      0.6989597082138062,
      0.5820379257202148,
      0.49069297313690186,
      0.7715824842453003,
      0.7218466401100159,
      0.6928104162216187,
      0.46041184663772583,
      0.21204803884029388,
      0.7116299867630005,
      0.5808945894241333,
      0.7293733954429626,
      0.6790587902069092,
      0.5719878673553467,
      0.698448657989502,
      0.5428457260131836,
      0.5968247652053833,
      0.39000093936920166
    ],
    "mean": 0.5987263016402722,
    "min": 0.21204803884029388
  },
  "topic_drift": {
    "per_turn": [
      0.815731406211853,
      0.5957971811294556,
      0.6160531044006348,
      0.7661657929420471,
      0.499041885137558,
      0.4885156452655792,
      0.6775374412536621,
      0.7277600169181824,
      0.8203985095024109,
      0.6512765884399414,
      0.22584283351898193,
      0.576886773109436,
      0.6335880160331726,
      0.5022693872451782,
      0.6907030344009399,
      0.7315647602081299,
      0.4536835551261902,
      0.4446070194244385,
      0.5449910163879395,
      0.447213351726532,
      0.6745107769966125
    ],
    "mean": 0.5992446712085179,
    "min": 0.22584283351898193,
    "drift_slope": -0.007399472207218031
  },
  "sentiment": {
    "per_turn": [
      0.4497,
      0.4215,
      -0.6808,
      0.5023,
      0.726,
      0.8914,
      0.5719,
      -0.25,
      -0.3716,
      0.5994,
      0.6486,
      0.5106,
      0.5998,
      -0.6062,
      0.7056,
      -0.128,
      0.9119,
      0.2406,
      0.9517,
      -0.4585,
      0.9565
    ],
    "by_speaker": {
      "Lyra": [
        0.4497,
        -0.6808,
        0.726,
        0.5719,
        -0.3716,
        0.6486,
        0.5998,
        0.7056,
        0.9119,
        0.9517,
        0.9565
      ],
      "Cipher": [
        0.4215,
        0.5023,
        0.8914,
        -0.25,
        0.5994,
        0.5106,
        -0.6062,
        -0.128,
        0.2406,
        -0.4585
      ]
    },
    "mean": 0.3424952380952381,
    "slope": 0.007421688311688316,
    "volatility": 0.5202616342500784
  },
  "diversity": {
    "by_speaker": {
      "Lyra": {
        "semantic_diversity": 0.4709271788597107,
        "ttr": 0.4213406292749658
      },
      "Cipher": {
        "semantic_diversity": 0.474589467048645,
        "ttr": 0.4446428571428571
      }
    },
    "global_ttr": 0.33927188226181254
  }
}