{
  "condition_id": "modiso__llama4-scout__t01__r02",
  "topic": "Social media has done more harm than good to mental health and democracy",
  "turn_count": 21,
  "persona": {
    "by_speaker": {
      "Lyra": {
        "mean": 0.555368328062079,
        "per_turn": [
          0.6002474399528271,
          0.5611436591131241,
          0.7521669984957104,
          0.4873345484869782,
          0.5074499771360288,
          0.468377477617523,
          0.576395451395856,
          0.48430143673365134,
          0.380804109427556,
          0.7036636852421776,
          0.5871668250814371
        ]
      },
      "Cipher": {
        "mean": 0.5398564007814495,
        "per_turn": [
          0.6801829948109027,
          0.4510400584526604,
          0.49840037941556337,
          0.5176630581871924,
          0.4894633371831293,
          0.5462514670625951,
          0.5028761668695552,
          0.5737346090794047,
          0.5691009149382404,
          0.5698510218152504
        ]
      }
    },
    "discrimination": {
      "Lyra": {
        "own_mean": 0.5554,
        "cross_mean": 0.4446,
        "gap": 0.1107
      },
      "Cipher": {
        "own_mean": 0.5399,
        "cross_mean": 0.4601,
        "gap": 0.0797
      }
    }
  },
  "coherence": {
    "per_turn": [
      null,
      0.5903259515762329,
      0.6155692338943481,
      0.6643404960632324,
      0.6557731032371521,
      0.6328766942024231,
      0.7220711708068848,
      0.5489141345024109,
      0.4426456093788147,
      0.7052948474884033,
      0.7128779888153076,
      0.5344012379646301,
      0.4884619116783142,
      0.6013116836547852,
      0.5901442766189575,
      0.6028896570205688,
      0.4698171615600586,
      0.3625132441520691,
      0.44798749685287476,
      0.34260135889053345,
      0.09626732021570206
    ],
    "mean": 0.5413542289286852,
    "min": 0.09626732021570206
  },
  "topic_drift": {
    "per_turn": [
      0.7940468192100525,
      0.7170895934104919,
      0.5121797323226929,
      0.3989717662334442,
      0.3873130679130554,
      0.3157498240470886,
      0.17764076590538025,
      0.23201322555541992,
      0.1876833736896515,
      0.2622232437133789,
      0.2736530005931854,
      0.19756506383419037,
      0.31573283672332764,
      0.3600980043411255,
      0.21068540215492249,
      0.11412012577056885,
      0.10803226381540298,
      0.2502099573612213,
      0.38298648595809937,
      0.09556877613067627,
      0.6346234083175659
    ],
    "mean": 0.329913654142902,
    "min": 0.09556877613067627,
    "drift_slope": -0.014595791929728026
  },
  "sentiment": {
    "per_turn": [
      -0.721,
      -0.5719,
      -0.25,
      0.8294,
      0.7751,
      0.1002,
      0.5362,
      0.8945,
      -0.3182,
      -0.5927,
      -0.4453,
      -0.5499,
      0.4329,
      0.5338,
      0.8414,
      -0.4497,
      0.4588,
      0.8786,
      -0.4404,
      0.0258,
      0.9273
    ],
    "by_speaker": {
      "Lyra": [
        -0.721,
        -0.25,
        0.7751,
        0.5362,
        -0.3182,
        -0.4453,
        0.4329,
        0.8414,
        0.4588,
        -0.4404,
        0.9273
      ],
      "Cipher": [
        -0.5719,
        0.8294,
        0.1002,
        0.8945,
        -0.5927,
        -0.5499,
        0.5338,
        -0.4497,
        0.8786,
        0.0258
      ]
    },
    "mean": 0.13785238095238098,
    "slope": 0.02301285714285715,
    "volatility": 0.5883552891781079
  },
  "diversity": {
    "by_speaker": {
      "Lyra": {
        "semantic_diversity": 0.6364177465438843,
        "ttr": 0.4991896272285251
      },
      "Cipher": {
        "semantic_diversity": 0.6685207486152649,
        "ttr": 0.4851301115241636
      }
    },
    "global_ttr": 0.3913419913419913
  }
}