{
  "condition_id": "modiso__gpt-oss-20b__t01__r01",
  "topic": "Social media has done more harm than good to mental health and democracy",
  "turn_count": 21,
  "persona": {
    "by_speaker": {
      "Lyra": {
        "mean": 0.5949387215223045,
        "per_turn": [
          0.5731282166235485,
          0.5878939428486405,
          0.5565741699406244,
          0.5859066299419837,
          0.4899178179545927,
          0.9707613058429689,
          0.5269734404904026,
          0.5376735493750316,
          0.5755380461461979,
          0.509749273144604,
          0.6302095444367547
        ]
      },
      "Cipher": {
        "mean": 0.5895666423101733,
        "per_turn": [
          0.689881475385373,
          0.4664336839576062,
          0.653199863067031,
          0.4122649956443785,
          0.4909268295257244,
          0.68796605588487,
          0.5066190905557442,
          0.7162675151690346,
          0.5210517887575824,
          0.7510551251543884
        ]
      }
    },
    "discrimination": {
      "Lyra": {
        "own_mean": 0.5949,
        "cross_mean": 0.4051,
        "gap": 0.1899
      },
      "Cipher": {
        "own_mean": 0.5896,
        "cross_mean": 0.4104,
        "gap": 0.1791
      }
    }
  },
  "coherence": {
    "per_turn": [
      null,
      0.5484289526939392,
      0.6696003675460815,
      0.6106364727020264,
      0.5085598826408386,
      0.4731265604496002,
      0.788597583770752,
      0.6491701006889343,
      0.490700364112854,
      0.4821670949459076,
      0.28403279185295105,
      0.5399091243743896,
      0.4481216073036194,
      0.48134130239486694,
      0.4046531021595001,
      0.3559219241142273,
      0.48973211646080017,
      0.5575079917907715,
      0.6499261260032654,
      0.35337111353874207,
      0.18074212968349457
    ],
    "mean": 0.4983123354613781,
    "min": 0.18074212968349457
  },
  "topic_drift": {
    "per_turn": [
      0.6535975337028503,
      0.738400936126709,
      0.6257228851318359,
      0.556626558303833,
      0.27315396070480347,
      0.3991507887840271,
      0.33699896931648254,
      0.552872359752655,
      0.18815571069717407,
      0.21792255342006683,
      0.048475898802280426,
      0.24014729261398315,
      0.26772773265838623,
      0.1113792210817337,
      0.2234402894973755,
      0.23415382206439972,
      0.22877517342567444,
      0.12126654386520386,
      0.16729703545570374,
      0.1774350106716156,
      0.16065916419029236
    ],
    "mean": 0.3106361638222422,
    "min": 0.048475898802280426,
    "drift_slope": -0.025170917963826818
  },
  "sentiment": {
    "per_turn": [
      -0.128,
      0.17,
      -0.8074,
      -0.6194,
      -0.9145,
      -0.128,
      0.6249,
      0.3895,
      0.34,
      0.8116,
      0.8844,
      -0.6769,
      0.6055,
      0.7935,
      0.8516,
      0.6249,
      0.8658,
      -0.0516,
      0.128,
      -0.0,
      0.8658
    ],
    "by_speaker": {
      "Lyra": [
        -0.128,
        -0.8074,
        -0.9145,
        0.6249,
        0.34,
        0.8844,
        0.6055,
        0.8516,
        0.8658,
        0.128,
        0.8658
      ],
      "Cipher": [
        0.17,
        -0.6194,
        -0.128,
        0.3895,
        0.8116,
        -0.6769,
        0.7935,
        0.6249,
        -0.0516,
        -0.0
      ]
    },
    "mean": 0.22046190476190475,
    "slope": 0.046069350649350645,
    "volatility": 0.5814587398670695
  },
  "diversity": {
    "by_speaker": {
      "Lyra": {
        "semantic_diversity": 0.7083206176757812,
        "ttr": 0.5186440677966102
      },
      "Cipher": {
        "semantic_diversity": 0.7190389037132263,
        "ttr": 0.4430147058823529
      }
    },
    "global_ttr": 0.3888888888888889
  }
}