{
  "condition_id": "modiso__qwen-32b__t01__r03",
  "topic": "Social media has done more harm than good to mental health and democracy",
  "turn_count": 21,
  "persona": {
    "by_speaker": {
      "Lyra": {
        "mean": 0.6404584466709766,
        "per_turn": [
          0.6122531993012977,
          0.5550643654322298,
          0.5384282329515206,
          0.8080513443040789,
          0.5113596717367311,
          0.5437495288059839,
          0.7578440848942506,
          0.640710610574436,
          0.6088027340701718,
          0.819584779958482,
          0.6491943613515603
        ]
      },
      "Cipher": {
        "mean": 0.5731373789148565,
        "per_turn": [
          0.6386101229667924,
          0.7141122823833947,
          0.46105915731538816,
          0.7074959571846298,
          0.7105164578629671,
          0.5411339779469013,
          0.3724568121464863,
          0.6112329249281307,
          0.4842660765360448,
          0.4904900198778289
        ]
      }
    },
    "discrimination": {
      "Lyra": {
        "own_mean": 0.6405,
        "cross_mean": 0.3595,
        "gap": 0.2809
      },
      "Cipher": {
        "own_mean": 0.5731,
        "cross_mean": 0.4269,
        "gap": 0.1463
      }
    }
  },
  "coherence": {
    "per_turn": [
      null,
      0.5471513271331787,
      0.5745179057121277,
      0.4642987847328186,
      0.4464850127696991,
      0.5640653371810913,
      0.5190271139144897,
      0.5686864852905273,
      0.6041765213012695,
      0.5963137745857239,
      0.3466872572898865,
      0.6961910128593445,
      0.4529396593570709,
      0.28682616353034973,
      0.5016034841537476,
      0.45839276909828186,
      0.5960795283317566,
      0.4076644480228424,
      0.6552687883377075,
      0.40420427918434143,
      0.0702277347445488
    ],
    "mean": 0.48804036937654016,
    "min": 0.0702277347445488
  },
  "topic_drift": {
    "per_turn": [
      0.5683897733688354,
      0.5343408584594727,
      0.5890696048736572,
      0.4672811031341553,
      0.517245888710022,
      0.3512827157974243,
      0.2930518388748169,
      0.292765349149704,
      0.23961395025253296,
      0.3123916685581207,
      0.11673594266176224,
      0.09875129908323288,
      0.05667059123516083,
      0.44132503867149353,
      0.28018566966056824,
      0.18389073014259338,
      0.11948812007904053,
      0.033512990921735764,
      0.1488541066646576,
      0.10378740727901459,
      0.1234956830739975
    ],
    "mean": 0.27962525384057135,
    "min": 0.033512990921735764,
    "drift_slope": -0.023754340221549004
  },
  "sentiment": {
    "per_turn": [
      0.25,
      0.0,
      0.9022,
      0.0124,
      0.5719,
      -0.6757,
      0.7096,
      0.6124,
      0.078,
      -0.25,
      0.8299,
      0.8201,
      0.2382,
      0.7876,
      0.3485,
      0.7391,
      0.8126,
      -0.0516,
      0.7736,
      0.6486,
      0.8422
    ],
    "by_speaker": {
      "Lyra": [
        0.25,
        0.9022,
        0.5719,
        0.7096,
        0.078,
        0.8299,
        0.2382,
        0.3485,
        0.8126,
        0.7736,
        0.8422
      ],
      "Cipher": [
        0.0,
        0.0124,
        -0.6757,
        0.6124,
        -0.25,
        0.8201,
        0.7876,
        0.7391,
        -0.0516,
        0.6486
      ]
    },
    "mean": 0.4285523809523809,
    "slope": 0.025029220779220773,
    "volatility": 0.4280688514035448
  },
  "diversity": {
    "by_speaker": {
      "Lyra": {
        "semantic_diversity": 0.7068418860435486,
        "ttr": 0.47654784240150094
      },
      "Cipher": {
        "semantic_diversity": 0.6756545901298523,
        "ttr": 0.4438943894389439
      }
    },
    "global_ttr": 0.36611062335381916
  }
}