{
  "condition_id": "modiso__gpt-oss-20b__t00__r02",
  "topic": "AI will eliminate more jobs than it creates within the next decade",
  "turn_count": 21,
  "persona": {
    "by_speaker": {
      "Lyra": {
        "mean": 0.5003177484328588,
        "per_turn": [
          0.5065192110189004,
          0.45320719640036655,
          0.5358577683674387,
          0.5133432418152725,
          0.4682942849804813,
          0.5334544809374719,
          0.5758710290693843,
          0.36230113519878115,
          0.44064637479298574,
          0.4791471830849164,
          0.6348533270954488
        ]
      },
      "Cipher": {
        "mean": 0.613288802890236,
        "per_turn": [
          0.7635489901579005,
          0.5500561149448435,
          0.7239320039875002,
          0.5606513999172817,
          0.5326610258845335,
          0.4381643339035233,
          0.7524495263172559,
          0.5506707025543389,
          0.7520058703006798,
          0.508748060934503
        ]
      }
    },
    "discrimination": {
      "Lyra": {
        "own_mean": 0.5003,
        "cross_mean": 0.4997,
        "gap": 0.0006
      },
      "Cipher": {
        "own_mean": 0.6133,
        "cross_mean": 0.3867,
        "gap": 0.2266
      }
    }
  },
  "coherence": {
    "per_turn": [
      null,
      0.6341990828514099,
      0.6199442744255066,
      0.42286157608032227,
      0.5214251279830933,
      0.5863490104675293,
      0.6892813444137573,
      0.5561350584030151,
      0.6752496957778931,
      0.5418298840522766,
      0.6536606550216675,
      0.6544933319091797,
      0.6458521485328674,
      0.5921427011489868,
      0.3672974109649658,
      0.1809369921684265,
      0.6185915470123291,
      0.6410192847251892,
      0.3893130123615265,
      0.621443510055542,
      0.047198306769132614
    ],
    "mean": 0.5329611977562309,
    "min": 0.047198306769132614
  },
  "topic_drift": {
    "per_turn": [
      0.7397819757461548,
      0.6608748435974121,
      0.3795875906944275,
      0.5893672704696655,
      0.31687575578689575,
      0.22382433712482452,
      0.3745099604129791,
      0.478366494178772,
      0.6358711123466492,
      0.33819901943206787,
      0.4080847203731537,
      0.4232286810874939,
      0.24821345508098602,
      0.4218110740184784,
      0.14675374329090118,
      0.1764691025018692,
      0.16869956254959106,
      0.20349019765853882,
      0.1612538844347,
      0.2090335190296173,
      0.14506693184375763
    ],
    "mean": 0.3547315824599493,
    "min": 0.14506693184375763,
    "drift_slope": -0.022543300823731856
  },
  "sentiment": {
    "per_turn": [
      0.5106,
      -0.128,
      0.6486,
      -0.2359,
      0.6705,
      0.0772,
      0.7684,
      0.7003,
      0.21,
      -0.6574,
      0.8047,
      -0.2862,
      -0.6051,
      0.7096,
      -0.5116,
      0.05,
      0.8578,
      -0.5267,
      0.7579,
      0.9186,
      0.9153
    ],
    "by_speaker": {
      "Lyra": [
        0.5106,
        0.6486,
        0.6705,
        0.7684,
        0.21,
        0.8047,
        -0.6051,
        -0.5116,
        0.8578,
        0.7579,
        0.9153
      ],
      "Cipher": [
        -0.128,
        -0.2359,
        0.0772,
        0.7003,
        -0.6574,
        -0.2862,
        0.7096,
        0.05,
        -0.5267,
        0.9186
      ]
    },
    "mean": 0.2689809523809524,
    "slope": 0.009015454545454538,
    "volatility": 0.5511605190254707
  },
  "diversity": {
    "by_speaker": {
      "Lyra": {
        "semantic_diversity": 0.712752103805542,
        "ttr": 0.5235772357723577
      },
      "Cipher": {
        "semantic_diversity": 0.5947668552398682,
        "ttr": 0.4849557522123894
      }
    },
    "global_ttr": 0.4076271186440678
  }
}