{
  "condition_id": "modiso__llama-8b__t05__r02",
  "topic": "Genetic editing to prevent hereditary diseases in human embryos should be legally permitted",
  "turn_count": 21,
  "persona": {
    "by_speaker": {
      "Lyra": {
        "mean": 0.4606781104801243,
        "per_turn": [
          0.49644536426910985,
          0.4660866216465647,
          0.5078527234339927,
          0.478112571790682,
          0.4954086247912719,
          0.24075026118478685,
          0.5326024396208602,
          0.286574408902761,
          0.5290471954571565,
          0.49638092977369075,
          0.5381980744104911
        ]
      },
      "Cipher": {
        "mean": 0.5473921175119315,
        "per_turn": [
          0.8590956017055653,
          0.532634730342872,
          0.523357032033259,
          0.5309190482014202,
          0.4850695277820286,
          0.5269227724150811,
          0.5011593019442518,
          0.48649200909774093,
          0.508919246739266,
          0.5193519048578303
        ]
      }
    },
    "discrimination": {
      "Lyra": {
        "own_mean": 0.4607,
        "cross_mean": 0.5393,
        "gap": -0.0786
      },
      "Cipher": {
        "own_mean": 0.5474,
        "cross_mean": 0.4526,
        "gap": 0.0948
      }
    }
  },
  "coherence": {
    "per_turn": [
      null,
      0.7045331001281738,
      0.6216406226158142,
      0.7490780353546143,
      0.7594611644744873,
      0.7997812628746033,
      0.7772427797317505,
      0.8076803684234619,
      0.7349125742912292,
      0.6581655740737915,
      0.65021812915802,
      0.5282514095306396,
      0.3833589553833008,
      0.6139137744903564,
      0.7252500057220459,
      0.7201957106590271,
      0.815876305103302,
      0.7384604215621948,
      0.7318518161773682,
      0.3786972463130951,
      0.2333592176437378
    ],
    "mean": 0.6565964236855507,
    "min": 0.2333592176437378
  },
  "topic_drift": {
    "per_turn": [
      0.8415811657905579,
      0.6268613338470459,
      0.6094399690628052,
      0.7001826763153076,
      0.6912195682525635,
      0.686052143573761,
      0.7013951539993286,
      0.6802531480789185,
      0.7035367488861084,
      0.49898359179496765,
      0.6664900183677673,
      0.4372499883174896,
      0.42604586482048035,
      0.5727399587631226,
      0.406658411026001,
      0.6001757979393005,
      0.4457138180732727,
      0.540935754776001,
      0.5059762001037598,
      0.2293822020292282,
      0.14545437693595886
    ],
    "mean": 0.5579203757501784,
    "min": 0.14545437693595886,
    "drift_slope": -0.021430697166300437
  },
  "sentiment": {
    "per_turn": [
      0.8481,
      0.0,
      -0.6793,
      -0.1695,
      -0.4234,
      -0.1531,
      0.6919,
      -0.0258,
      0.2023,
      -0.8625,
      0.787,
      0.3818,
      0.5267,
      0.0,
      0.3755,
      -0.7096,
      0.7851,
      0.8519,
      0.358,
      0.9031,
      0.9587
    ],
    "by_speaker": {
      "Lyra": [
        0.8481,
        -0.6793,
        -0.4234,
        0.6919,
        0.2023,
        0.787,
        0.5267,
        0.3755,
        0.7851,
        0.358,
        0.9587
      ],
      "Cipher": [
        0.0,
        -0.1695,
        -0.1531,
        -0.0258,
        -0.8625,
        0.3818,
        0.0,
        -0.7096,
        0.8519,
        0.9031
      ]
    },
    "mean": 0.2212809523809524,
    "slope": 0.03877337662337662,
    "volatility": 0.558065208358347
  },
  "diversity": {
    "by_speaker": {
      "Lyra": {
        "semantic_diversity": 0.43739891052246094,
        "ttr": 0.43867243867243866
      },
      "Cipher": {
        "semantic_diversity": 0.4598810374736786,
        "ttr": 0.4502529510961214
      }
    },
    "global_ttr": 0.3452566096423017
  }
}