{
  "condition_id": "periso__lyra-persona__t05__r01",
  "topic": "Genetic editing to prevent hereditary diseases in human embryos should be legally permitted",
  "turn_count": 21,
  "persona": {
    "by_speaker": {
      "Lyra": {
        "mean": 0.46986190874045486,
        "per_turn": [
          0.47469447337754334,
          0.45583129588246224,
          0.1805216805293557,
          0.7336782530859534,
          0.4538819511409166,
          0.5468303034754083,
          0.5228550005158257,
          0.5912922397190694,
          0.47484912652555256,
          0.23581713710006416,
          0.49822953479285215
        ]
      },
      "Cipher": {
        "mean": 0.7563919895375469,
        "per_turn": [
          0.713699979970764,
          0.7780790379907293,
          0.8489572229732679,
          0.8149258571604896,
          0.818725346560565,
          0.772786192402376,
          0.7629162157333429,
          0.6869226923737323,
          0.7285757218716747,
          0.6383316283385277
        ]
      }
    },
    "discrimination": {
      "Lyra": {
        "own_mean": 0.4699,
        "cross_mean": 0.5301,
        "gap": -0.0603
      },
      "Cipher": {
        "own_mean": 0.7564,
        "cross_mean": 0.2436,
        "gap": 0.5128
      }
    }
  },
  "coherence": {
    "per_turn": [
      null,
      0.641098141670227,
      0.7829535603523254,
      0.6710470914840698,
      0.4253995418548584,
      0.3411187529563904,
      0.5688684582710266,
      0.6870291233062744,
      0.43032532930374146,
      0.42950737476348877,
      0.6029714941978455,
      0.44506651163101196,
      0.7160531878471375,
      0.6256622076034546,
      0.41954123973846436,
      0.6640494465827942,
      0.4149742126464844,
      0.7939268350601196,
      0.785274863243103,
      0.3741145133972168,
      0.15535041689872742
    ],
    "mean": 0.5487166151404381,
    "min": 0.15535041689872742
  },
  "topic_drift": {
    "per_turn": [
      0.8417644500732422,
      0.5737344026565552,
      0.47890567779541016,
      0.337200403213501,
      0.7196365594863892,
      0.24694481492042542,
      0.25201472640037537,
      0.29757294058799744,
      0.4780811667442322,
      0.26906177401542664,
      0.6266928315162659,
      0.2347770482301712,
      0.25322282314300537,
      0.2704981565475464,
      -0.002244260162115097,
      -0.05045711249113083,
      0.5811206102371216,
      0.5788695812225342,
      0.5477809309959412,
      0.07661396265029907,
      0.5831379890441895
    ],
    "mean": 0.39023473699178013,
    "min": -0.05045711249113083,
    "drift_slope": -0.011322116029339947
  },
  "sentiment": {
    "per_turn": [
      0.0,
      0.7227,
      -0.6705,
      -0.5267,
      -0.598,
      0.5346,
      0.507,
      0.2919,
      0.7594,
      0.4678,
      0.7184,
      -0.0258,
      0.5423,
      0.9538,
      0.2382,
      0.8834,
      0.9393,
      0.743,
      0.8074,
      0.8402,
      0.9062
    ],
    "by_speaker": {
      "Lyra": [
        0.0,
        -0.6705,
        -0.598,
        0.507,
        0.7594,
        0.7184,
        0.5423,
        0.2382,
        0.9393,
        0.8074,
        0.9062
      ],
      "Cipher": [
        0.7227,
        -0.5267,
        0.5346,
        0.2919,
        0.4678,
        -0.0258,
        0.9538,
        0.8834,
        0.743,
        0.8402
      ]
    },
    "mean": 0.43021904761904767,
    "slope": 0.05426116883116883,
    "volatility": 0.503070943230577
  },
  "diversity": {
    "by_speaker": {
      "Lyra": {
        "semantic_diversity": 0.5947733521461487,
        "ttr": 0.5068702290076336
      },
      "Cipher": {
        "semantic_diversity": 0.6769946217536926,
        "ttr": 0.47854785478547857
      }
    },
    "global_ttr": 0.366375892149088
  }
}