{
  "condition_id": "periso__cipher-persona__t02__r03",
  "topic": "Universal basic income would reduce workforce participation and innovation over time",
  "turn_count": 21,
  "persona": {
    "by_speaker": {
      "Lyra": {
        "mean": 0.24528749095580074,
        "per_turn": [
          0.4258986358558455,
          0.16742601153517608,
          0.22629514229123274,
          0.1445282971316267,
          0.11688510392978552,
          0.17671631425501583,
          0.18538572277041535,
          0.19888448985187346,
          0.2144274607580328,
          0.32985198530624915,
          0.5118632368285554
        ]
      },
      "Cipher": {
        "mean": 0.7892441269679867,
        "per_turn": [
          0.8165033786809784,
          0.809366410722812,
          0.7675036456966726,
          0.8182202224571675,
          0.8149812370772012,
          0.8152859123752481,
          0.8064782798782493,
          0.7847881668558376,
          0.7704470321952326,
          0.6888669837404687
        ]
      }
    },
    "discrimination": {
      "Lyra": {
        "own_mean": 0.2453,
        "cross_mean": 0.7547,
        "gap": -0.5094
      },
      "Cipher": {
        "own_mean": 0.7892,
        "cross_mean": 0.2108,
        "gap": 0.5785
      }
    }
  },
  "coherence": {
    "per_turn": [
      null,
      0.6576738357543945,
      0.7953585386276245,
      0.8245117664337158,
      0.5320440530776978,
      0.572458803653717,
      0.7451736927032471,
      0.7638431787490845,
      0.41699984669685364,
      0.5169023871421814,
      0.7476614713668823,
      0.8887978792190552,
      0.8233852386474609,
      0.5124514102935791,
      0.7419257164001465,
      0.7570185661315918,
      0.49905964732170105,
      0.7475172281265259,
      0.5264462828636169,
      0.7478048205375671,
      0.19952532649040222
    ],
    "mean": 0.6508279845118523,
    "min": 0.19952532649040222
  },
  "topic_drift": {
    "per_turn": [
      0.7649561166763306,
      0.7492257952690125,
      0.8019332885742188,
      0.7983887195587158,
      0.4163433313369751,
      0.594375491142273,
      0.7382048964500427,
      0.7416296005249023,
      0.2210725098848343,
      0.563859224319458,
      0.4628046751022339,
      0.43593910336494446,
      0.3724847435951233,
      0.163361594080925,
      0.16852976381778717,
      0.14333757758140564,
      0.25986266136169434,
      0.12707675993442535,
      0.24836087226867676,
      0.305044561624527,
      0.6625736951828003
    ],
    "mean": 0.4637792848405384,
    "min": 0.12707675993442535,
    "drift_slope": -0.027508950852728524
  },
  "sentiment": {
    "per_turn": [
      0.4404,
      0.8555,
      0.9548,
      0.928,
      0.9473,
      0.5126,
      0.4118,
      0.7876,
      0.9386,
      0.9604,
      0.8807,
      0.9319,
      0.1154,
      0.6801,
      0.2255,
      0.0387,
      0.9765,
      0.9413,
      0.6124,
      0.743,
      0.9467
    ],
    "by_speaker": {
      "Lyra": [
        0.4404,
        0.9548,
        0.9473,
        0.4118,
        0.9386,
        0.8807,
        0.1154,
        0.2255,
        0.9765,
        0.6124,
        0.9467
      ],
      "Cipher": [
        0.8555,
        0.928,
        0.5126,
        0.7876,
        0.9604,
        0.9319,
        0.6801,
        0.0387,
        0.9413,
        0.743
      ]
    },
    "mean": 0.7061523809523809,
    "slope": -0.004587662337662324,
    "volatility": 0.29403146352380405
  },
  "diversity": {
    "by_speaker": {
      "Lyra": {
        "semantic_diversity": 0.6672375798225403,
        "ttr": 0.44294294294294295
      },
      "Cipher": {
        "semantic_diversity": 0.6761001944541931,
        "ttr": 0.45961820851688695
      }
    },
    "global_ttr": 0.3504083147735709
  }
}