{
  "condition_id": "periso__cipher-persona__t02__r02",
  "topic": "Universal basic income would reduce workforce participation and innovation over time",
  "turn_count": 21,
  "persona": {
    "by_speaker": {
      "Lyra": {
        "mean": 0.35102138199425925,
        "per_turn": [
          0.47786301003711973,
          0.1499676803293466,
          0.21354116068703563,
          0.23085161976227286,
          0.47232482052363434,
          0.2589166148602569,
          0.44539933172238283,
          0.4551830041184539,
          0.1780572400821667,
          0.4715623425697038,
          0.5075683772444786
        ]
      },
      "Cipher": {
        "mean": 0.7396682915045261,
        "per_turn": [
          0.8006724998223187,
          0.7677531153711445,
          0.5126465977702906,
          0.5299207940389139,
          0.7925390010063253,
          0.7339045411047057,
          0.8181088930514744,
          0.7848176125448089,
          0.7992852065096363,
          0.8570346538256424
        ]
      }
    },
    "discrimination": {
      "Lyra": {
        "own_mean": 0.351,
        "cross_mean": 0.649,
        "gap": -0.298
      },
      "Cipher": {
        "own_mean": 0.7397,
        "cross_mean": 0.2603,
        "gap": 0.4793
      }
    }
  },
  "coherence": {
    "per_turn": [
      null,
      0.7544872760772705,
      0.7886754274368286,
      0.630763590335846,
      0.7139109373092651,
      0.747890830039978,
      0.8378866910934448,
      0.6737968921661377,
      0.43735456466674805,
      0.6660767793655396,
      0.5236103534698486,
      0.7037369012832642,
      0.5337401628494263,
      0.7471593022346497,
      0.4859350025653839,
      0.4679475426673889,
      0.8408753871917725,
      0.7830291986465454,
      0.5613892078399658,
      0.5937701463699341,
      0.6197612285614014
    ],
    "mean": 0.655589871108532,
    "min": 0.43735456466674805
  },
  "topic_drift": {
    "per_turn": [
      0.7846317291259766,
      0.838712215423584,
      0.6591954231262207,
      0.47406429052352905,
      0.6889068484306335,
      0.5981998443603516,
      0.6462124586105347,
      0.5863074660301208,
      0.3226989805698395,
      0.46018630266189575,
      0.441662460565567,
      0.537519097328186,
      0.6612376570701599,
      0.666395902633667,
      0.4355982840061188,
      0.7038733959197998,
      0.5728360414505005,
      0.4680233597755432,
      0.3100866973400116,
      0.6368848085403442,
      0.6797865629196167
    ],
    "mean": 0.5796676107815334,
    "min": 0.3100866973400116,
    "drift_slope": -0.007423237624106462
  },
  "sentiment": {
    "per_turn": [
      0.6059,
      0.9267,
      0.3822,
      0.7506,
      0.8873,
      0.7998,
      0.7078,
      0.6249,
      0.8402,
      0.7422,
      -0.0475,
      0.8555,
      0.705,
      0.886,
      0.7906,
      0.3248,
      0.6808,
      0.8911,
      -0.7579,
      0.9023,
      0.9485
    ],
    "by_speaker": {
      "Lyra": [
        0.6059,
        0.3822,
        0.8873,
        0.7078,
        0.8402,
        -0.0475,
        0.705,
        0.7906,
        0.6808,
        -0.7579,
        0.9485
      ],
      "Cipher": [
        0.9267,
        0.7506,
        0.7998,
        0.6249,
        0.7422,
        0.8555,
        0.886,
        0.3248,
        0.8911,
        0.9023
      ]
    },
    "mean": 0.6403238095238095,
    "slope": -0.009853896103896097,
    "volatility": 0.38991918931364655
  },
  "diversity": {
    "by_speaker": {
      "Lyra": {
        "semantic_diversity": 0.5652518272399902,
        "ttr": 0.47128129602356406
      },
      "Cipher": {
        "semantic_diversity": 0.5048957467079163,
        "ttr": 0.47032640949554894
      }
    },
    "global_ttr": 0.3429416112342942
  }
}