{
  "condition_id": "periso__lyra-persona__t06__r02",
  "topic": "Remote work has weakened organisational culture more than it has empowered individuals",
  "turn_count": 21,
  "persona": {
    "by_speaker": {
      "Lyra": {
        "mean": 0.6203107441246707,
        "per_turn": [
          0.5644002621556313,
          0.5354751975602066,
          0.8038357506283969,
          0.5703051652983702,
          0.5821812709768435,
          0.8082765841079932,
          0.5840186339529239,
          0.6258263303200722,
          0.5415772462942043,
          0.6191846777347805,
          0.5883370663419556
        ]
      },
      "Cipher": {
        "mean": 0.6924282409889576,
        "per_turn": [
          0.7630939273900755,
          0.6990007350527229,
          0.7618547249343969,
          0.6079910024225681,
          0.7305553451111594,
          0.586014237894056,
          0.6864859496948809,
          0.7052224541305289,
          0.7173589387094261,
          0.6667050945497617
        ]
      }
    },
    "discrimination": {
      "Lyra": {
        "own_mean": 0.6203,
        "cross_mean": 0.3797,
        "gap": 0.2406
      },
      "Cipher": {
        "own_mean": 0.6924,
        "cross_mean": 0.3076,
        "gap": 0.3849
      }
    }
  },
  "coherence": {
    "per_turn": [
      null,
      0.7769856452941895,
      0.8900187015533447,
      0.8039155006408691,
      0.8707197904586792,
      0.7517865896224976,
      0.6445271372795105,
      0.7897079586982727,
      0.5576668381690979,
      0.6382537484169006,
      0.7071080803871155,
      0.6217728853225708,
      0.7065377235412598,
      0.6987156867980957,
      0.5042059421539307,
      0.6253981590270996,
      0.7179915904998779,
      0.6432670950889587,
      0.5070311427116394,
      0.7382268309593201,
      0.616063117980957
    ],
    "mean": 0.6904950082302094,
    "min": 0.5042059421539307
  },
  "topic_drift": {
    "per_turn": [
      0.7879167795181274,
      0.8218453526496887,
      0.8308724164962769,
      0.7621974945068359,
      0.7335619926452637,
      0.6865082383155823,
      0.6541218161582947,
      0.6227550506591797,
      0.3929539918899536,
      0.4907255470752716,
      0.6092839241027832,
      0.3596613109111786,
      0.459818959236145,
      0.3943155109882355,
      0.5151028633117676,
      0.4109995365142822,
      0.5131015777587891,
      0.6225063800811768,
      0.6077096462249756,
      0.6594481468200684,
      0.767181396484375
    ],
    "mean": 0.6048851396356311,
    "min": 0.3596613109111786,
    "drift_slope": -0.010871562826168992
  },
  "sentiment": {
    "per_turn": [
      0.5106,
      0.3919,
      0.5522,
      0.7743,
      0.96,
      0.9035,
      0.25,
      -0.6249,
      0.6801,
      0.5719,
      0.9677,
      0.7184,
      -0.4784,
      -0.1779,
      0.8841,
      0.9345,
      0.8531,
      0.8271,
      0.9615,
      0.9036,
      0.7717
    ],
    "by_speaker": {
      "Lyra": [
        0.5106,
        0.5522,
        0.96,
        0.25,
        0.6801,
        0.9677,
        -0.4784,
        0.8841,
        0.8531,
        0.9615,
        0.7717
      ],
      "Cipher": [
        0.3919,
        0.7743,
        0.9035,
        -0.6249,
        0.5719,
        0.7184,
        -0.1779,
        0.9345,
        0.8271,
        0.9036
      ]
    },
    "mean": 0.5778571428571427,
    "slope": 0.015689350649350644,
    "volatility": 0.45791113462208405
  },
  "diversity": {
    "by_speaker": {
      "Lyra": {
        "semantic_diversity": 0.4225711226463318,
        "ttr": 0.44246575342465755
      },
      "Cipher": {
        "semantic_diversity": 0.49623316526412964,
        "ttr": 0.4883720930232558
      }
    },
    "global_ttr": 0.35435435435435436
  }
}