{
  "condition_id": "periso__baseline__t06__r02",
  "topic": "Remote work has weakened organisational culture more than it has empowered individuals",
  "turn_count": 21,
  "persona": {
    "by_speaker": {
      "Lyra": {
        "mean": 0.5020026772433492,
        "per_turn": [
          0.5708712330047752,
          0.6040024647544391,
          0.2987473779585238,
          0.6350361118573136,
          0.5879240501806428,
          0.25393759664415266,
          0.4903929385585792,
          0.5461817823625075,
          0.4635884713745493,
          0.4543180126672084,
          0.6170294103141497
        ]
      },
      "Cipher": {
        "mean": 0.7383605861161462,
        "per_turn": [
          0.7091082959238926,
          0.7195938749647106,
          0.6868119872684356,
          0.7591240437109412,
          0.7138325794224591,
          0.7752578967752648,
          0.6963911242415922,
          0.7305987244571275,
          0.7842952005235357,
          0.8085921338735016
        ]
      }
    },
    "discrimination": {
      "Lyra": {
        "own_mean": 0.502,
        "cross_mean": 0.498,
        "gap": 0.004
      },
      "Cipher": {
        "own_mean": 0.7384,
        "cross_mean": 0.2616,
        "gap": 0.4767
      }
    }
  },
  "coherence": {
    "per_turn": [
      null,
      0.8414342999458313,
      0.827876091003418,
      0.7709786891937256,
      0.8699250221252441,
      0.6672933101654053,
      0.7799131870269775,
      0.6215788125991821,
      0.7996217012405396,
      0.7416977882385254,
      0.7023903131484985,
      0.4590321183204651,
      0.4415576457977295,
      0.7868788242340088,
      0.8586412668228149,
      0.5062268972396851,
      0.8278126120567322,
      0.6017602682113647,
      0.7435648441314697,
      0.6960476040840149,
      0.153892382979393
    ],
    "mean": 0.6849061839282513,
    "min": 0.153892382979393
  },
  "topic_drift": {
    "per_turn": [
      0.8841279745101929,
      0.8309552669525146,
      0.7487434148788452,
      0.7205737829208374,
      0.6921235918998718,
      0.6587937474250793,
      0.6508265733718872,
      0.7493091821670532,
      0.7503308653831482,
      0.6700342297554016,
      0.591902494430542,
      0.3673279881477356,
      0.6582105159759521,
      0.5864285230636597,
      0.6647821068763733,
      0.1818760335445404,
      0.18605194985866547,
      0.2135499119758606,
      0.13825157284736633,
      0.14563333988189697,
      0.6119567155838013
    ],
    "mean": 0.5572280848310107,
    "min": 0.13825157284736633,
    "drift_slope": -0.030731814248221252
  },
  "sentiment": {
    "per_turn": [
      -0.0498,
      0.7003,
      0.802,
      0.817,
      0.8658,
      0.4215,
      0.5742,
      0.9022,
      0.911,
      0.3716,
      0.5865,
      0.9428,
      0.9723,
      0.8765,
      0.3818,
      0.9612,
      0.9201,
      0.743,
      0.9274,
      0.7184,
      0.9705
    ],
    "by_speaker": {
      "Lyra": [
        -0.0498,
        0.802,
        0.8658,
        0.5742,
        0.911,
        0.5865,
        0.9723,
        0.3818,
        0.9201,
        0.9274,
        0.9705
      ],
      "Cipher": [
        0.7003,
        0.817,
        0.4215,
        0.9022,
        0.3716,
        0.9428,
        0.8765,
        0.9612,
        0.743,
        0.7184
      ]
    },
    "mean": 0.729347619047619,
    "slope": 0.017821428571428575,
    "volatility": 0.25860974573586576
  },
  "diversity": {
    "by_speaker": {
      "Lyra": {
        "semantic_diversity": 0.47219040989875793,
        "ttr": 0.4387397899649942
      },
      "Cipher": {
        "semantic_diversity": 0.5574652552604675,
        "ttr": 0.4647887323943662
      }
    },
    "global_ttr": 0.3482620320855615
  }
}