{
  "condition_id": "periso__baseline__t00__r02",
  "topic": "AI will eliminate more jobs than it creates within the next decade",
  "turn_count": 21,
  "persona": {
    "by_speaker": {
      "Lyra": {
        "mean": 0.5005704281347851,
        "per_turn": [
          0.5005561042319056,
          0.4792763938019958,
          0.4947720011190806,
          0.4624730786727339,
          0.49202128570449377,
          0.4878720084245335,
          0.51173662741904,
          0.512991408297603,
          0.50870341723751,
          0.5157686654500566,
          0.5401037191236835
        ]
      },
      "Cipher": {
        "mean": 0.7637506113868227,
        "per_turn": [
          0.7429726893619427,
          0.7914976024054704,
          0.8029496802609289,
          0.7823313065318258,
          0.7997481531120318,
          0.7447119299525184,
          0.764389387124423,
          0.721117841665595,
          0.7363393679447989,
          0.7514481555086915
        ]
      }
    },
    "discrimination": {
      "Lyra": {
        "own_mean": 0.5006,
        "cross_mean": 0.4994,
        "gap": 0.0011
      },
      "Cipher": {
        "own_mean": 0.7638,
        "cross_mean": 0.2362,
        "gap": 0.5275
      }
    }
  },
  "coherence": {
    "per_turn": [
      null,
      0.7484467029571533,
      0.8023349046707153,
      0.7581498622894287,
      0.7546114325523376,
      0.5919368267059326,
      0.6607860922813416,
      0.6164248585700989,
      0.6563286185264587,
      0.6530706882476807,
      0.7958416938781738,
      0.6798306703567505,
      0.8778783082962036,
      0.7675425410270691,
      0.7902586460113525,
      0.6824631690979004,
      0.8319304585456848,
      0.6715408563613892,
      0.6164320707321167,
      0.6769754886627197,
      0.544994592666626
    ],
    "mean": 0.7088889241218567,
    "min": 0.544994592666626
  },
  "topic_drift": {
    "per_turn": [
      0.8430627584457397,
      0.760966420173645,
      0.7038917541503906,
      0.7043402194976807,
      0.6461180448532104,
      0.660047709941864,
      0.6384676694869995,
      0.5726287961006165,
      0.5090231895446777,
      0.573078989982605,
      0.5478399991989136,
      0.5531126260757446,
      0.45458585023880005,
      0.5585023164749146,
      0.49850326776504517,
      0.38609230518341064,
      0.3363690972328186,
      0.10102647542953491,
      0.28150904178619385,
      0.5040587186813354,
      0.5752201676368713
    ],
    "mean": 0.5432593056133815,
    "min": 0.10102647542953491,
    "drift_slope": -0.021496366138582117
  },
  "sentiment": {
    "per_turn": [
      0.802,
      0.4767,
      0.8537,
      0.2617,
      0.5719,
      0.6486,
      0.9231,
      0.484,
      0.5158,
      0.8098,
      0.8569,
      0.8516,
      0.9783,
      0.7906,
      0.8481,
      0.8261,
      0.9711,
      0.9405,
      0.8166,
      0.81,
      0.9565
    ],
    "by_speaker": {
      "Lyra": [
        0.802,
        0.8537,
        0.5719,
        0.9231,
        0.5158,
        0.8569,
        0.9783,
        0.8481,
        0.9711,
        0.8166,
        0.9565
      ],
      "Cipher": [
        0.4767,
        0.2617,
        0.6486,
        0.484,
        0.8098,
        0.8516,
        0.7906,
        0.8261,
        0.9405,
        0.81
      ]
    },
    "mean": 0.7615999999999999,
    "slope": 0.018011428571428584,
    "volatility": 0.18919580182596926
  },
  "diversity": {
    "by_speaker": {
      "Lyra": {
        "semantic_diversity": 0.45584043860435486,
        "ttr": 0.45044052863436124
      },
      "Cipher": {
        "semantic_diversity": 0.4841199517250061,
        "ttr": 0.4750830564784053
      }
    },
    "global_ttr": 0.35165562913907283
  }
}