{
  "condition_id": "periso__baseline__t01__r01",
  "topic": "Social media has done more harm than good to mental health and democracy",
  "turn_count": 21,
  "persona": {
    "by_speaker": {
      "Lyra": {
        "mean": 0.5444026417594773,
        "per_turn": [
          0.6034630637946482,
          0.6681066808252634,
          0.5071799781980382,
          0.519145572528187,
          0.5026886417163869,
          0.546716638172291,
          0.5293962508397252,
          0.5906524408343727,
          0.3121066607324618,
          0.6006982943605492,
          0.6082748373523257
        ]
      },
      "Cipher": {
        "mean": 0.6909101576617739,
        "per_turn": [
          0.6771054443644515,
          0.7027262870938402,
          0.7421622401423947,
          0.7475789249852597,
          0.698767074667104,
          0.7751752769915898,
          0.4635003749068213,
          0.7105500746567204,
          0.6900544662180184,
          0.7014814125915393
        ]
      }
    },
    "discrimination": {
      "Lyra": {
        "own_mean": 0.5444,
        "cross_mean": 0.4556,
        "gap": 0.0888
      },
      "Cipher": {
        "own_mean": 0.6909,
        "cross_mean": 0.3091,
        "gap": 0.3818
      }
    }
  },
  "coherence": {
    "per_turn": [
      null,
      0.7601748704910278,
      0.7890340685844421,
      0.7886015176773071,
      0.7555978298187256,
      0.6844358444213867,
      0.8231353163719177,
      0.6910503506660461,
      0.8785191178321838,
      0.7459351420402527,
      0.8355257511138916,
      0.3490799367427826,
      0.6784206032752991,
      0.6467278599739075,
      0.8175237774848938,
      0.651441216468811,
      0.5080029964447021,
      0.5754439830780029,
      0.7081807851791382,
      0.7343730926513672,
      0.7666865587234497
    ],
    "mean": 0.7093945309519768,
    "min": 0.3490799367427826
  },
  "topic_drift": {
    "per_turn": [
      0.8137079477310181,
      0.8056713938713074,
      0.7598690986633301,
      0.7293946146965027,
      0.47008901834487915,
      0.5011292695999146,
      0.47946012020111084,
      0.5490972399711609,
      0.5987768173217773,
      0.4648967981338501,
      0.5789291858673096,
      0.0607314333319664,
      0.0915653184056282,
      0.49064475297927856,
      0.6343886256217957,
      0.250640332698822,
      0.16728883981704712,
      0.4682958126068115,
      0.5679328441619873,
      0.7216264605522156,
      0.6845005750656128
    ],
    "mean": 0.5185064999830156,
    "min": 0.0607314333319664,
    "drift_slope": -0.012279399136057146
  },
  "sentiment": {
    "per_turn": [
      0.553,
      0.0719,
      -0.2732,
      0.7935,
      -0.4404,
      0.8912,
      0.807,
      0.9336,
      0.9118,
      0.9565,
      0.804,
      0.4086,
      0.9628,
      0.4215,
      0.9459,
      0.8658,
      0.9689,
      0.9162,
      0.9237,
      0.8977,
      0.9709
    ],
    "by_speaker": {
      "Lyra": [
        0.553,
        -0.2732,
        -0.4404,
        0.807,
        0.9118,
        0.804,
        0.9628,
        0.9459,
        0.9689,
        0.9237,
        0.9709
      ],
      "Cipher": [
        0.0719,
        0.7935,
        0.8912,
        0.9336,
        0.9565,
        0.4086,
        0.4215,
        0.8658,
        0.9162,
        0.8977
      ]
    },
    "mean": 0.6805190476190476,
    "slope": 0.03759415584415584,
    "volatility": 0.40764272594778456
  },
  "diversity": {
    "by_speaker": {
      "Lyra": {
        "semantic_diversity": 0.5160789489746094,
        "ttr": 0.41304347826086957
      },
      "Cipher": {
        "semantic_diversity": 0.568755567073822,
        "ttr": 0.44587628865979384
      }
    },
    "global_ttr": 0.30484848484848487
  }
}