{
  "condition_id": "periso__cipher-persona__t02__r01",
  "topic": "Universal basic income would reduce workforce participation and innovation over time",
  "turn_count": 21,
  "persona": {
    "by_speaker": {
      "Lyra": {
        "mean": 0.21091379072984298,
        "per_turn": [
          0.469017182505701,
          0.16887120947687909,
          0.19243590642825037,
          0.18853085062353356,
          0.1252210145594497,
          0.13059043971493856,
          0.1884413824568591,
          0.2264541349770824,
          0.19489164090729036,
          0.1839607923944049,
          0.25163714398388387
        ]
      },
      "Cipher": {
        "mean": 0.8140784277837894,
        "per_turn": [
          0.7878109350504297,
          0.8124904080807747,
          0.8596667678367415,
          0.7987977801260522,
          0.7751511979423674,
          0.8808353920009624,
          0.8110939295333912,
          0.7621814074380711,
          0.8316827733018088,
          0.8210736865272943
        ]
      }
    },
    "discrimination": {
      "Lyra": {
        "own_mean": 0.2109,
        "cross_mean": 0.7891,
        "gap": -0.5782
      },
      "Cipher": {
        "own_mean": 0.8141,
        "cross_mean": 0.1859,
        "gap": 0.6282
      }
    }
  },
  "coherence": {
    "per_turn": [
      null,
      0.7163628339767456,
      0.7648619413375854,
      0.5774053335189819,
      0.6060312986373901,
      0.568723201751709,
      0.3969495892524719,
      0.7526002526283264,
      0.796309232711792,
      0.6111565828323364,
      0.6980715394020081,
      0.5779995918273926,
      0.7938715219497681,
      0.836046576499939,
      0.8951802849769592,
      0.8061622381210327,
      0.7727823257446289,
      0.8314241170883179,
      0.796832799911499,
      0.744166374206543,
      0.526597261428833
    ],
    "mean": 0.7034767448902131,
    "min": 0.3969495892524719
  },
  "topic_drift": {
    "per_turn": [
      0.7476892471313477,
      0.7874765992164612,
      0.561433732509613,
      0.47186923027038574,
      0.38307803869247437,
      0.25382593274116516,
      0.3718336522579193,
      0.4485153257846832,
      0.4082862138748169,
      0.6650704145431519,
      0.3463817238807678,
      0.38672560453414917,
      0.4886208772659302,
      0.5034462213516235,
      0.4957089126110077,
      0.4206118583679199,
      0.4449097514152527,
      0.4632723927497864,
      0.49416008591651917,
      0.5216515064239502,
      0.7622578144073486
    ],
    "mean": 0.4965154826641083,
    "min": 0.25382593274116516,
    "drift_slope": -0.0014254143485775386
  },
  "sentiment": {
    "per_turn": [
      0.9359,
      0.9217,
      0.7266,
      0.5926,
      0.9523,
      0.3612,
      0.7964,
      0.1328,
      0.8248,
      -0.0258,
      0.882,
      0.7096,
      0.5106,
      0.8689,
      0.8957,
      0.7469,
      0.872,
      0.6428,
      0.9207,
      0.9062,
      0.9565
    ],
    "by_speaker": {
      "Lyra": [
        0.9359,
        0.7266,
        0.9523,
        0.7964,
        0.8248,
        0.882,
        0.5106,
        0.8957,
        0.872,
        0.9207,
        0.9565
      ],
      "Cipher": [
        0.9217,
        0.5926,
        0.3612,
        0.1328,
        -0.0258,
        0.7096,
        0.8689,
        0.7469,
        0.6428,
        0.9062
      ]
    },
    "mean": 0.7204952380952381,
    "slope": 0.007960909090909086,
    "volatility": 0.2661918328613524
  },
  "diversity": {
    "by_speaker": {
      "Lyra": {
        "semantic_diversity": 0.501312792301178,
        "ttr": 0.437410071942446
      },
      "Cipher": {
        "semantic_diversity": 0.511391818523407,
        "ttr": 0.4664586583463339
      }
    },
    "global_ttr": 0.3473053892215569
  }
}