{
  "condition_id": "periso__lyra-persona__t07__r03",
  "topic": "Meaningful climate action and sustained economic growth are fundamentally incompatible",
  "turn_count": 21,
  "persona": {
    "by_speaker": {
      "Lyra": {
        "mean": 0.5308768635915064,
        "per_turn": [
          0.4826704647681537,
          0.7636291007396663,
          0.47261850022267493,
          0.4457919008675,
          0.45026971499741025,
          0.4549912822604387,
          0.4974134641275065,
          0.4851648081992471,
          0.7615298056961111,
          0.5072426704577344,
          0.5183237871701277
        ]
      },
      "Cipher": {
        "mean": 0.7811558566660916,
        "per_turn": [
          0.804044586096478,
          0.7804612262386039,
          0.7632519107200757,
          0.8129824759396813,
          0.8426396256862535,
          0.7807222536595573,
          0.7911766868197936,
          0.7577008669086538,
          0.7322610091664628,
          0.7463179254253559
        ]
      }
    },
    "discrimination": {
      "Lyra": {
        "own_mean": 0.5309,
        "cross_mean": 0.4691,
        "gap": 0.0618
      },
      "Cipher": {
        "own_mean": 0.7812,
        "cross_mean": 0.2188,
        "gap": 0.5623
      }
    }
  },
  "coherence": {
    "per_turn": [
      null,
      0.7174743413925171,
      0.6614499092102051,
      0.6964012384414673,
      0.7380494475364685,
      0.7843655943870544,
      0.6902759671211243,
      0.8247197866439819,
      0.636614203453064,
      0.7136526107788086,
      0.5622201561927795,
      0.7250093221664429,
      0.6798277497291565,
      0.8597545623779297,
      0.8611797094345093,
      0.7661844491958618,
      0.6132854223251343,
      0.7157250642776489,
      0.7012435793876648,
      0.49052250385284424,
      0.7257663011550903
    ],
    "mean": 0.7081860959529876,
    "min": 0.49052250385284424
  },
  "topic_drift": {
    "per_turn": [
      0.7260874509811401,
      0.757014811038971,
      0.6586496829986572,
      0.5440046787261963,
      0.4990472197532654,
      0.5748120546340942,
      0.5095394849777222,
      0.434853732585907,
      0.4528217911720276,
      0.4278585612773895,
      0.4060829281806946,
      0.44337791204452515,
      0.5573961138725281,
      0.5003348588943481,
      0.5389170050621033,
      0.5146892666816711,
      0.19165481626987457,
      0.47969403862953186,
      0.30223044753074646,
      0.7894318699836731,
      0.6469849348068237
    ],
    "mean": 0.52168969810009,
    "min": 0.19165481626987457,
    "drift_slope": -0.0070222687024574845
  },
  "sentiment": {
    "per_turn": [
      0.8708,
      0.8573,
      0.9594,
      -0.5023,
      -0.5859,
      0.9136,
      0.764,
      0.9258,
      0.8018,
      0.8225,
      0.967,
      0.9081,
      0.9582,
      0.8922,
      0.7269,
      0.714,
      0.959,
      0.8788,
      0.8552,
      0.9341,
      0.9633
    ],
    "by_speaker": {
      "Lyra": [
        0.8708,
        0.9594,
        -0.5859,
        0.764,
        0.8018,
        0.967,
        0.9582,
        0.7269,
        0.959,
        0.8552,
        0.9633
      ],
      "Cipher": [
        0.8573,
        -0.5023,
        0.9136,
        0.9258,
        0.8225,
        0.9081,
        0.8922,
        0.714,
        0.8788,
        0.9341
      ]
    },
    "mean": 0.7420857142857143,
    "slope": 0.024507662337662325,
    "volatility": 0.424013623192771
  },
  "diversity": {
    "by_speaker": {
      "Lyra": {
        "semantic_diversity": 0.5035980343818665,
        "ttr": 0.45710059171597633
      },
      "Cipher": {
        "semantic_diversity": 0.47526392340660095,
        "ttr": 0.4290322580645161
      }
    },
    "global_ttr": 0.3387345679012346
  }
}