{
  "condition_id": "periso__cipher-persona__t03__r02",
  "topic": "The resources spent on space exploration would produce greater good if redirected to Earth's problems",
  "turn_count": 21,
  "persona": {
    "by_speaker": {
      "Lyra": {
        "mean": 0.4952249571584834,
        "per_turn": [
          0.5898564842240965,
          0.5112567420479219,
          0.2571475865554351,
          0.4643613038887642,
          0.4688495366825408,
          0.5009666331546094,
          0.48964989122430747,
          0.5240904233565928,
          0.5757239156000965,
          0.4991169754767583,
          0.5664550365321945
        ]
      },
      "Cipher": {
        "mean": 0.7411682971493985,
        "per_turn": [
          0.7235717700491118,
          0.7271868902060797,
          0.7730021910550675,
          0.7325606811279424,
          0.8283857941836432,
          0.7529915968080936,
          0.702508241646359,
          0.7403202166838413,
          0.6811776828988517,
          0.7499779068349947
        ]
      }
    },
    "discrimination": {
      "Lyra": {
        "own_mean": 0.4952,
        "cross_mean": 0.5048,
        "gap": -0.0096
      },
      "Cipher": {
        "own_mean": 0.7412,
        "cross_mean": 0.2588,
        "gap": 0.4823
      }
    }
  },
  "coherence": {
    "per_turn": [
      null,
      0.6436184644699097,
      0.8075603246688843,
      0.746530294418335,
      0.6135413646697998,
      0.6449105739593506,
      0.7621245384216309,
      0.2596404254436493,
      0.4532731771469116,
      0.7319473028182983,
      0.643022358417511,
      0.5624712705612183,
      0.7906997203826904,
      0.5437438488006592,
      0.6028920412063599,
      0.6806813478469849,
      0.6957806348800659,
      0.8584633469581604,
      0.36253947019577026,
      0.5847707986831665,
      0.1955243945121765
    ],
    "mean": 0.6091867849230767,
    "min": 0.1955243945121765
  },
  "topic_drift": {
    "per_turn": [
      0.6602998971939087,
      0.7294857501983643,
      0.6392871737480164,
      0.6457384824752808,
      0.4685141146183014,
      0.5395441651344299,
      0.5158518552780151,
      0.2019796371459961,
      0.4269160032272339,
      0.4478071928024292,
      0.599965512752533,
      0.4460657238960266,
      0.5291368365287781,
      0.5656505823135376,
      0.45175838470458984,
      0.6443130970001221,
      0.4693107008934021,
      0.4500100612640381,
      0.16531254351139069,
      0.17997737228870392,
      0.23471572995185852
    ],
    "mean": 0.47674480080604553,
    "min": 0.16531254351139069,
    "drift_slope": -0.016619934722200625
  },
  "sentiment": {
    "per_turn": [
      0.5362,
      0.6562,
      0.9399,
      0.4886,
      0.9594,
      0.9476,
      0.7999,
      0.3182,
      0.8804,
      0.9306,
      0.6249,
      0.128,
      0.9079,
      0.5719,
      -0.0498,
      0.0534,
      -0.0772,
      0.9127,
      0.7927,
      -0.5605,
      0.9493
    ],
    "by_speaker": {
      "Lyra": [
        0.5362,
        0.9399,
        0.9594,
        0.7999,
        0.8804,
        0.6249,
        0.9079,
        -0.0498,
        -0.0772,
        0.7927,
        0.9493
      ],
      "Cipher": [
        0.6562,
        0.4886,
        0.9476,
        0.3182,
        0.9306,
        0.128,
        0.5719,
        0.0534,
        0.9127,
        -0.5605
      ]
    },
    "mean": 0.5576333333333333,
    "slope": -0.024810519480519485,
    "volatility": 0.422974495835132
  },
  "diversity": {
    "by_speaker": {
      "Lyra": {
        "semantic_diversity": 0.5877330899238586,
        "ttr": 0.47577092511013214
      },
      "Cipher": {
        "semantic_diversity": 0.555270791053772,
        "ttr": 0.4797687861271676
      }
    },
    "global_ttr": 0.36562272396212675
  }
}