{
  "condition_id": "periso__baseline__t05__r03",
  "topic": "Genetic editing to prevent hereditary diseases in human embryos should be legally permitted",
  "turn_count": 21,
  "persona": {
    "by_speaker": {
      "Lyra": {
        "mean": 0.5050795435582361,
        "per_turn": [
          0.45661216586820763,
          0.5171956086907261,
          0.44623631210717507,
          0.4737374570286973,
          0.5204699525211345,
          0.4550498160158345,
          0.5181938209414916,
          0.5838524953432531,
          0.5437216132713616,
          0.5224901831735832,
          0.5183155541791322
        ]
      },
      "Cipher": {
        "mean": 0.7398234509021437,
        "per_turn": [
          0.7776032977931964,
          0.7469299091195241,
          0.7377706495904202,
          0.7387290900045731,
          0.7497578016023072,
          0.7622778884443608,
          0.7303373819549811,
          0.7045012137412228,
          0.7390419370175619,
          0.7112853397532898
        ]
      }
    },
    "discrimination": {
      "Lyra": {
        "own_mean": 0.5051,
        "cross_mean": 0.4949,
        "gap": 0.0102
      },
      "Cipher": {
        "own_mean": 0.7398,
        "cross_mean": 0.2602,
        "gap": 0.4796
      }
    }
  },
  "coherence": {
    "per_turn": [
      null,
      0.8326614499092102,
      0.7480242252349854,
      0.7792603373527527,
      0.8432393074035645,
      0.5845717787742615,
      0.561467170715332,
      0.7143383622169495,
      0.783390998840332,
      0.7953846454620361,
      0.8921133279800415,
      0.7901784777641296,
      0.7754194736480713,
      0.856200635433197,
      0.808173418045044,
      0.8228249549865723,
      0.7938271760940552,
      0.8902111053466797,
      0.7788347005844116,
      0.8139715194702148,
      0.7940503358840942
    ],
    "mean": 0.7829071700572967,
    "min": 0.561467170715332
  },
  "topic_drift": {
    "per_turn": [
      0.8288765549659729,
      0.8682124614715576,
      0.6186746954917908,
      0.6634133458137512,
      0.7737598419189453,
      0.5152697563171387,
      0.6391342282295227,
      0.6419777870178223,
      0.5647656321525574,
      0.5907047986984253,
      0.6079987287521362,
      0.49026134610176086,
      0.6239655017852783,
      0.6517878770828247,
      0.5708437561988831,
      0.49072542786598206,
      0.5807874202728271,
      0.5366129279136658,
      0.5888394713401794,
      0.5817999839782715,
      0.7033093571662903
    ],
    "mean": 0.6253200428826469,
    "min": 0.49026134610176086,
    "drift_slope": -0.008397403243300199
  },
  "sentiment": {
    "per_turn": [
      0.875,
      0.9274,
      -0.1779,
      0.8885,
      0.3919,
      0.3612,
      0.1027,
      0.296,
      0.8402,
      0.9643,
      0.9628,
      0.4404,
      0.886,
      0.765,
      0.9009,
      0.7494,
      0.9196,
      0.0,
      0.8176,
      0.7056,
      0.9623
    ],
    "by_speaker": {
      "Lyra": [
        0.875,
        -0.1779,
        0.3919,
        0.1027,
        0.8402,
        0.9628,
        0.886,
        0.9009,
        0.9196,
        0.8176,
        0.9623
      ],
      "Cipher": [
        0.9274,
        0.8885,
        0.3612,
        0.296,
        0.9643,
        0.4404,
        0.765,
        0.7494,
        0.0,
        0.7056
      ]
    },
    "mean": 0.6466142857142858,
    "slope": 0.012851948051948038,
    "volatility": 0.3441272816653666
  },
  "diversity": {
    "by_speaker": {
      "Lyra": {
        "semantic_diversity": 0.3093525767326355,
        "ttr": 0.43517329910141206
      },
      "Cipher": {
        "semantic_diversity": 0.34083229303359985,
        "ttr": 0.46083788706739526
      }
    },
    "global_ttr": 0.3328313253012048
  }
}