{
  "condition_id": "periso__lyra-persona__t02__r01",
  "topic": "Universal basic income would reduce workforce participation and innovation over time",
  "turn_count": 21,
  "persona": {
    "by_speaker": {
      "Lyra": {
        "mean": 0.4625053743703965,
        "per_turn": [
          0.47327458578216197,
          0.7303603369884686,
          0.4738009659042326,
          0.19900309021754028,
          0.43321448052541467,
          0.49942809560454715,
          0.350703575757945,
          0.4686632807593134,
          0.48055911367507576,
          0.46740328193685243,
          0.51114831092281
        ]
      },
      "Cipher": {
        "mean": 0.8044671041921012,
        "per_turn": [
          0.7964889831458392,
          0.7445442320807615,
          0.8164499204980755,
          0.848865043388408,
          0.7834817881092895,
          0.8499055813187638,
          0.8213850194299451,
          0.7793269793712733,
          0.7868258768475647,
          0.8173976177310911
        ]
      }
    },
    "discrimination": {
      "Lyra": {
        "own_mean": 0.4625,
        "cross_mean": 0.5375,
        "gap": -0.075
      },
      "Cipher": {
        "own_mean": 0.8045,
        "cross_mean": 0.1955,
        "gap": 0.6089
      }
    }
  },
  "coherence": {
    "per_turn": [
      null,
      0.39192456007003784,
      0.7415186762809753,
      0.8276886940002441,
      0.8232264518737793,
      0.8117226958274841,
      0.5029135942459106,
      0.3194991946220398,
      0.622404158115387,
      0.3957493007183075,
      0.531802237033844,
      0.33801841735839844,
      0.7019211053848267,
      0.5494667291641235,
      0.6728463768959045,
      0.6677914261817932,
      0.7348731160163879,
      0.6416347026824951,
      0.8432502150535583,
      0.742805004119873,
      0.3149961829185486
    ],
    "mean": 0.608802641928196,
    "min": 0.3149961829185486
  },
  "topic_drift": {
    "per_turn": [
      0.7549667358398438,
      0.5044808983802795,
      0.49105310440063477,
      0.44110292196273804,
      0.4080342650413513,
      0.336668461561203,
      0.19206613302230835,
      0.34142717719078064,
      0.21964339911937714,
      0.3487480878829956,
      0.46138492226600647,
      0.24965764582157135,
      0.2945590019226074,
      0.3502417504787445,
      0.22455190122127533,
      0.3515690565109253,
      0.4569098651409149,
      0.4785642921924591,
      0.48042112588882446,
      0.4049930274486542,
      0.7397904396057129
    ],
    "mean": 0.406230200614248,
    "min": 0.19206613302230835,
    "drift_slope": -0.00038324143592412285
  },
  "sentiment": {
    "per_turn": [
      0.9349,
      0.6474,
      0.9491,
      0.7278,
      0.6428,
      0.5514,
      0.8873,
      0.9272,
      0.7717,
      0.34,
      0.836,
      0.7847,
      0.9442,
      0.9159,
      -0.7833,
      0.7059,
      0.3291,
      0.5023,
      0.743,
      0.8438,
      0.8718
    ],
    "by_speaker": {
      "Lyra": [
        0.9349,
        0.9491,
        0.6428,
        0.8873,
        0.7717,
        0.836,
        0.9442,
        -0.7833,
        0.3291,
        0.743,
        0.8718
      ],
      "Cipher": [
        0.6474,
        0.7278,
        0.5514,
        0.9272,
        0.34,
        0.7847,
        0.9159,
        0.7059,
        0.5023,
        0.8438
      ]
    },
    "mean": 0.6701428571428573,
    "slope": -0.011853246753246754,
    "volatility": 0.37223065247163056
  },
  "diversity": {
    "by_speaker": {
      "Lyra": {
        "semantic_diversity": 0.5286805033683777,
        "ttr": 0.4583333333333333
      },
      "Cipher": {
        "semantic_diversity": 0.5703874230384827,
        "ttr": 0.4731182795698925
      }
    },
    "global_ttr": 0.3544600938967136
  }
}