{
  "condition_id": "periso__cipher-persona__t01__r03",
  "topic": "Social media has done more harm than good to mental health and democracy",
  "turn_count": 21,
  "persona": {
    "by_speaker": {
      "Lyra": {
        "mean": 0.41340321295606847,
        "per_turn": [
          0.6013525811019049,
          0.451738442886651,
          0.5116781753586764,
          0.31504722280249436,
          0.5309240897215934,
          0.28115181481790635,
          0.187754049194053,
          0.5258951325282457,
          0.2806299083805418,
          0.2408693637793358,
          0.6203945619453499
        ]
      },
      "Cipher": {
        "mean": 0.7357237188108606,
        "per_turn": [
          0.7317867990353782,
          0.5724757673704369,
          0.7605548495820481,
          0.7587937878705897,
          0.7127181429325251,
          0.8026377348095917,
          0.8008309169910501,
          0.7291203423869839,
          0.7438834897048039,
          0.744435357425199
        ]
      }
    },
    "discrimination": {
      "Lyra": {
        "own_mean": 0.4134,
        "cross_mean": 0.5866,
        "gap": -0.1732
      },
      "Cipher": {
        "own_mean": 0.7357,
        "cross_mean": 0.2643,
        "gap": 0.4714
      }
    }
  },
  "coherence": {
    "per_turn": [
      null,
      0.7706705331802368,
      0.8462968468666077,
      0.7647558450698853,
      0.7321133017539978,
      0.7614408731460571,
      0.6030465960502625,
      0.6475378274917603,
      0.4821932315826416,
      0.7284983396530151,
      0.6259403228759766,
      0.5846591591835022,
      0.7285587787628174,
      0.8289571404457092,
      0.3471437096595764,
      0.7775607705116272,
      0.6315947771072388,
      0.7023012638092041,
      0.6985520124435425,
      0.7841840982437134,
      0.22053369879722595
    ],
    "mean": 0.6633269563317299,
    "min": 0.22053369879722595
  },
  "topic_drift": {
    "per_turn": [
      0.8232589364051819,
      0.7855396270751953,
      0.7160906791687012,
      0.6857239007949829,
      0.7029844522476196,
      0.5599236488342285,
      0.54319828748703,
      0.23343098163604736,
      0.3180900812149048,
      0.2716692090034485,
      0.2898401618003845,
      0.2628153860569,
      0.13952291011810303,
      0.15691325068473816,
      0.27589452266693115,
      0.25386330485343933,
      0.14578822255134583,
      0.23539038002490997,
      0.17504923045635223,
      0.141139417886734,
      0.7311825752258301
    ],
    "mean": 0.4022528174377623,
    "min": 0.13952291011810303,
    "drift_slope": -0.02693411330511043
  },
  "sentiment": {
    "per_turn": [
      0.2846,
      -0.3508,
      0.3182,
      0.4404,
      0.3612,
      0.631,
      -0.4767,
      -0.0258,
      0.91,
      0.7845,
      0.3647,
      0.9448,
      0.9753,
      0.8929,
      0.9209,
      0.7803,
      0.972,
      0.0,
      0.9635,
      0.1531,
      0.9413
    ],
    "by_speaker": {
      "Lyra": [
        0.2846,
        0.3182,
        0.3612,
        -0.4767,
        0.91,
        0.3647,
        0.9753,
        0.9209,
        0.972,
        0.9635,
        0.9413
      ],
      "Cipher": [
        -0.3508,
        0.4404,
        0.631,
        -0.0258,
        0.7845,
        0.9448,
        0.8929,
        0.7803,
        0.0,
        0.1531
      ]
    },
    "mean": 0.5135904761904763,
    "slope": 0.034065454545454545,
    "volatility": 0.4458121416287165
  },
  "diversity": {
    "by_speaker": {
      "Lyra": {
        "semantic_diversity": 0.6534377932548523,
        "ttr": 0.48497854077253216
      },
      "Cipher": {
        "semantic_diversity": 0.6886776685714722,
        "ttr": 0.4838709677419355
      }
    },
    "global_ttr": 0.3637037037037037
  }
}