{
  "condition_id": "periso__baseline__t02__r03",
  "topic": "Universal basic income would reduce workforce participation and innovation over time",
  "turn_count": 21,
  "persona": {
    "by_speaker": {
      "Lyra": {
        "mean": 0.45406157125481655,
        "per_turn": [
          0.4444370171657547,
          0.4516237726522488,
          0.4687032219168243,
          0.1551335332243461,
          0.46713970104671365,
          0.4744668391229958,
          0.5077231707854737,
          0.5089168048234194,
          0.5056590888825039,
          0.469746367572934,
          0.5411277666097682
        ]
      },
      "Cipher": {
        "mean": 0.7668102579139433,
        "per_turn": [
          0.8001876918508489,
          0.786832041543166,
          0.8077544037384718,
          0.84614611648536,
          0.7967882259304091,
          0.7464823926987962,
          0.5625768052566344,
          0.7612339657789511,
          0.7647606477051426,
          0.7953402881516526
        ]
      }
    },
    "discrimination": {
      "Lyra": {
        "own_mean": 0.4541,
        "cross_mean": 0.5459,
        "gap": -0.0919
      },
      "Cipher": {
        "own_mean": 0.7668,
        "cross_mean": 0.2332,
        "gap": 0.5336
      }
    }
  },
  "coherence": {
    "per_turn": [
      null,
      0.565791666507721,
      0.7997744679450989,
      0.6876652240753174,
      0.6930525302886963,
      0.5616936683654785,
      0.6893805265426636,
      0.8242462277412415,
      0.86431884765625,
      0.8348917365074158,
      0.7918940782546997,
      0.8149210214614868,
      0.8301844596862793,
      0.7218974828720093,
      0.7485183477401733,
      0.714566707611084,
      0.7472209334373474,
      0.7736369371414185,
      0.756800651550293,
      0.7152987718582153,
      0.43145668506622314
    ],
    "mean": 0.7283605486154556,
    "min": 0.43145668506622314
  },
  "topic_drift": {
    "per_turn": [
      0.7985885143280029,
      0.3608657717704773,
      0.4965279698371887,
      0.48956626653671265,
      0.47893089056015015,
      0.3153754770755768,
      0.5277700424194336,
      0.49568039178848267,
      0.4644755423069,
      0.45643457770347595,
      0.4259905517101288,
      0.48688817024230957,
      0.43791601061820984,
      0.5003727674484253,
      0.4687284827232361,
      0.4970771074295044,
      0.35664933919906616,
      0.3585811257362366,
      0.4366167485713959,
      0.4972445070743561,
      0.5954785943031311
    ],
    "mean": 0.4736075642563048,
    "min": 0.3153754770755768,
    "drift_slope": -0.0029478078925764418
  },
  "sentiment": {
    "per_turn": [
      0.7269,
      0.9793,
      0.9607,
      0.905,
      0.937,
      0.9589,
      0.9552,
      0.9321,
      0.9677,
      0.9779,
      0.7717,
      0.9217,
      0.9601,
      0.9442,
      0.945,
      0.9678,
      0.9286,
      0.5719,
      0.9294,
      0.85,
      0.9246
    ],
    "by_speaker": {
      "Lyra": [
        0.7269,
        0.9607,
        0.937,
        0.9552,
        0.9677,
        0.7717,
        0.9601,
        0.945,
        0.9286,
        0.9294,
        0.9246
      ],
      "Cipher": [
        0.9793,
        0.905,
        0.9589,
        0.9321,
        0.9779,
        0.9217,
        0.9442,
        0.9678,
        0.5719,
        0.85
      ]
    },
    "mean": 0.9055095238095239,
    "slope": -0.002403376623376642,
    "volatility": 0.09769921238051636
  },
  "diversity": {
    "by_speaker": {
      "Lyra": {
        "semantic_diversity": 0.4021880030632019,
        "ttr": 0.4077102803738318
      },
      "Cipher": {
        "semantic_diversity": 0.39043834805488586,
        "ttr": 0.43612334801762115
      }
    },
    "global_ttr": 0.3116460637605725
  }
}