{
  "condition_id": "periso__cipher-persona__t07__r02",
  "topic": "Meaningful climate action and sustained economic growth are fundamentally incompatible",
  "turn_count": 21,
  "persona": {
    "by_speaker": {
      "Lyra": {
        "mean": 0.34416349053424367,
        "per_turn": [
          0.5207566609106132,
          0.2198677829549067,
          0.198555090020159,
          0.26930078293759396,
          0.4849768683329043,
          0.5088086602538481,
          0.16672301479777416,
          0.20955066006266101,
          0.4836840604826012,
          0.2173472452961627,
          0.5062275698274556
        ]
      },
      "Cipher": {
        "mean": 0.77067040533565,
        "per_turn": [
          0.7945727447813051,
          0.7587164327990976,
          0.7422372354134154,
          0.7490036730785468,
          0.7913640992401973,
          0.758496309530273,
          0.7675522764017906,
          0.8104179095470351,
          0.7299381403844619,
          0.8044052321803772
        ]
      }
    },
    "discrimination": {
      "Lyra": {
        "own_mean": 0.3442,
        "cross_mean": 0.6558,
        "gap": -0.3117
      },
      "Cipher": {
        "own_mean": 0.7707,
        "cross_mean": 0.2293,
        "gap": 0.5413
      }
    }
  },
  "coherence": {
    "per_turn": [
      null,
      0.48167112469673157,
      0.7116395831108093,
      0.757347822189331,
      0.6941912174224854,
      0.5914932489395142,
      0.6072887778282166,
      0.6524651646614075,
      0.7706573009490967,
      0.7211938500404358,
      0.5347983241081238,
      0.757213830947876,
      0.45983952283859253,
      0.6417869329452515,
      0.5444430112838745,
      0.6432082653045654,
      0.6598109006881714,
      0.7147800922393799,
      0.7911069393157959,
      0.6200673580169678,
      0.2454783320426941
    ],
    "mean": 0.630024079978466,
    "min": 0.2454783320426941
  },
  "topic_drift": {
    "per_turn": [
      0.7785291075706482,
      0.5918633937835693,
      0.49702560901641846,
      0.401053786277771,
      0.4043348431587219,
      0.5905662775039673,
      0.5157548189163208,
      0.5856095552444458,
      0.5202367901802063,
      0.37577712535858154,
      0.4213322401046753,
      0.33831214904785156,
      0.22463160753250122,
      0.3610043525695801,
      0.34068405628204346,
      0.3340414762496948,
      0.3090173006057739,
      0.43425947427749634,
      0.42166703939437866,
      0.24030612409114838,
      0.6831316947937012
    ],
    "mean": 0.4461494677123569,
    "min": 0.22463160753250122,
    "drift_slope": -0.010838599425631675
  },
  "sentiment": {
    "per_turn": [
      0.6917,
      0.9109,
      0.9591,
      0.7783,
      0.9226,
      0.0946,
      -0.4871,
      0.5058,
      0.8338,
      -0.0114,
      0.2287,
      0.7783,
      0.9446,
      -0.0772,
      0.1406,
      0.5994,
      0.9377,
      0.7845,
      0.9638,
      0.8977,
      0.9604
    ],
    "by_speaker": {
      "Lyra": [
        0.6917,
        0.9591,
        0.9226,
        -0.4871,
        0.8338,
        0.2287,
        0.9446,
        0.1406,
        0.9377,
        0.9638,
        0.9604
      ],
      "Cipher": [
        0.9109,
        0.7783,
        0.0946,
        0.5058,
        -0.0114,
        0.7783,
        -0.0772,
        0.5994,
        0.7845,
        0.8977
      ]
    },
    "mean": 0.5884190476190476,
    "slope": 0.009138831168831175,
    "volatility": 0.41967249205728174
  },
  "diversity": {
    "by_speaker": {
      "Lyra": {
        "semantic_diversity": 0.5898712873458862,
        "ttr": 0.4959016393442623
      },
      "Cipher": {
        "semantic_diversity": 0.5564771890640259,
        "ttr": 0.46259541984732827
      }
    },
    "global_ttr": 0.36697909156452774
  }
}