{
  "condition_id": "periso__baseline__t00__r01",
  "topic": "AI will eliminate more jobs than it creates within the next decade",
  "turn_count": 21,
  "persona": {
    "by_speaker": {
      "Lyra": {
        "mean": 0.4792284511891786,
        "per_turn": [
          0.5005561042319056,
          0.4496496462248999,
          0.4780761447009194,
          0.4654685764772487,
          0.47909894418055937,
          0.4923851657693433,
          0.48118005408326975,
          0.44307198738317466,
          0.4682396822563005,
          0.47237147784427225,
          0.5414151799290711
        ]
      },
      "Cipher": {
        "mean": 0.7902009258528873,
        "per_turn": [
          0.8292731033224747,
          0.8084563996123875,
          0.7903671442955003,
          0.7860847668317683,
          0.7604999414972495,
          0.7874243534580316,
          0.7660658802825708,
          0.7860198548691185,
          0.7839411968858055,
          0.8038766174739657
        ]
      }
    },
    "discrimination": {
      "Lyra": {
        "own_mean": 0.4792,
        "cross_mean": 0.5208,
        "gap": -0.0415
      },
      "Cipher": {
        "own_mean": 0.7902,
        "cross_mean": 0.2098,
        "gap": 0.5804
      }
    }
  },
  "coherence": {
    "per_turn": [
      null,
      0.6846171617507935,
      0.7582480311393738,
      0.7476465702056885,
      0.6268882751464844,
      0.6418602466583252,
      0.7748071551322937,
      0.5827468633651733,
      0.822090744972229,
      0.5807112455368042,
      0.6456350088119507,
      0.4578287601470947,
      0.6847779750823975,
      0.5163085460662842,
      0.6324882507324219,
      0.7695154547691345,
      0.877126932144165,
      0.8187087178230286,
      0.8478766679763794,
      0.8326181173324585,
      0.4245598316192627
    ],
    "mean": 0.6863530278205872,
    "min": 0.4245598316192627
  },
  "topic_drift": {
    "per_turn": [
      0.8430627584457397,
      0.6644909381866455,
      0.6935265064239502,
      0.6221563816070557,
      0.5318431854248047,
      0.5953129529953003,
      0.44980812072753906,
      0.337160587310791,
      0.2971530258655548,
      0.41235488653182983,
      0.3634539842605591,
      0.6679566502571106,
      0.5391301512718201,
      0.2675139307975769,
      0.5719896554946899,
      0.49252641201019287,
      0.45157939195632935,
      0.48652273416519165,
      0.4814092516899109,
      0.49844443798065186,
      0.6502714157104492
    ],
    "mean": 0.5198889218625569,
    "min": 0.2675139307975769,
    "drift_slope": -0.007850491923171218
  },
  "sentiment": {
    "per_turn": [
      0.802,
      0.4767,
      0.9571,
      0.4588,
      0.7553,
      0.7184,
      0.8481,
      0.891,
      0.9565,
      0.9538,
      0.9442,
      -0.3716,
      0.7351,
      0.5635,
      0.8508,
      0.4588,
      0.8338,
      0.431,
      -0.7227,
      0.875,
      0.9617
    ],
    "by_speaker": {
      "Lyra": [
        0.802,
        0.9571,
        0.7553,
        0.8481,
        0.9565,
        0.9442,
        0.7351,
        0.8508,
        0.8338,
        -0.7227,
        0.9617
      ],
      "Cipher": [
        0.4767,
        0.4588,
        0.7184,
        0.891,
        0.9538,
        -0.3716,
        0.5635,
        0.4588,
        0.431,
        0.875
      ]
    },
    "mean": 0.6370142857142858,
    "slope": -0.015608051948051939,
    "volatility": 0.42624856629918284
  },
  "diversity": {
    "by_speaker": {
      "Lyra": {
        "semantic_diversity": 0.5166863799095154,
        "ttr": 0.4701583434835566
      },
      "Cipher": {
        "semantic_diversity": 0.5228155255317688,
        "ttr": 0.5171288743882545
      }
    },
    "global_ttr": 0.36401673640167365
  }
}