{
  "condition_id": "periso__baseline__t01__r03",
  "topic": "Social media has done more harm than good to mental health and democracy",
  "turn_count": 21,
  "persona": {
    "by_speaker": {
      "Lyra": {
        "mean": 0.5640981718051219,
        "per_turn": [
          0.6286714800302997,
          0.5352481241992317,
          0.5369881493776429,
          0.6465916060315484,
          0.6047344435484174,
          0.5260603171305982,
          0.5477055709759239,
          0.48557101033106587,
          0.47861159118190666,
          0.5962607909903148,
          0.618636806059391
        ]
      },
      "Cipher": {
        "mean": 0.7241990342122576,
        "per_turn": [
          0.6956618900498834,
          0.7996945082498748,
          0.6621274606676228,
          0.7075056517199803,
          0.7382048779742707,
          0.7134520184639531,
          0.7819005572116067,
          0.7812720624416216,
          0.6942444059888577,
          0.6679269093549052
        ]
      }
    },
    "discrimination": {
      "Lyra": {
        "own_mean": 0.5641,
        "cross_mean": 0.4359,
        "gap": 0.1282
      },
      "Cipher": {
        "own_mean": 0.7242,
        "cross_mean": 0.2758,
        "gap": 0.4484
      }
    }
  },
  "coherence": {
    "per_turn": [
      null,
      0.7008515000343323,
      0.5530673265457153,
      0.6476799249649048,
      0.7030780911445618,
      0.5701828002929688,
      0.8154526352882385,
      0.649158775806427,
      0.6771731376647949,
      0.7568113207817078,
      0.7606427669525146,
      0.6108704805374146,
      0.7152165770530701,
      0.707220196723938,
      0.7650712728500366,
      0.6223726272583008,
      0.8290492296218872,
      0.3405575752258301,
      0.849536657333374,
      0.43198540806770325,
      0.42866575717926025
    ],
    "mean": 0.656732203066349,
    "min": 0.3405575752258301
  },
  "topic_drift": {
    "per_turn": [
      0.8382736444473267,
      0.6608128547668457,
      0.5350863337516785,
      0.6360886693000793,
      0.706609308719635,
      0.5688899159431458,
      0.5557836294174194,
      0.6329489946365356,
      0.6017082929611206,
      0.5975244045257568,
      0.5043755173683167,
      0.5137960910797119,
      0.4257953464984894,
      0.33000364899635315,
      0.3076976537704468,
      0.1816878765821457,
      0.17050233483314514,
      0.8049260377883911,
      0.6778566241264343,
      0.18313509225845337,
      0.6393712759017944
    ],
    "mean": 0.5272796927463441,
    "min": 0.17050233483314514,
    "drift_slope": -0.014874656924179627
  },
  "sentiment": {
    "per_turn": [
      0.5221,
      -0.5945,
      0.875,
      0.9268,
      0.5647,
      -0.6261,
      -0.2732,
      0.9446,
      0.7964,
      0.6412,
      0.8176,
      0.3489,
      0.3597,
      0.7876,
      0.7814,
      0.9043,
      0.891,
      0.8658,
      0.8173,
      0.8919,
      0.9468
    ],
    "by_speaker": {
      "Lyra": [
        0.5221,
        0.875,
        0.5647,
        -0.2732,
        0.7964,
        0.8176,
        0.3597,
        0.7814,
        0.891,
        0.8173,
        0.9468
      ],
      "Cipher": [
        -0.5945,
        0.9268,
        -0.6261,
        0.9446,
        0.6412,
        0.3489,
        0.7876,
        0.9043,
        0.8658,
        0.8919
      ]
    },
    "mean": 0.5804428571428571,
    "slope": 0.03756818181818181,
    "volatility": 0.4766062531526603
  },
  "diversity": {
    "by_speaker": {
      "Lyra": {
        "semantic_diversity": 0.5295970439910889,
        "ttr": 0.44351961950059454
      },
      "Cipher": {
        "semantic_diversity": 0.5721503496170044,
        "ttr": 0.44710860366713684
      }
    },
    "global_ttr": 0.3445161290322581
  }
}