{
  "condition_id": "periso__lyra-persona__t03__r02",
  "topic": "The resources spent on space exploration would produce greater good if redirected to Earth's problems",
  "turn_count": 21,
  "persona": {
    "by_speaker": {
      "Lyra": {
        "mean": 0.5368066534272662,
        "per_turn": [
          0.5566890849649302,
          0.8266962890324533,
          0.5416010395662998,
          0.5094805273733076,
          0.48731719796284584,
          0.5270266811639718,
          0.5298251625647314,
          0.48564972528060557,
          0.5390738439736275,
          0.2771578393536237,
          0.6243557964635313
        ]
      },
      "Cipher": {
        "mean": 0.7328458817108859,
        "per_turn": [
          0.7326844197015063,
          0.6813813106836147,
          0.7173421347945812,
          0.7419560612376442,
          0.7537589279428604,
          0.69551525136048,
          0.7662278082253704,
          0.7629223332434817,
          0.7468560624613267,
          0.7298145074579935
        ]
      }
    },
    "discrimination": {
      "Lyra": {
        "own_mean": 0.5368,
        "cross_mean": 0.4632,
        "gap": 0.0736
      },
      "Cipher": {
        "own_mean": 0.7328,
        "cross_mean": 0.2672,
        "gap": 0.4657
      }
    }
  },
  "coherence": {
    "per_turn": [
      null,
      0.6960164308547974,
      0.6296021938323975,
      0.7308391332626343,
      0.7183427810668945,
      0.7475925087928772,
      0.7657434940338135,
      0.8472530245780945,
      0.6074626445770264,
      0.59003746509552,
      0.6126235127449036,
      0.8214082717895508,
      0.6163655519485474,
      0.5296556353569031,
      0.5203072428703308,
      0.4437795579433441,
      0.544972836971283,
      0.8098573684692383,
      0.5263432860374451,
      0.5537934303283691,
      0.27093666791915894
    ],
    "mean": 0.6291466519236565,
    "min": 0.27093666791915894
  },
  "topic_drift": {
    "per_turn": [
      0.663844108581543,
      0.8223596811294556,
      0.611785352230072,
      0.7007253170013428,
      0.8285079002380371,
      0.5886456966400146,
      0.5754731893539429,
      0.5738233923912048,
      0.3478230834007263,
      0.38900884985923767,
      0.5518983602523804,
      0.5935893058776855,
      0.3438877463340759,
      0.3848074674606323,
      0.3242291808128357,
      0.12430359423160553,
      0.15120570361614227,
      0.13194319605827332,
      0.16909627616405487,
      0.14533206820487976,
      0.3362453877925873
    ],
    "mean": 0.44564451703003477,
    "min": 0.12430359423160553,
    "drift_slope": -0.03201696220543478
  },
  "sentiment": {
    "per_turn": [
      0.8299,
      0.8885,
      0.8902,
      0.9373,
      0.8573,
      0.6249,
      0.9423,
      0.8934,
      0.1926,
      -0.6757,
      0.6852,
      0.9493,
      0.8074,
      0.7964,
      0.9001,
      0.5402,
      -0.2881,
      0.4118,
      0.9459,
      0.5717,
      0.9678
    ],
    "by_speaker": {
      "Lyra": [
        0.8299,
        0.8902,
        0.8573,
        0.9423,
        0.1926,
        0.6852,
        0.8074,
        0.9001,
        -0.2881,
        0.9459,
        0.9678
      ],
      "Cipher": [
        0.8885,
        0.9373,
        0.6249,
        0.8934,
        -0.6757,
        0.9493,
        0.7964,
        0.5402,
        0.4118,
        0.5717
      ]
    },
    "mean": 0.6508761904761905,
    "slope": -0.012475584415584428,
    "volatility": 0.42130961118959254
  },
  "diversity": {
    "by_speaker": {
      "Lyra": {
        "semantic_diversity": 0.6217884421348572,
        "ttr": 0.4809741248097412
      },
      "Cipher": {
        "semantic_diversity": 0.6379207968711853,
        "ttr": 0.4588938714499253
      }
    },
    "global_ttr": 0.3552036199095023
  }
}