{
  "condition_id": "periso__lyra-persona__t03__r03",
  "topic": "The resources spent on space exploration would produce greater good if redirected to Earth's problems",
  "turn_count": 21,
  "persona": {
    "by_speaker": {
      "Lyra": {
        "mean": 0.5496091238706212,
        "per_turn": [
          0.5915591194173979,
          0.7596858426199582,
          0.5230758766895323,
          0.5193479605113687,
          0.4734919369178566,
          0.4691670093572952,
          0.46991710119925667,
          0.488038038354457,
          0.5860602912955899,
          0.5891653048995715,
          0.5761918813145495
        ]
      },
      "Cipher": {
        "mean": 0.7240608465617935,
        "per_turn": [
          0.7405510099809548,
          0.7145512590690427,
          0.6660232734865381,
          0.7469245984530882,
          0.767653794128937,
          0.7467331585367969,
          0.73783755810177,
          0.765749324019123,
          0.6568191484183009,
          0.6977653414233829
        ]
      }
    },
    "discrimination": {
      "Lyra": {
        "own_mean": 0.5496,
        "cross_mean": 0.4504,
        "gap": 0.0992
      },
      "Cipher": {
        "own_mean": 0.7241,
        "cross_mean": 0.2759,
        "gap": 0.4481
      }
    }
  },
  "coherence": {
    "per_turn": [
      null,
      0.5304775834083557,
      0.6031073331832886,
      0.6052069664001465,
      0.4402798116207123,
      0.6919013261795044,
      0.4556170105934143,
      0.6980348229408264,
      0.5551660656929016,
      0.7643216848373413,
      0.4852977693080902,
      0.8558313846588135,
      0.6676630973815918,
      0.6406744718551636,
      0.564889669418335,
      0.7470470666885376,
      0.5033408403396606,
      0.7908861637115479,
      0.5970941781997681,
      0.6242609024047852,
      0.33371901512145996
    ],
    "mean": 0.6077408581972122,
    "min": 0.33371901512145996
  },
  "topic_drift": {
    "per_turn": [
      0.4863484501838684,
      0.7076930999755859,
      0.5194377303123474,
      0.4618207514286041,
      0.3096734285354614,
      0.4451969265937805,
      0.3269602060317993,
      0.346899151802063,
      0.3099591135978699,
      0.2741966247558594,
      0.46435824036598206,
      0.5054695010185242,
      0.4509952664375305,
      0.3036138117313385,
      0.2752358019351959,
      0.376111775636673,
      0.34417158365249634,
      0.3540349006652832,
      0.36601993441581726,
      0.2688548266887665,
      0.39471882581710815
    ],
    "mean": 0.39484618817056927,
    "min": 0.2688548266887665,
    "drift_slope": -0.008843544551304407
  },
  "sentiment": {
    "per_turn": [
      -0.6486,
      0.7419,
      0.8617,
      0.9246,
      -0.7269,
      -0.2846,
      0.6908,
      0.7227,
      0.8402,
      0.6757,
      0.9378,
      0.9524,
      0.836,
      0.4404,
      0.5487,
      0.8807,
      0.8689,
      0.9451,
      0.9421,
      0.9423,
      0.9215
    ],
    "by_speaker": {
      "Lyra": [
        -0.6486,
        0.8617,
        -0.7269,
        0.6908,
        0.8402,
        0.9378,
        0.836,
        0.5487,
        0.8689,
        0.9421,
        0.9215
      ],
      "Cipher": [
        0.7419,
        0.9246,
        -0.2846,
        0.7227,
        0.6757,
        0.9524,
        0.4404,
        0.8807,
        0.9451,
        0.9423
      ]
    },
    "mean": 0.6196857142857143,
    "slope": 0.042267012987013,
    "volatility": 0.5025937906175791
  },
  "diversity": {
    "by_speaker": {
      "Lyra": {
        "semantic_diversity": 0.6017731428146362,
        "ttr": 0.48019017432646594
      },
      "Cipher": {
        "semantic_diversity": 0.5981218218803406,
        "ttr": 0.47955974842767296
      }
    },
    "global_ttr": 0.3638516179952644
  }
}