{
  "condition_id": "periso__lyra-persona__t00__r03",
  "topic": "AI will eliminate more jobs than it creates within the next decade",
  "turn_count": 21,
  "persona": {
    "by_speaker": {
      "Lyra": {
        "mean": 0.4838569578654132,
        "per_turn": [
          0.5037270543050538,
          0.4667630818388734,
          0.49013691001413057,
          0.7104497906239212,
          0.2538553944030913,
          0.22510736262132103,
          0.577365587520009,
          0.5380219095529459,
          0.4792022028650904,
          0.5310804908849047,
          0.5467167518902044
        ]
      },
      "Cipher": {
        "mean": 0.7717276825550407,
        "per_turn": [
          0.7550586078030017,
          0.7723268592281698,
          0.7863071456111081,
          0.7998681764292441,
          0.7710417771854896,
          0.8233489739477884,
          0.7549294581642951,
          0.7569765759096241,
          0.7499648663818297,
          0.7474543848898558
        ]
      }
    },
    "discrimination": {
      "Lyra": {
        "own_mean": 0.4839,
        "cross_mean": 0.5161,
        "gap": -0.0323
      },
      "Cipher": {
        "own_mean": 0.7717,
        "cross_mean": 0.2283,
        "gap": 0.5435
      }
    }
  },
  "coherence": {
    "per_turn": [
      null,
      0.7371829152107239,
      0.6788899898529053,
      0.6761670112609863,
      0.6873840093612671,
      0.7185849547386169,
      0.7298281192779541,
      0.7271209359169006,
      0.6600691080093384,
      0.5160501599311829,
      0.8734375238418579,
      0.656646728515625,
      0.5431604385375977,
      0.716638445854187,
      0.5437721014022827,
      0.6752607822418213,
      0.7152009010314941,
      0.7287462949752808,
      0.7290959358215332,
      0.7244651317596436,
      0.46253329515457153
    ],
    "mean": 0.6750117391347885,
    "min": 0.46253329515457153
  },
  "topic_drift": {
    "per_turn": [
      0.8193296194076538,
      0.7082159519195557,
      0.6472846269607544,
      0.6941386461257935,
      0.5730292797088623,
      0.6911488771438599,
      0.6502225399017334,
      0.5863667726516724,
      0.6067838668823242,
      0.25490957498550415,
      0.22290965914726257,
      0.21385520696640015,
      0.21179205179214478,
      0.18501493334770203,
      0.46469807624816895,
      0.5266135931015015,
      0.4995395541191101,
      0.4992097020149231,
      0.34170326590538025,
      0.5473485589027405,
      0.3554691970348358
    ],
    "mean": 0.49045635972704205,
    "min": 0.18501493334770203,
    "drift_slope": -0.018099182341005906
  },
  "sentiment": {
    "per_turn": [
      0.8541,
      0.1406,
      0.8357,
      0.8573,
      0.8691,
      0.3725,
      0.8261,
      0.7814,
      0.8807,
      0.9191,
      0.9447,
      0.775,
      0.9195,
      0.8442,
      0.2023,
      0.9267,
      0.8519,
      0.9042,
      0.91,
      0.4201,
      0.9381
    ],
    "by_speaker": {
      "Lyra": [
        0.8541,
        0.8357,
        0.8691,
        0.8261,
        0.8807,
        0.9447,
        0.9195,
        0.2023,
        0.8519,
        0.91,
        0.9381
      ],
      "Cipher": [
        0.1406,
        0.8573,
        0.3725,
        0.7814,
        0.9191,
        0.775,
        0.8442,
        0.9267,
        0.9042,
        0.4201
      ]
    },
    "mean": 0.7606333333333334,
    "slope": 0.005938571428571426,
    "volatility": 0.24094517126424336
  },
  "diversity": {
    "by_speaker": {
      "Lyra": {
        "semantic_diversity": 0.577591061592102,
        "ttr": 0.426179604261796
      },
      "Cipher": {
        "semantic_diversity": 0.5458033084869385,
        "ttr": 0.444104134762634
      }
    },
    "global_ttr": 0.3198473282442748
  }
}