{
  "condition_id": "periso__lyra-persona__t03__r01",
  "topic": "The resources spent on space exploration would produce greater good if redirected to Earth's problems",
  "turn_count": 21,
  "persona": {
    "by_speaker": {
      "Lyra": {
        "mean": 0.49201027010120907,
        "per_turn": [
          0.5475253279127297,
          0.7602007362860986,
          0.511771879595072,
          0.24616633426911827,
          0.7925777683540751,
          0.5351282150438885,
          0.26161953167327473,
          0.4405016359041575,
          0.47688611803716896,
          0.22001449642449925,
          0.6197209276132167
        ]
      },
      "Cipher": {
        "mean": 0.7540868188815883,
        "per_turn": [
          0.7359552596589669,
          0.7400031606888633,
          0.7559987122631516,
          0.7263909720917398,
          0.7613547110299193,
          0.729538879437979,
          0.8329145674423237,
          0.7757403488311763,
          0.7773939415747013,
          0.7055776357970626
        ]
      }
    },
    "discrimination": {
      "Lyra": {
        "own_mean": 0.492,
        "cross_mean": 0.508,
        "gap": -0.016
      },
      "Cipher": {
        "own_mean": 0.7541,
        "cross_mean": 0.2459,
        "gap": 0.5082
      }
    }
  },
  "coherence": {
    "per_turn": [
      null,
      0.5518251657485962,
      0.6700013875961304,
      0.7842077016830444,
      0.6569614410400391,
      0.6329572200775146,
      0.7206741571426392,
      0.6534323692321777,
      0.6917600631713867,
      0.6200312376022339,
      0.5392480492591858,
      0.7909389138221741,
      0.7235260605812073,
      0.4522427022457123,
      0.775171160697937,
      0.5306817889213562,
      0.46593043208122253,
      0.5258805751800537,
      0.5543421506881714,
      0.4096839129924774,
      0.44900405406951904
    ],
    "mean": 0.609925027191639,
    "min": 0.4096839129924774
  },
  "topic_drift": {
    "per_turn": [
      0.5218901038169861,
      0.7755682468414307,
      0.5464931726455688,
      0.6033485531806946,
      0.45486849546432495,
      0.4594666659832001,
      0.5460244417190552,
      0.6028709411621094,
      0.5987939238548279,
      0.30055153369903564,
      0.5857535600662231,
      0.552187442779541,
      0.5728760957717896,
      0.1196979507803917,
      0.3411172032356262,
      0.2556902766227722,
      0.375641793012619,
      0.17617902159690857,
      0.2886376976966858,
      0.5220704078674316,
      0.26245957612991333
    ],
    "mean": 0.45058033828224453,
    "min": 0.1196979507803917,
    "drift_slope": -0.01752260543115727
  },
  "sentiment": {
    "per_turn": [
      -0.3262,
      0.8074,
      0.9598,
      0.9321,
      0.9473,
      0.9801,
      0.9371,
      0.9337,
      0.9577,
      0.6187,
      0.8625,
      0.765,
      0.9245,
      0.7814,
      0.8481,
      0.7845,
      0.8689,
      0.6597,
      0.8519,
      0.8014,
      0.9484
    ],
    "by_speaker": {
      "Lyra": [
        -0.3262,
        0.9598,
        0.9473,
        0.9371,
        0.9577,
        0.8625,
        0.9245,
        0.8481,
        0.8689,
        0.8519,
        0.9484
      ],
      "Cipher": [
        0.8074,
        0.9321,
        0.9801,
        0.9337,
        0.6187,
        0.765,
        0.7814,
        0.7845,
        0.6597,
        0.8014
      ]
    },
    "mean": 0.8020952380952382,
    "slope": 0.010052727272727293,
    "volatility": 0.27014110858725826
  },
  "diversity": {
    "by_speaker": {
      "Lyra": {
        "semantic_diversity": 0.5212472081184387,
        "ttr": 0.47781065088757396
      },
      "Cipher": {
        "semantic_diversity": 0.6152153015136719,
        "ttr": 0.507537688442211
      }
    },
    "global_ttr": 0.3684210526315789
  }
}