{
  "condition_id": "periso__lyra-persona__t06__r01",
  "topic": "Remote work has weakened organisational culture more than it has empowered individuals",
  "turn_count": 21,
  "persona": {
    "by_speaker": {
      "Lyra": {
        "mean": 0.5796468036560738,
        "per_turn": [
          0.5908653466335296,
          0.760556995095881,
          0.6051903689999198,
          0.8162255502562012,
          0.5546707866867209,
          0.47386141212445676,
          0.42064486871267437,
          0.7932927592258967,
          0.5059425736286838,
          0.2950087178876156,
          0.5598554609652323
        ]
      },
      "Cipher": {
        "mean": 0.7148944444500256,
        "per_turn": [
          0.6976165690320723,
          0.6867405002527069,
          0.667404981003833,
          0.6792089870398597,
          0.7199396972795581,
          0.7860698264146865,
          0.7171356755874024,
          0.7448670958565908,
          0.7211220111028647,
          0.7288391009306822
        ]
      }
    },
    "discrimination": {
      "Lyra": {
        "own_mean": 0.5796,
        "cross_mean": 0.4204,
        "gap": 0.1593
      },
      "Cipher": {
        "own_mean": 0.7149,
        "cross_mean": 0.2851,
        "gap": 0.4298
      }
    }
  },
  "coherence": {
    "per_turn": [
      null,
      0.8283518552780151,
      0.726662814617157,
      0.7688449621200562,
      0.755897581577301,
      0.7290754318237305,
      0.8100584745407104,
      0.7297843098640442,
      0.7787907123565674,
      0.5964683294296265,
      0.608960747718811,
      0.6049966216087341,
      0.6066739559173584,
      0.5978740453720093,
      0.818993330001831,
      0.6908619403839111,
      0.6415929198265076,
      0.6277987957000732,
      0.4850025475025177,
      0.6659032106399536,
      0.5044474601745605
    ],
    "mean": 0.6788520023226738,
    "min": 0.4850025475025177
  },
  "topic_drift": {
    "per_turn": [
      0.8375589847564697,
      0.8469009399414062,
      0.6723222136497498,
      0.5756731033325195,
      0.5937084555625916,
      0.7296489477157593,
      0.7279497981071472,
      0.719363272190094,
      0.6999446153640747,
      0.4855988621711731,
      0.2510738670825958,
      0.1952584981918335,
      0.27473965287208557,
      0.16127201914787292,
      0.23863711953163147,
      0.23592960834503174,
      0.17058010399341583,
      0.10934208333492279,
      0.5919609069824219,
      0.5291435718536377,
      0.39881432056427
    ],
    "mean": 0.47835337831860497,
    "min": 0.10934208333492279,
    "drift_slope": -0.02718715859310967
  },
  "sentiment": {
    "per_turn": [
      0.2846,
      0.2732,
      0.8744,
      -0.2263,
      0.6124,
      0.9072,
      0.7807,
      -0.3612,
      0.7814,
      0.8225,
      0.8593,
      0.9184,
      0.7506,
      0.9452,
      0.9855,
      0.9061,
      0.9616,
      0.9152,
      0.898,
      0.8473,
      0.9674
    ],
    "by_speaker": {
      "Lyra": [
        0.2846,
        0.8744,
        0.6124,
        0.7807,
        0.7814,
        0.8593,
        0.7506,
        0.9855,
        0.9616,
        0.898,
        0.9674
      ],
      "Cipher": [
        0.2732,
        -0.2263,
        0.9072,
        -0.3612,
        0.8225,
        0.9184,
        0.9452,
        0.9061,
        0.9152,
        0.8473
      ]
    },
    "mean": 0.7001666666666667,
    "slope": 0.03511246753246754,
    "volatility": 0.37511605611537824
  },
  "diversity": {
    "by_speaker": {
      "Lyra": {
        "semantic_diversity": 0.5308995246887207,
        "ttr": 0.45875542691751087
      },
      "Cipher": {
        "semantic_diversity": 0.5835943222045898,
        "ttr": 0.4965156794425087
      }
    },
    "global_ttr": 0.35731225296442687
  }
}