{
  "condition_id": "periso__cipher-persona__t00__r02",
  "topic": "AI will eliminate more jobs than it creates within the next decade",
  "turn_count": 21,
  "persona": {
    "by_speaker": {
      "Lyra": {
        "mean": 0.285984235394779,
        "per_turn": [
          0.4683821540696804,
          0.23551064494023316,
          0.2140335059960856,
          0.2027473967489228,
          0.20191548332923145,
          0.21983544344420053,
          0.2063328488539361,
          0.22790194367693226,
          0.32650573958495066,
          0.23726185283429446,
          0.6053995758641015
        ]
      },
      "Cipher": {
        "mean": 0.7643677739979795,
        "per_turn": [
          0.7678559139682218,
          0.7851482982242346,
          0.7956853820489417,
          0.7853954992958372,
          0.7442820992941074,
          0.7920520304222609,
          0.7542742719012745,
          0.7279652454150645,
          0.7287800260970793,
          0.7622389733127736
        ]
      }
    },
    "discrimination": {
      "Lyra": {
        "own_mean": 0.286,
        "cross_mean": 0.714,
        "gap": -0.428
      },
      "Cipher": {
        "own_mean": 0.7644,
        "cross_mean": 0.2356,
        "gap": 0.5287
      }
    }
  },
  "coherence": {
    "per_turn": [
      null,
      0.7771463394165039,
      0.8428921699523926,
      0.8102977275848389,
      0.7492583990097046,
      0.7965221405029297,
      0.7127671241760254,
      0.7414993047714233,
      0.738351047039032,
      0.674115777015686,
      0.6022529602050781,
      0.6442582011222839,
      0.6823724508285522,
      0.7507025003433228,
      0.8269878625869751,
      0.3938665986061096,
      0.6750916838645935,
      0.6624715328216553,
      0.2892667055130005,
      0.8919403553009033,
      0.2931801378726959
    ],
    "mean": 0.6777620509266853,
    "min": 0.2892667055130005
  },
  "topic_drift": {
    "per_turn": [
      0.6936203241348267,
      0.7568265795707703,
      0.7823731303215027,
      0.7224956750869751,
      0.6179287433624268,
      0.6415733098983765,
      0.6637440323829651,
      0.713543713092804,
      0.667008638381958,
      0.5162621736526489,
      0.49050718545913696,
      0.5152754783630371,
      0.534874439239502,
      0.4805004298686981,
      0.4522278606891632,
      0.21602392196655273,
      0.18098001182079315,
      0.17302192747592926,
      0.6280273795127869,
      0.6273108124732971,
      0.13133467733860016
    ],
    "mean": 0.5335933544806072,
    "min": 0.13133467733860016,
    "drift_slope": -0.023934376065607187
  },
  "sentiment": {
    "per_turn": [
      0.1779,
      0.8641,
      0.875,
      0.8779,
      0.91,
      0.7964,
      -0.2313,
      0.8101,
      0.296,
      0.4517,
      0.1245,
      -0.2803,
      0.9531,
      0.9833,
      0.9377,
      0.9684,
      0.7964,
      0.3818,
      0.6855,
      0.8776,
      0.9551
    ],
    "by_speaker": {
      "Lyra": [
        0.1779,
        0.875,
        0.91,
        -0.2313,
        0.296,
        0.1245,
        0.9531,
        0.9377,
        0.7964,
        0.6855,
        0.9551
      ],
      "Cipher": [
        0.8641,
        0.8779,
        0.7964,
        0.8101,
        0.4517,
        -0.2803,
        0.9833,
        0.9684,
        0.3818,
        0.8776
      ]
    },
    "mean": 0.6290904761904762,
    "slope": 0.011507792207792212,
    "volatility": 0.3895248459643913
  },
  "diversity": {
    "by_speaker": {
      "Lyra": {
        "semantic_diversity": 0.560268223285675,
        "ttr": 0.44794520547945205
      },
      "Cipher": {
        "semantic_diversity": 0.5174883008003235,
        "ttr": 0.4596651445966514
      }
    },
    "global_ttr": 0.3431867339581831
  }
}