{
  "condition_id": "periso__baseline__t04__r02",
  "topic": "Strong government regulation of AI development will cause more harm than good",
  "turn_count": 21,
  "persona": {
    "by_speaker": {
      "Lyra": {
        "mean": 0.42883270545854385,
        "per_turn": [
          0.44229887827837877,
          0.4281147764119141,
          0.457028485072459,
          0.44417447198146603,
          0.44049840145197994,
          0.4470721657706479,
          0.44768832349590715,
          0.23611120019841758,
          0.46890869599007834,
          0.43254584376697536,
          0.47271851762575745
        ]
      },
      "Cipher": {
        "mean": 0.7831148890672301,
        "per_turn": [
          0.7678524823261781,
          0.8306039012449838,
          0.8301715510583908,
          0.8464738198924748,
          0.6612263175043805,
          0.7947504501247007,
          0.6530827873660185,
          0.8186349982661252,
          0.7887570977289491,
          0.8395954851601
        ]
      }
    },
    "discrimination": {
      "Lyra": {
        "own_mean": 0.4288,
        "cross_mean": 0.5712,
        "gap": -0.1423
      },
      "Cipher": {
        "own_mean": 0.7831,
        "cross_mean": 0.2169,
        "gap": 0.5662
      }
    }
  },
  "coherence": {
    "per_turn": [
      null,
      0.7079250812530518,
      0.6798248887062073,
      0.6792495846748352,
      0.6778954267501831,
      0.7114145755767822,
      0.7909868955612183,
      0.8672560453414917,
      0.7976105213165283,
      0.7330745458602905,
      0.6695221662521362,
      0.6783196926116943,
      0.6517231464385986,
      0.7651400566101074,
      0.6942852139472961,
      0.6450839638710022,
      0.6835384368896484,
      0.670457661151886,
      0.8535121083259583,
      0.7441424131393433,
      0.4520608186721802
    ],
    "mean": 0.707651162147522,
    "min": 0.4520608186721802
  },
  "topic_drift": {
    "per_turn": [
      0.7911492586135864,
      0.7461154460906982,
      0.5489712357521057,
      0.7730051875114441,
      0.526996374130249,
      0.6680198311805725,
      0.7815104126930237,
      0.8091531991958618,
      0.6545672416687012,
      0.5402959585189819,
      0.49625229835510254,
      0.36266571283340454,
      0.3420437276363373,
      0.4369271397590637,
      0.5953651666641235,
      0.5339103937149048,
      0.5654134750366211,
      0.7675464153289795,
      0.7080459594726562,
      0.5424150228500366,
      0.7533833980560303
    ],
    "mean": 0.6163691835744041,
    "min": 0.3420437276363373,
    "drift_slope": -0.005299424738078925
  },
  "sentiment": {
    "per_turn": [
      0.9349,
      0.6428,
      0.9517,
      0.8317,
      0.9657,
      0.9455,
      0.0903,
      0.2075,
      0.8748,
      0.2617,
      0.7783,
      0.9823,
      0.8402,
      0.6542,
      0.847,
      0.8481,
      0.9559,
      0.8224,
      0.9765,
      0.4188,
      0.9274
    ],
    "by_speaker": {
      "Lyra": [
        0.9349,
        0.9517,
        0.9657,
        0.0903,
        0.8748,
        0.7783,
        0.8402,
        0.847,
        0.9559,
        0.9765,
        0.9274
      ],
      "Cipher": [
        0.6428,
        0.8317,
        0.9455,
        0.2075,
        0.2617,
        0.9823,
        0.6542,
        0.8481,
        0.8224,
        0.4188
      ]
    },
    "mean": 0.7503666666666666,
    "slope": 0.00326597402597402,
    "volatility": 0.26659379718668
  },
  "diversity": {
    "by_speaker": {
      "Lyra": {
        "semantic_diversity": 0.4550408720970154,
        "ttr": 0.4577181208053691
      },
      "Cipher": {
        "semantic_diversity": 0.38709673285484314,
        "ttr": 0.426179604261796
      }
    },
    "global_ttr": 0.33238231098430815
  }
}