{
  "condition_id": "periso__cipher-persona__t07__r03",
  "topic": "Meaningful climate action and sustained economic growth are fundamentally incompatible",
  "turn_count": 21,
  "persona": {
    "by_speaker": {
      "Lyra": {
        "mean": 0.2866516579045599,
        "per_turn": [
          0.5309705360456447,
          0.22328824532553238,
          0.23152627478213053,
          0.19314920139209033,
          0.18975980160385306,
          0.25782457159244826,
          0.2379850754058853,
          0.2154592518476068,
          0.2681470255363398,
          0.21985523808734622,
          0.585203015331281
        ]
      },
      "Cipher": {
        "mean": 0.7746080737463984,
        "per_turn": [
          0.816862813658739,
          0.7993866443303226,
          0.7665290581833385,
          0.828683839588898,
          0.8027145234835388,
          0.7441448899991687,
          0.7786569470887571,
          0.7716732952930505,
          0.726815871220824,
          0.710612854617347
        ]
      }
    },
    "discrimination": {
      "Lyra": {
        "own_mean": 0.2867,
        "cross_mean": 0.7133,
        "gap": -0.4267
      },
      "Cipher": {
        "own_mean": 0.7746,
        "cross_mean": 0.2254,
        "gap": 0.5492
      }
    }
  },
  "coherence": {
    "per_turn": [
      null,
      0.6968374252319336,
      0.629940390586853,
      0.6017379760742188,
      0.661752462387085,
      0.7177778482437134,
      0.727199375629425,
      0.7808102965354919,
      0.6808263659477234,
      0.6560807824134827,
      0.369112491607666,
      0.5298045873641968,
      0.5780459046363831,
      0.7147730588912964,
      0.8144917488098145,
      0.6912119388580322,
      0.6635210514068604,
      0.8606867790222168,
      0.860371470451355,
      0.2829737961292267,
      0.4498762786388397
    ],
    "mean": 0.6483916014432907,
    "min": 0.2829737961292267
  },
  "topic_drift": {
    "per_turn": [
      0.7545095682144165,
      0.8446041941642761,
      0.5906223058700562,
      0.44833242893218994,
      0.5537971258163452,
      0.4396769404411316,
      0.41672882437705994,
      0.39668741822242737,
      0.4546855092048645,
      0.38896116614341736,
      0.15821573138237,
      0.3993869125843048,
      0.3601527512073517,
      0.451194703578949,
      0.5352185964584351,
      0.5422341227531433,
      0.7516621351242065,
      0.800338864326477,
      0.7743858098983765,
      0.19897902011871338,
      0.01522257924079895
    ],
    "mean": 0.48931412895520526,
    "min": 0.01522257924079895,
    "drift_slope": -0.009234449654430541
  },
  "sentiment": {
    "per_turn": [
      0.6908,
      0.9201,
      0.7476,
      0.7184,
      0.92,
      0.928,
      0.9427,
      -0.2846,
      0.7587,
      0.9025,
      0.4767,
      0.7469,
      0.9343,
      0.7579,
      -0.0013,
      0.0,
      0.8657,
      0.8303,
      0.9313,
      0.8832,
      0.9565
    ],
    "by_speaker": {
      "Lyra": [
        0.6908,
        0.7476,
        0.92,
        0.9427,
        0.7587,
        0.4767,
        0.9343,
        -0.0013,
        0.8657,
        0.9313,
        0.9565
      ],
      "Cipher": [
        0.9201,
        0.7184,
        0.928,
        -0.2846,
        0.9025,
        0.7469,
        0.7579,
        0.0,
        0.8303,
        0.8832
      ]
    },
    "mean": 0.6964619047619048,
    "slope": -0.0010920779220779198,
    "volatility": 0.345960934315657
  },
  "diversity": {
    "by_speaker": {
      "Lyra": {
        "semantic_diversity": 0.6141620874404907,
        "ttr": 0.5069767441860465
      },
      "Cipher": {
        "semantic_diversity": 0.6032346487045288,
        "ttr": 0.4815361890694239
      }
    },
    "global_ttr": 0.367624810892587
  }
}