{
  "condition_id": "periso__baseline__t00__r03",
  "topic": "AI will eliminate more jobs than it creates within the next decade",
  "turn_count": 21,
  "persona": {
    "by_speaker": {
      "Lyra": {
        "mean": 0.4832233562356331,
        "per_turn": [
          0.5005561042319056,
          0.5053334192025682,
          0.4518905984022694,
          0.5122714901710006,
          0.45166870805959053,
          0.49343803510238016,
          0.5473477962802717,
          0.5268899644463119,
          0.2575904629984781,
          0.5223229588860654,
          0.5461473808111226
        ]
      },
      "Cipher": {
        "mean": 0.7413526751332107,
        "per_turn": [
          0.7709500883318519,
          0.7761974410116663,
          0.7694321052766073,
          0.7380514067007792,
          0.7311805125453636,
          0.7351856380948913,
          0.708310955357732,
          0.7219501481325235,
          0.7386398970486189,
          0.7236285588320726
        ]
      }
    },
    "discrimination": {
      "Lyra": {
        "own_mean": 0.4832,
        "cross_mean": 0.5168,
        "gap": -0.0336
      },
      "Cipher": {
        "own_mean": 0.7414,
        "cross_mean": 0.2586,
        "gap": 0.4827
      }
    }
  },
  "coherence": {
    "per_turn": [
      null,
      0.7526082992553711,
      0.8242834806442261,
      0.7688450813293457,
      0.667662501335144,
      0.8071262836456299,
      0.6418384909629822,
      0.48927581310272217,
      0.6293467283248901,
      0.5840864181518555,
      0.6415253281593323,
      0.5919257402420044,
      0.7990745306015015,
      0.849936842918396,
      0.6779204607009888,
      0.5184352397918701,
      0.7460097074508667,
      0.8155933618545532,
      0.8438434600830078,
      0.6990995407104492,
      0.7298672199249268
    ],
    "mean": 0.7039152264595032,
    "min": 0.48927581310272217
  },
  "topic_drift": {
    "per_turn": [
      0.8430627584457397,
      0.7590886950492859,
      0.6760494709014893,
      0.6597261428833008,
      0.6333494186401367,
      0.6557225584983826,
      0.6670725345611572,
      0.26543816924095154,
      0.559654712677002,
      0.61115562915802,
      0.5550910234451294,
      0.3142009973526001,
      0.4203077554702759,
      0.4777185320854187,
      0.543957531452179,
      0.5600354671478271,
      0.7871036529541016,
      0.6525198817253113,
      0.6831071972846985,
      0.48550668358802795,
      0.636414647102356
    ],
    "mean": 0.5926801647458758,
    "min": 0.26543816924095154,
    "drift_slope": -0.005856985395604923
  },
  "sentiment": {
    "per_turn": [
      0.802,
      0.9115,
      0.9294,
      0.319,
      0.4497,
      0.25,
      -0.5483,
      0.2391,
      0.964,
      0.6486,
      0.8658,
      0.1791,
      -0.5423,
      0.765,
      0.9231,
      0.9801,
      0.886,
      0.9313,
      0.5927,
      0.9062,
      0.9509
    ],
    "by_speaker": {
      "Lyra": [
        0.802,
        0.9294,
        0.4497,
        -0.5483,
        0.964,
        0.8658,
        -0.5423,
        0.9231,
        0.886,
        0.5927,
        0.9509
      ],
      "Cipher": [
        0.9115,
        0.319,
        0.25,
        0.2391,
        0.6486,
        0.1791,
        0.765,
        0.9801,
        0.9313,
        0.9062
      ]
    },
    "mean": 0.5906142857142858,
    "slope": 0.017251038961038953,
    "volatility": 0.45195290661297705
  },
  "diversity": {
    "by_speaker": {
      "Lyra": {
        "semantic_diversity": 0.4130876064300537,
        "ttr": 0.438685208596713
      },
      "Cipher": {
        "semantic_diversity": 0.5478167533874512,
        "ttr": 0.41318977119784656
      }
    },
    "global_ttr": 0.3226857887874837
  }
}