{
  "condition_id": "periso__lyra-persona__t04__r01",
  "topic": "Strong government regulation of AI development will cause more harm than good",
  "turn_count": 21,
  "persona": {
    "by_speaker": {
      "Lyra": {
        "mean": 0.5075014647707493,
        "per_turn": [
          0.4585714811609587,
          0.4794304552966139,
          0.7204643671674473,
          0.7192814735717127,
          0.41502192878145266,
          0.45114690931939017,
          0.4802271915902674,
          0.4419532206852451,
          0.45333028724919344,
          0.4698828616711841,
          0.4932059359847772
        ]
      },
      "Cipher": {
        "mean": 0.7858020255841556,
        "per_turn": [
          0.8071083322716943,
          0.8223920890857442,
          0.8087882312988046,
          0.8284765383340605,
          0.822488667458261,
          0.7929213971775598,
          0.5799318445439573,
          0.7929820212676602,
          0.7892994819462416,
          0.8136316524575722
        ]
      }
    },
    "discrimination": {
      "Lyra": {
        "own_mean": 0.5075,
        "cross_mean": 0.4925,
        "gap": 0.015
      },
      "Cipher": {
        "own_mean": 0.7858,
        "cross_mean": 0.2142,
        "gap": 0.5716
      }
    }
  },
  "coherence": {
    "per_turn": [
      null,
      0.7236117124557495,
      0.8009436130523682,
      0.731492280960083,
      0.6715583205223083,
      0.5449270009994507,
      0.4414061903953552,
      0.5604342818260193,
      0.7973753809928894,
      0.589419960975647,
      0.6401270627975464,
      0.6575522422790527,
      0.7398694157600403,
      0.4694367051124573,
      0.697870135307312,
      0.8804521560668945,
      0.7348618507385254,
      0.8616218566894531,
      0.8007797002792358,
      0.6493175029754639,
      0.38841283321380615
    ],
    "mean": 0.669073510169983,
    "min": 0.38841283321380615
  },
  "topic_drift": {
    "per_turn": [
      0.8068683743476868,
      0.7559848427772522,
      0.7491084337234497,
      0.7572704553604126,
      0.5388278961181641,
      0.6371694207191467,
      0.49554723501205444,
      0.6662908792495728,
      0.6323292255401611,
      0.618492603302002,
      0.7069340944290161,
      0.6844362020492554,
      0.5204484462738037,
      0.5047721862792969,
      0.8094424605369568,
      0.7519509792327881,
      0.652450680732727,
      0.6710360050201416,
      0.6610568165779114,
      0.4765850901603699,
      0.640531063079834
    ],
    "mean": 0.654168256691524,
    "min": 0.4765850901603699,
    "drift_slope": -0.004697628067685416
  },
  "sentiment": {
    "per_turn": [
      0.936,
      0.4552,
      -0.4265,
      -0.7684,
      0.6159,
      0.7978,
      -0.4517,
      0.9136,
      0.9301,
      0.3071,
      0.9233,
      0.6836,
      0.8355,
      0.9061,
      0.5187,
      0.9474,
      0.9618,
      0.9678,
      0.8934,
      0.5574,
      0.9477
    ],
    "by_speaker": {
      "Lyra": [
        0.936,
        -0.4265,
        0.6159,
        -0.4517,
        0.9301,
        0.9233,
        0.8355,
        0.5187,
        0.9618,
        0.8934,
        0.9477
      ],
      "Cipher": [
        0.4552,
        -0.7684,
        0.7978,
        0.9136,
        0.3071,
        0.6836,
        0.9061,
        0.9474,
        0.9678,
        0.5574
      ]
    },
    "mean": 0.5929428571428571,
    "slope": 0.0397651948051948,
    "volatility": 0.5052356994243272
  },
  "diversity": {
    "by_speaker": {
      "Lyra": {
        "semantic_diversity": 0.41024312376976013,
        "ttr": 0.4877675840978593
      },
      "Cipher": {
        "semantic_diversity": 0.40577298402786255,
        "ttr": 0.5168738898756661
      }
    },
    "global_ttr": 0.3952341824157765
  }
}