{
  "condition_id": "periso__cipher-persona__t07__r01",
  "topic": "Meaningful climate action and sustained economic growth are fundamentally incompatible",
  "turn_count": 21,
  "persona": {
    "by_speaker": {
      "Lyra": {
        "mean": 0.2844010241639006,
        "per_turn": [
          0.2616205669746191,
          0.247244854599399,
          0.20571854316763682,
          0.4356566887976859,
          0.24179456046202139,
          0.2343677191564003,
          0.18310078910399463,
          0.20022295304514087,
          0.2830401375511456,
          0.3236944778321815,
          0.5119499751126815
        ]
      },
      "Cipher": {
        "mean": 0.7767264016606518,
        "per_turn": [
          0.7712121666658438,
          0.7872739907550368,
          0.7967843840635613,
          0.7877641272971047,
          0.7897320311750673,
          0.8183380421512192,
          0.7887946262400461,
          0.7634379399831785,
          0.7459031703084874,
          0.718023537966973
        ]
      }
    },
    "discrimination": {
      "Lyra": {
        "own_mean": 0.2844,
        "cross_mean": 0.7156,
        "gap": -0.4312
      },
      "Cipher": {
        "own_mean": 0.7767,
        "cross_mean": 0.2233,
        "gap": 0.5535
      }
    }
  },
  "coherence": {
    "per_turn": [
      null,
      0.7671078443527222,
      0.8038099408149719,
      0.676404595375061,
      0.7377787828445435,
      0.6325137615203857,
      0.6149897575378418,
      0.763072669506073,
      0.5501184463500977,
      0.6842786073684692,
      0.676824688911438,
      0.5697855949401855,
      0.6163145303726196,
      0.7656235694885254,
      0.5735656023025513,
      0.6429635286331177,
      0.2851812243461609,
      0.6114925146102905,
      0.6233279705047607,
      0.5039202570915222,
      0.5597538948059082
    ],
    "mean": 0.6329413890838623,
    "min": 0.2851812243461609
  },
  "topic_drift": {
    "per_turn": [
      0.7662210464477539,
      0.7749242186546326,
      0.6692008972167969,
      0.4210515022277832,
      0.3784492015838623,
      0.46090900897979736,
      0.4222668409347534,
      0.5192866921424866,
      0.43740254640579224,
      0.40534907579421997,
      0.23540452122688293,
      0.27480804920196533,
      0.2332906872034073,
      0.24734418094158173,
      0.06960989534854889,
      0.14472535252571106,
      0.24410942196846008,
      0.2065798044204712,
      0.23068642616271973,
      0.5396143198013306,
      0.6980186104774475
    ],
    "mean": 0.3990120142698288,
    "min": 0.06960989534854889,
    "drift_slope": -0.01683299756282337
  },
  "sentiment": {
    "per_turn": [
      0.782,
      0.8316,
      0.974,
      0.9552,
      0.9161,
      0.9681,
      0.8126,
      0.8393,
      0.3527,
      0.9231,
      -0.0772,
      0.9454,
      0.6486,
      0.9246,
      0.9468,
      0.8402,
      0.9583,
      0.9636,
      0.9423,
      0.9595,
      0.9392
    ],
    "by_speaker": {
      "Lyra": [
        0.782,
        0.974,
        0.9161,
        0.8126,
        0.3527,
        -0.0772,
        0.6486,
        0.9468,
        0.9583,
        0.9423,
        0.9392
      ],
      "Cipher": [
        0.8316,
        0.9552,
        0.9681,
        0.8393,
        0.9231,
        0.9454,
        0.9246,
        0.8402,
        0.9636,
        0.9595
      ]
    },
    "mean": 0.8259999999999998,
    "slope": 0.004608831168831162,
    "volatility": 0.24584983802545582
  },
  "diversity": {
    "by_speaker": {
      "Lyra": {
        "semantic_diversity": 0.6590378284454346,
        "ttr": 0.5166163141993958
      },
      "Cipher": {
        "semantic_diversity": 0.6322022676467896,
        "ttr": 0.5342706502636204
      }
    },
    "global_ttr": 0.40129975629569453
  }
}