{
  "condition_id": "periso__baseline__t02__r02",
  "topic": "Universal basic income would reduce workforce participation and innovation over time",
  "turn_count": 21,
  "persona": {
    "by_speaker": {
      "Lyra": {
        "mean": 0.44994941329467547,
        "per_turn": [
          0.48278406476928015,
          0.4614481536257278,
          0.46577545553107347,
          0.4317789577619634,
          0.4324128676267205,
          0.4058670492967601,
          0.4217604470029509,
          0.44622101341735215,
          0.433838248095516,
          0.46744982678360303,
          0.5001074623304831
        ]
      },
      "Cipher": {
        "mean": 0.8175940001254431,
        "per_turn": [
          0.8153947833374247,
          0.8066208197655393,
          0.8210611841758475,
          0.8416086462139378,
          0.8012227424011176,
          0.8261051210447099,
          0.8317844158524987,
          0.8042162637631175,
          0.8303759751254018,
          0.7975500495748373
        ]
      }
    },
    "discrimination": {
      "Lyra": {
        "own_mean": 0.4499,
        "cross_mean": 0.5501,
        "gap": -0.1001
      },
      "Cipher": {
        "own_mean": 0.8176,
        "cross_mean": 0.1824,
        "gap": 0.6352
      }
    }
  },
  "coherence": {
    "per_turn": [
      null,
      0.7835519313812256,
      0.7102541923522949,
      0.7017282843589783,
      0.6488133668899536,
      0.7200806140899658,
      0.9079879522323608,
      0.6929969787597656,
      0.7951946258544922,
      0.540982723236084,
      0.6651113629341125,
      0.6885251402854919,
      0.741970419883728,
      0.7704192399978638,
      0.7155394554138184,
      0.6189569234848022,
      0.9282971024513245,
      0.8910892605781555,
      0.9018383026123047,
      0.8661418557167053,
      0.6454030275344849
    ],
    "mean": 0.7467441380023956,
    "min": 0.540982723236084
  },
  "topic_drift": {
    "per_turn": [
      0.8869031071662903,
      0.8138768076896667,
      0.4531055986881256,
      0.44534146785736084,
      0.5024933815002441,
      0.5346065759658813,
      0.5216895341873169,
      0.38600167632102966,
      0.43117180466651917,
      0.44326093792915344,
      0.5096826553344727,
      0.4096933603286743,
      0.436309278011322,
      0.4172953963279724,
      0.5536768436431885,
      0.3910261392593384,
      0.4054524898529053,
      0.42973077297210693,
      0.40346837043762207,
      0.452057421207428,
      0.5032690167427063
    ],
    "mean": 0.49191012552806307,
    "min": 0.38600167632102966,
    "drift_slope": -0.011299607583454671
  },
  "sentiment": {
    "per_turn": [
      0.872,
      0.8479,
      0.6904,
      0.8647,
      -0.6597,
      0.8545,
      0.942,
      0.5574,
      0.9517,
      0.6815,
      0.6096,
      -0.1163,
      -0.0746,
      0.3265,
      0.8625,
      0.34,
      0.7559,
      0.2008,
      0.7003,
      0.9042,
      0.9286
    ],
    "by_speaker": {
      "Lyra": [
        0.872,
        0.6904,
        -0.6597,
        0.942,
        0.9517,
        0.6096,
        -0.0746,
        0.8625,
        0.7559,
        0.7003,
        0.9286
      ],
      "Cipher": [
        0.8479,
        0.8647,
        0.8545,
        0.5574,
        0.6815,
        -0.1163,
        0.3265,
        0.34,
        0.2008,
        0.9042
      ]
    },
    "mean": 0.5733285714285714,
    "slope": -0.0018641558441558346,
    "volatility": 0.41823204329751723
  },
  "diversity": {
    "by_speaker": {
      "Lyra": {
        "semantic_diversity": 0.45887309312820435,
        "ttr": 0.41203703703703703
      },
      "Cipher": {
        "semantic_diversity": 0.41928160190582275,
        "ttr": 0.46337579617834396
      }
    },
    "global_ttr": 0.3096514745308311
  }
}