{
  "condition_id": "periso__baseline__t06__r01",
  "topic": "Remote work has weakened organisational culture more than it has empowered individuals",
  "turn_count": 21,
  "persona": {
    "by_speaker": {
      "Lyra": {
        "mean": 0.4894498096120442,
        "per_turn": [
          0.5915799269921276,
          0.5875245170659444,
          0.5736539284637159,
          0.5494606911581933,
          0.22421930674278592,
          0.5022503813739774,
          0.5614477419612568,
          0.26897497821320493,
          0.5921926355493403,
          0.2804002679448432,
          0.6522435302670964
        ]
      },
      "Cipher": {
        "mean": 0.705009959806415,
        "per_turn": [
          0.6621831188781834,
          0.6427630789936821,
          0.7019033802923125,
          0.7769965663365673,
          0.6994597470619182,
          0.7204695888928925,
          0.7467069762908083,
          0.6970420375829642,
          0.7037150426650028,
          0.6988600610698185
        ]
      }
    },
    "discrimination": {
      "Lyra": {
        "own_mean": 0.4894,
        "cross_mean": 0.5106,
        "gap": -0.0211
      },
      "Cipher": {
        "own_mean": 0.705,
        "cross_mean": 0.295,
        "gap": 0.41
      }
    }
  },
  "coherence": {
    "per_turn": [
      null,
      0.6795559525489807,
      0.8179137110710144,
      0.6735320091247559,
      0.8043511509895325,
      0.5715007185935974,
      0.7487072944641113,
      0.6521893739700317,
      0.7899284958839417,
      0.573861300945282,
      0.7399594783782959,
      0.667199969291687,
      0.8110859990119934,
      0.7161014080047607,
      0.6857665181159973,
      0.3986109793186188,
      0.6760136485099792,
      0.6603101491928101,
      0.8760703802108765,
      0.5571722984313965,
      0.3062911331653595
    ],
    "mean": 0.6703060984611511,
    "min": 0.3062911331653595
  },
  "topic_drift": {
    "per_turn": [
      0.8053016662597656,
      0.7321252822875977,
      0.6205634474754333,
      0.7159833312034607,
      0.7101181149482727,
      0.6218354105949402,
      0.7113361358642578,
      0.754017174243927,
      0.6754926443099976,
      0.48662301898002625,
      0.48414862155914307,
      0.7175074219703674,
      0.6222498416900635,
      0.5497416257858276,
      0.5561033487319946,
      0.2938515543937683,
      0.4671920835971832,
      0.49821558594703674,
      0.5267962217330933,
      0.39847075939178467,
      0.7287936210632324
    ],
    "mean": 0.603641281525294,
    "min": 0.2938515543937683,
    "drift_slope": -0.01331080213769691
  },
  "sentiment": {
    "per_turn": [
      0.1779,
      0.5423,
      0.9545,
      0.7876,
      0.9625,
      0.8355,
      0.891,
      0.4497,
      0.8779,
      0.713,
      0.9306,
      0.9346,
      0.9017,
      0.7184,
      0.9182,
      0.8357,
      0.9245,
      0.8731,
      0.9584,
      0.705,
      0.9134
    ],
    "by_speaker": {
      "Lyra": [
        0.1779,
        0.9545,
        0.9625,
        0.891,
        0.8779,
        0.9306,
        0.9017,
        0.9182,
        0.9245,
        0.9584,
        0.9134
      ],
      "Cipher": [
        0.5423,
        0.7876,
        0.8355,
        0.4497,
        0.713,
        0.9346,
        0.7184,
        0.8357,
        0.8731,
        0.705
      ]
    },
    "mean": 0.8002619047619047,
    "slope": 0.013514415584415577,
    "volatility": 0.19333845841201325
  },
  "diversity": {
    "by_speaker": {
      "Lyra": {
        "semantic_diversity": 0.4239320158958435,
        "ttr": 0.42820838627700125
      },
      "Cipher": {
        "semantic_diversity": 0.5028876066207886,
        "ttr": 0.45805369127516776
      }
    },
    "global_ttr": 0.3304410701373825
  }
}