{
  "condition_id": "periso__lyra-persona__t01__r02",
  "topic": "Social media has done more harm than good to mental health and democracy",
  "turn_count": 21,
  "persona": {
    "by_speaker": {
      "Lyra": {
        "mean": 0.6361218407233644,
        "per_turn": [
          0.6210605675080294,
          0.6031310389986732,
          0.6626761015645,
          0.8571833392259128,
          0.5672821856910952,
          0.5687177813458069,
          0.7825005487333455,
          0.5787705368335473,
          0.5694084553381562,
          0.5880705614188912,
          0.5985391312990503
        ]
      },
      "Cipher": {
        "mean": 0.6727381486038373,
        "per_turn": [
          0.7710918710262697,
          0.6207085868486829,
          0.5931891430733941,
          0.6292579576588965,
          0.7129032564824713,
          0.6842182934922795,
          0.6781090702879059,
          0.6958705197445778,
          0.695238763577541,
          0.6467940238463535
        ]
      }
    },
    "discrimination": {
      "Lyra": {
        "own_mean": 0.6361,
        "cross_mean": 0.3639,
        "gap": 0.2722
      },
      "Cipher": {
        "own_mean": 0.6727,
        "cross_mean": 0.3273,
        "gap": 0.3455
      }
    }
  },
  "coherence": {
    "per_turn": [
      null,
      0.6900683641433716,
      0.7188082933425903,
      0.7229897975921631,
      0.6803282499313354,
      0.7791134119033813,
      0.673246443271637,
      0.8000484704971313,
      0.6768673658370972,
      0.513002872467041,
      0.4080839157104492,
      0.7215536832809448,
      0.5807539820671082,
      0.7379428148269653,
      0.6923558712005615,
      0.6988880634307861,
      0.6459999084472656,
      0.8525472283363342,
      0.38368549942970276,
      0.5916293859481812,
      0.29241055250167847
    ],
    "mean": 0.6430162087082862,
    "min": 0.29241055250167847
  },
  "topic_drift": {
    "per_turn": [
      0.7598733901977539,
      0.726115882396698,
      0.6401195526123047,
      0.5690330266952515,
      0.5456147789955139,
      0.5699094533920288,
      0.7641633749008179,
      0.6222843527793884,
      0.6613566875457764,
      0.23344586789608002,
      0.1890086531639099,
      0.16090933978557587,
      0.1761033833026886,
      0.19476786255836487,
      0.12269006669521332,
      0.4594018757343292,
      0.3743104934692383,
      0.18247060477733612,
      0.7178149819374084,
      0.24811741709709167,
      0.04648203030228615
    ],
    "mean": 0.4268568131540503,
    "min": 0.04648203030228615,
    "drift_slope": -0.02596379577532992
  },
  "sentiment": {
    "per_turn": [
      0.0387,
      0.1531,
      0.4295,
      0.9331,
      -0.7862,
      -0.5236,
      0.3134,
      0.6866,
      0.3291,
      0.8261,
      0.6597,
      0.9339,
      0.9223,
      0.4501,
      0.2874,
      0.8834,
      0.6513,
      0.9135,
      0.8357,
      0.9529,
      0.9678
    ],
    "by_speaker": {
      "Lyra": [
        0.0387,
        0.4295,
        -0.7862,
        0.3134,
        0.3291,
        0.6597,
        0.9223,
        0.2874,
        0.6513,
        0.8357,
        0.9678
      ],
      "Cipher": [
        0.1531,
        0.9331,
        -0.5236,
        0.6866,
        0.8261,
        0.9339,
        0.4501,
        0.8834,
        0.9135,
        0.9529
      ]
    },
    "mean": 0.5170380952380952,
    "slope": 0.04641857142857143,
    "volatility": 0.47530241348328806
  },
  "diversity": {
    "by_speaker": {
      "Lyra": {
        "semantic_diversity": 0.6291194558143616,
        "ttr": 0.4078549848942598
      },
      "Cipher": {
        "semantic_diversity": 0.6684719324111938,
        "ttr": 0.4532871972318339
      }
    },
    "global_ttr": 0.33064516129032256
  }
}