{
  "condition_id": "periso__baseline__t07__r03",
  "topic": "Meaningful climate action and sustained economic growth are fundamentally incompatible",
  "turn_count": 21,
  "persona": {
    "by_speaker": {
      "Lyra": {
        "mean": 0.510714961476783,
        "per_turn": [
          0.5007351579424775,
          0.5090862642692955,
          0.5468706585685819,
          0.47468217933172946,
          0.5080016010812637,
          0.5052725508383482,
          0.5234105073254025,
          0.5115363897775812,
          0.4712043855569539,
          0.5259563838480122,
          0.5411084977049665
        ]
      },
      "Cipher": {
        "mean": 0.7514606173255947,
        "per_turn": [
          0.8285222259033094,
          0.7081758473255332,
          0.7313844904318831,
          0.7674107033149133,
          0.7291312999753723,
          0.7569335994449978,
          0.7571455785221082,
          0.7579853965896793,
          0.7147934791025176,
          0.7631235526456333
        ]
      }
    },
    "discrimination": {
      "Lyra": {
        "own_mean": 0.5107,
        "cross_mean": 0.4893,
        "gap": 0.0214
      },
      "Cipher": {
        "own_mean": 0.7515,
        "cross_mean": 0.2485,
        "gap": 0.5029
      }
    }
  },
  "coherence": {
    "per_turn": [
      null,
      0.7468855381011963,
      0.7441325187683105,
      0.6360577344894409,
      0.7845276594161987,
      0.7944738864898682,
      0.7047737240791321,
      0.665925145149231,
      0.5848708748817444,
      0.7454689145088196,
      0.7408713698387146,
      0.6649329662322998,
      0.5745300054550171,
      0.6017231941223145,
      0.637263298034668,
      0.7029542326927185,
      0.5032659769058228,
      0.5042875409126282,
      0.6507731080055237,
      0.4818928837776184,
      0.3388524651527405
    ],
    "mean": 0.6404231518507004,
    "min": 0.3388524651527405
  },
  "topic_drift": {
    "per_turn": [
      0.794000506401062,
      0.7518523931503296,
      0.5841495990753174,
      0.6652331352233887,
      0.6006454229354858,
      0.6494367122650146,
      0.5336127281188965,
      0.5340580940246582,
      0.630944550037384,
      0.5817937850952148,
      0.45074519515037537,
      0.2981955409049988,
      0.5061789751052856,
      0.44373607635498047,
      0.5167953968048096,
      0.6019830703735352,
      0.4054572880268097,
      0.3605317771434784,
      0.6650347709655762,
      0.21978959441184998,
      0.6347092986106873
    ],
    "mean": 0.5442325671513876,
    "min": 0.21978959441184998,
    "drift_slope": -0.013178009336644947
  },
  "sentiment": {
    "per_turn": [
      0.8834,
      0.9217,
      0.872,
      0.8548,
      0.7546,
      0.7096,
      0.5157,
      0.9224,
      -0.4429,
      0.7277,
      -0.9218,
      -0.871,
      0.7351,
      0.9595,
      0.049,
      0.9081,
      0.7063,
      0.9081,
      0.9164,
      0.5647,
      0.9393
    ],
    "by_speaker": {
      "Lyra": [
        0.8834,
        0.872,
        0.7546,
        0.5157,
        -0.4429,
        -0.9218,
        0.7351,
        0.049,
        0.7063,
        0.9164,
        0.9393
      ],
      "Cipher": [
        0.9217,
        0.8548,
        0.7096,
        0.9224,
        0.7277,
        -0.871,
        0.9595,
        0.9081,
        0.9081,
        0.5647
      ]
    },
    "mean": 0.5529857142857142,
    "slope": -0.002884675324675313,
    "volatility": 0.572198995759604
  },
  "diversity": {
    "by_speaker": {
      "Lyra": {
        "semantic_diversity": 0.47264769673347473,
        "ttr": 0.44155844155844154
      },
      "Cipher": {
        "semantic_diversity": 0.5795533657073975,
        "ttr": 0.4791666666666667
      }
    },
    "global_ttr": 0.3550932568149211
  }
}