{
  "condition_id": "periso__lyra-persona__t01__r03",
  "topic": "Social media has done more harm than good to mental health and democracy",
  "turn_count": 21,
  "persona": {
    "by_speaker": {
      "Lyra": {
        "mean": 0.5392985398737082,
        "per_turn": [
          0.5958655385119429,
          0.566448415176243,
          0.7686934390611022,
          0.2822767052551441,
          0.6066334117651396,
          0.5725765225014148,
          0.5246072565867124,
          0.5199448701563973,
          0.4664552104898296,
          0.4388655034175456,
          0.5899170656893193
        ]
      },
      "Cipher": {
        "mean": 0.7499210492547744,
        "per_turn": [
          0.7227333941403837,
          0.6917277483903344,
          0.7349427536452612,
          0.7192068677672971,
          0.6779494637689996,
          0.7422528808275091,
          0.7836224959551297,
          0.80457856346278,
          0.8305546328304625,
          0.7916416917595877
        ]
      }
    },
    "discrimination": {
      "Lyra": {
        "own_mean": 0.5393,
        "cross_mean": 0.4607,
        "gap": 0.0786
      },
      "Cipher": {
        "own_mean": 0.7499,
        "cross_mean": 0.2501,
        "gap": 0.4998
      }
    }
  },
  "coherence": {
    "per_turn": [
      null,
      0.637808084487915,
      0.6066470146179199,
      0.7814844846725464,
      0.6880507469177246,
      0.5168842673301697,
      0.5659916400909424,
      0.6304494142532349,
      0.6737775206565857,
      0.6349450349807739,
      0.584301233291626,
      0.5870620012283325,
      0.6091902256011963,
      0.6218202114105225,
      0.5365196466445923,
      0.35996609926223755,
      0.7668176293373108,
      0.6420666575431824,
      0.7296674251556396,
      0.6241065859794617,
      0.3309279680252075
    ],
    "mean": 0.606424194574356,
    "min": 0.3309279680252075
  },
  "topic_drift": {
    "per_turn": [
      0.6700534820556641,
      0.8169978260993958,
      0.5723319053649902,
      0.603607714176178,
      0.5954802632331848,
      0.32587623596191406,
      0.5690435171127319,
      0.4822251796722412,
      0.5240962505340576,
      0.41784313321113586,
      0.4313376545906067,
      0.25067630410194397,
      0.41143959760665894,
      0.24109427630901337,
      0.5029332637786865,
      0.24673646688461304,
      0.26855209469795227,
      0.12056794762611389,
      0.22804799675941467,
      0.485044002532959,
      0.623991847038269
    ],
    "mean": 0.4470465218737012,
    "min": 0.12056794762611389,
    "drift_slope": -0.017300431314226865
  },
  "sentiment": {
    "per_turn": [
      0.743,
      -0.6136,
      -0.0663,
      -0.8225,
      0.7282,
      0.34,
      0.1171,
      0.6942,
      0.8233,
      0.9108,
      0.1531,
      0.8353,
      0.6124,
      0.5789,
      0.759,
      0.6269,
      0.2617,
      0.5786,
      0.4927,
      0.9673,
      0.9392
    ],
    "by_speaker": {
      "Lyra": [
        0.743,
        -0.0663,
        0.7282,
        0.1171,
        0.8233,
        0.1531,
        0.6124,
        0.759,
        0.2617,
        0.4927,
        0.9392
      ],
      "Cipher": [
        -0.6136,
        -0.8225,
        0.34,
        0.6942,
        0.9108,
        0.8353,
        0.5789,
        0.6269,
        0.5786,
        0.9673
      ]
    },
    "mean": 0.4599666666666667,
    "slope": 0.04003857142857144,
    "volatility": 0.47205599176906904
  },
  "diversity": {
    "by_speaker": {
      "Lyra": {
        "semantic_diversity": 0.5587083697319031,
        "ttr": 0.5
      },
      "Cipher": {
        "semantic_diversity": 0.6087478399276733,
        "ttr": 0.5108514190317195
      }
    },
    "global_ttr": 0.3925925925925926
  }
}