{
  "condition_id": "periso__cipher-persona__t03__r03",
  "topic": "The resources spent on space exploration would produce greater good if redirected to Earth's problems",
  "turn_count": 21,
  "persona": {
    "by_speaker": {
      "Lyra": {
        "mean": 0.3906134199559385,
        "per_turn": [
          0.5571016443589273,
          0.2870233481539616,
          0.2541128209542523,
          0.5067526496996284,
          0.2975052570446552,
          0.2618774895322996,
          0.5331343095468017,
          0.23815859766579645,
          0.26533136838498145,
          0.5101202739541786,
          0.5856298602198408
        ]
      },
      "Cipher": {
        "mean": 0.7300470888284422,
        "per_turn": [
          0.7564733555936889,
          0.7569986617386821,
          0.7028633432729896,
          0.7552812210722174,
          0.7583136558183212,
          0.7217030308319826,
          0.7837052901321491,
          0.7826869932604283,
          0.8052664157187288,
          0.47717892084523383
        ]
      }
    },
    "discrimination": {
      "Lyra": {
        "own_mean": 0.3906,
        "cross_mean": 0.6094,
        "gap": -0.2188
      },
      "Cipher": {
        "own_mean": 0.73,
        "cross_mean": 0.27,
        "gap": 0.4601
      }
    }
  },
  "coherence": {
    "per_turn": [
      null,
      0.5088222622871399,
      0.5599004030227661,
      0.7903408408164978,
      0.6151925325393677,
      0.7174755334854126,
      0.676537275314331,
      0.7883341312408447,
      0.718595564365387,
      0.5592829585075378,
      0.5956225395202637,
      0.6609596610069275,
      0.6209285855293274,
      0.69781094789505,
      0.4802907407283783,
      0.7915330529212952,
      0.708491325378418,
      0.618901252746582,
      0.5545051097869873,
      0.8039834499359131,
      0.4086982011795044
    ],
    "mean": 0.6438103184103966,
    "min": 0.4086982011795044
  },
  "topic_drift": {
    "per_turn": [
      0.6199979782104492,
      0.7346188426017761,
      0.4455942213535309,
      0.45995789766311646,
      0.5726780891418457,
      0.5926048755645752,
      0.5056167840957642,
      0.4307202100753784,
      0.6052062511444092,
      0.4064708948135376,
      0.5845680832862854,
      0.45475536584854126,
      0.45827507972717285,
      0.30108508467674255,
      0.5645531415939331,
      0.5358420014381409,
      0.38274702429771423,
      0.18845954537391663,
      0.4768948554992676,
      0.5671358108520508,
      0.4328027665615082
    ],
    "mean": 0.49145641922950745,
    "min": 0.18845954537391663,
    "drift_slope": -0.00889807970492872
  },
  "sentiment": {
    "per_turn": [
      0.4404,
      0.872,
      0.9383,
      0.9195,
      0.8494,
      0.4767,
      0.7135,
      0.8908,
      0.8572,
      0.089,
      0.6124,
      0.7269,
      0.8735,
      0.5574,
      -0.0129,
      0.836,
      0.8851,
      0.8074,
      0.5859,
      0.7579,
      0.9678
    ],
    "by_speaker": {
      "Lyra": [
        0.4404,
        0.9383,
        0.8494,
        0.7135,
        0.8572,
        0.6124,
        0.8735,
        -0.0129,
        0.8851,
        0.5859,
        0.9678
      ],
      "Cipher": [
        0.872,
        0.9195,
        0.4767,
        0.8908,
        0.089,
        0.7269,
        0.5574,
        0.836,
        0.8074,
        0.7579
      ]
    },
    "mean": 0.6973428571428572,
    "slope": -0.0007550649350649298,
    "volatility": 0.2607717147446869
  },
  "diversity": {
    "by_speaker": {
      "Lyra": {
        "semantic_diversity": 0.4629398286342621,
        "ttr": 0.47717231222385864
      },
      "Cipher": {
        "semantic_diversity": 0.5641712546348572,
        "ttr": 0.4769475357710652
      }
    },
    "global_ttr": 0.3516819571865443
  }
}