{
  "condition_id": "periso__lyra-persona__t06__r03",
  "topic": "Remote work has weakened organisational culture more than it has empowered individuals",
  "turn_count": 21,
  "persona": {
    "by_speaker": {
      "Lyra": {
        "mean": 0.5932683640052422,
        "per_turn": [
          0.5751194330392042,
          0.6309303548267081,
          0.5578543279758609,
          0.589839418331858,
          0.5386349308333513,
          0.526612232877926,
          0.7529726673155203,
          0.5309414023472943,
          0.6080376365595308,
          0.610114504350997,
          0.6048950955994135
        ]
      },
      "Cipher": {
        "mean": 0.6768458220659996,
        "per_turn": [
          0.7294978272585577,
          0.6423846366538488,
          0.5021787101827545,
          0.7155735512419655,
          0.7404478719179413,
          0.7611507399714752,
          0.7218928268967406,
          0.6941578383218187,
          0.6187129092678155,
          0.6424613089470779
        ]
      }
    },
    "discrimination": {
      "Lyra": {
        "own_mean": 0.5933,
        "cross_mean": 0.4067,
        "gap": 0.1865
      },
      "Cipher": {
        "own_mean": 0.6768,
        "cross_mean": 0.3232,
        "gap": 0.3537
      }
    }
  },
  "coherence": {
    "per_turn": [
      null,
      0.7145383358001709,
      0.6534245014190674,
      0.5093387365341187,
      0.5672152042388916,
      0.6223114728927612,
      0.48690950870513916,
      0.47824737429618835,
      0.5095329880714417,
      0.5340907573699951,
      0.5570282936096191,
      0.7188115119934082,
      0.7648025155067444,
      0.6663577556610107,
      0.8572862148284912,
      0.5304717421531677,
      0.7392663955688477,
      0.8001914620399475,
      0.7653781175613403,
      0.5451255440711975,
      0.5737426280975342
    ],
    "mean": 0.6297035530209542,
    "min": 0.47824737429618835
  },
  "topic_drift": {
    "per_turn": [
      0.766251802444458,
      0.7691144943237305,
      0.4339834451675415,
      0.21630364656448364,
      0.23381027579307556,
      0.2879214286804199,
      0.4016982913017273,
      0.2895813584327698,
      0.16401886940002441,
      0.08101210743188858,
      0.46019449830055237,
      0.39001068472862244,
      0.5461302995681763,
      0.6074273586273193,
      0.6609949469566345,
      0.4858441650867462,
      0.4526312053203583,
      0.4770403504371643,
      0.5308140516281128,
      0.2657749056816101,
      0.6658438444137573
    ],
    "mean": 0.43744771572805585,
    "min": 0.08101210743188858,
    "drift_slope": 0.0031586379490115457
  },
  "sentiment": {
    "per_turn": [
      0.4215,
      0.3612,
      0.7227,
      0.2263,
      0.4404,
      0.8003,
      0.8076,
      0.6808,
      0.9153,
      0.4939,
      0.0147,
      0.9355,
      0.714,
      0.6369,
      0.7184,
      0.9382,
      0.945,
      0.9062,
      0.9403,
      0.8402,
      0.7003
    ],
    "by_speaker": {
      "Lyra": [
        0.4215,
        0.7227,
        0.4404,
        0.8076,
        0.9153,
        0.0147,
        0.714,
        0.7184,
        0.945,
        0.9403,
        0.7003
      ],
      "Cipher": [
        0.3612,
        0.2263,
        0.8003,
        0.6808,
        0.4939,
        0.9355,
        0.6369,
        0.9382,
        0.9062,
        0.8402
      ]
    },
    "mean": 0.6742714285714286,
    "slope": 0.021904805194805196,
    "volatility": 0.2533470124305456
  },
  "diversity": {
    "by_speaker": {
      "Lyra": {
        "semantic_diversity": 0.5454695820808411,
        "ttr": 0.44130127298444133
      },
      "Cipher": {
        "semantic_diversity": 0.6469586491584778,
        "ttr": 0.48342059336823734
      }
    },
    "global_ttr": 0.3515625
  }
}