{
  "condition_id": "periso__cipher-persona__t06__r03",
  "topic": "Remote work has weakened organisational culture more than it has empowered individuals",
  "turn_count": 21,
  "persona": {
    "by_speaker": {
      "Lyra": {
        "mean": 0.41879540023548567,
        "per_turn": [
          0.4972142453891983,
          0.2891749017854271,
          0.49277457949097064,
          0.26877061263475943,
          0.23054497978408184,
          0.5424010059163507,
          0.2583581134865335,
          0.474914893286234,
          0.5157728834038096,
          0.44408418530697447,
          0.5927390021060026
        ]
      },
      "Cipher": {
        "mean": 0.7529425932960302,
        "per_turn": [
          0.7613225404060395,
          0.6906089710282234,
          0.741655306200081,
          0.7440603643124615,
          0.7475416589783053,
          0.7530222481400295,
          0.7509304087260391,
          0.7805442841409432,
          0.7689349294314314,
          0.7908052215967479
        ]
      }
    },
    "discrimination": {
      "Lyra": {
        "own_mean": 0.4188,
        "cross_mean": 0.5812,
        "gap": -0.1624
      },
      "Cipher": {
        "own_mean": 0.7529,
        "cross_mean": 0.2471,
        "gap": 0.5059
      }
    }
  },
  "coherence": {
    "per_turn": [
      null,
      0.785200834274292,
      0.7677732706069946,
      0.7177481651306152,
      0.7514041066169739,
      0.6650558710098267,
      0.46172434091567993,
      0.41249188780784607,
      0.7621289491653442,
      0.7811875343322754,
      0.8448966145515442,
      0.7163369059562683,
      0.6795686483383179,
      0.7005690336227417,
      0.47377026081085205,
      0.5903633236885071,
      0.5316288471221924,
      0.5971323251724243,
      0.6115766763687134,
      0.6533390283584595,
      0.2577478885650635
    ],
    "mean": 0.6380822256207466,
    "min": 0.2577478885650635
  },
  "topic_drift": {
    "per_turn": [
      0.7873724699020386,
      0.8728593587875366,
      0.7308973073959351,
      0.7370180487632751,
      0.6762758493423462,
      0.7000781297683716,
      0.2997927963733673,
      0.6314525604248047,
      0.6710555553436279,
      0.7905440330505371,
      0.8185160756111145,
      0.753200888633728,
      0.5198222994804382,
      0.4598101079463959,
      0.3801579177379608,
      0.29639968276023865,
      0.5926198959350586,
      0.29396095871925354,
      0.5348218083381653,
      0.2437134087085724,
      0.7245491743087769
    ],
    "mean": 0.5959484917776925,
    "min": 0.2437134087085724,
    "drift_slope": -0.018200200796127327
  },
  "sentiment": {
    "per_turn": [
      0.4588,
      0.0772,
      0.8754,
      0.3094,
      0.6369,
      -0.8481,
      0.431,
      -0.168,
      0.3948,
      0.5994,
      -0.5187,
      0.4767,
      -0.5423,
      -0.34,
      0.3182,
      0.6369,
      0.25,
      0.8481,
      0.5719,
      0.5423,
      0.9682
    ],
    "by_speaker": {
      "Lyra": [
        0.4588,
        0.8754,
        0.6369,
        0.431,
        0.3948,
        -0.5187,
        -0.5423,
        0.3182,
        0.25,
        0.5719,
        0.9682
      ],
      "Cipher": [
        0.0772,
        0.3094,
        -0.8481,
        -0.168,
        0.5994,
        0.4767,
        -0.34,
        0.6369,
        0.8481,
        0.5423
      ]
    },
    "mean": 0.2846714285714286,
    "slope": 0.016574415584415577,
    "volatility": 0.4871678415601138
  },
  "diversity": {
    "by_speaker": {
      "Lyra": {
        "semantic_diversity": 0.4988296926021576,
        "ttr": 0.454421768707483
      },
      "Cipher": {
        "semantic_diversity": 0.5281311869621277,
        "ttr": 0.44153846153846155
      }
    },
    "global_ttr": 0.3379061371841155
  }
}