{
  "condition_id": "periso__lyra-persona__t00__r01",
  "topic": "AI will eliminate more jobs than it creates within the next decade",
  "turn_count": 21,
  "persona": {
    "by_speaker": {
      "Lyra": {
        "mean": 0.49615918932348835,
        "per_turn": [
          0.4861379329075913,
          0.5020905422486903,
          0.43401727259131573,
          0.456304056262689,
          0.7099531758509096,
          0.5214935271572545,
          0.4406821172939961,
          0.4218598709739818,
          0.46266203614170043,
          0.479337892266494,
          0.5432126588637494
        ]
      },
      "Cipher": {
        "mean": 0.7807441937294153,
        "per_turn": [
          0.7512205678679329,
          0.7517389839222512,
          0.8114350196008943,
          0.8028198321396298,
          0.7883077879028465,
          0.7377308599522304,
          0.8043056585999251,
          0.8180445918375494,
          0.7891106272113875,
          0.7527280082595054
        ]
      }
    },
    "discrimination": {
      "Lyra": {
        "own_mean": 0.4962,
        "cross_mean": 0.5038,
        "gap": -0.0077
      },
      "Cipher": {
        "own_mean": 0.7807,
        "cross_mean": 0.2193,
        "gap": 0.5615
      }
    }
  },
  "coherence": {
    "per_turn": [
      null,
      0.6732453107833862,
      0.7814557552337646,
      0.8282164931297302,
      0.6335394978523254,
      0.6694573163986206,
      0.572348415851593,
      0.7230648994445801,
      0.6875971555709839,
      0.6615872979164124,
      0.6489889621734619,
      0.6980579495429993,
      0.5986236929893494,
      0.6671589612960815,
      0.8616677522659302,
      0.7533139586448669,
      0.6494370698928833,
      0.7828314304351807,
      0.667043924331665,
      0.6604883670806885,
      0.40766310691833496
    ],
    "mean": 0.6812893658876419,
    "min": 0.40766310691833496
  },
  "topic_drift": {
    "per_turn": [
      0.867916464805603,
      0.7030982375144958,
      0.5507189035415649,
      0.5274440050125122,
      0.6162087917327881,
      0.5914434790611267,
      0.47237110137939453,
      0.5035247206687927,
      0.5153770446777344,
      0.5089746713638306,
      0.27210575342178345,
      0.5036616325378418,
      0.3995882272720337,
      0.42751544713974,
      0.492106556892395,
      0.5049906969070435,
      0.4432773292064667,
      0.4627862274646759,
      0.35725563764572144,
      0.2568894922733307,
      0.5119807124137878
    ],
    "mean": 0.49948738728250774,
    "min": 0.2568894922733307,
    "drift_slope": -0.014845943063884579
  },
  "sentiment": {
    "per_turn": [
      0.5859,
      0.6486,
      0.9146,
      0.6187,
      0.1847,
      0.7615,
      0.932,
      0.8271,
      0.8583,
      0.4939,
      -0.5841,
      -0.2263,
      0.5661,
      0.5577,
      -0.0067,
      0.1596,
      0.9463,
      0.8966,
      0.9781,
      0.9274,
      0.9558
    ],
    "by_speaker": {
      "Lyra": [
        0.5859,
        0.9146,
        0.1847,
        0.932,
        0.8583,
        -0.5841,
        0.5661,
        -0.0067,
        0.9463,
        0.9781,
        0.9558
      ],
      "Cipher": [
        0.6486,
        0.6187,
        0.7615,
        0.8271,
        0.4939,
        -0.2263,
        0.5577,
        0.1596,
        0.8966,
        0.9274
      ]
    },
    "mean": 0.5712285714285714,
    "slope": 0.005654545454545452,
    "volatility": 0.42298880334484273
  },
  "diversity": {
    "by_speaker": {
      "Lyra": {
        "semantic_diversity": 0.5528376698493958,
        "ttr": 0.49765258215962443
      },
      "Cipher": {
        "semantic_diversity": 0.5267909169197083,
        "ttr": 0.4866920152091255
      }
    },
    "global_ttr": 0.3708154506437768
  }
}