{
  "condition_id": "periso__lyra-persona__t00__r02",
  "topic": "AI will eliminate more jobs than it creates within the next decade",
  "turn_count": 21,
  "persona": {
    "by_speaker": {
      "Lyra": {
        "mean": 0.4929957985272628,
        "per_turn": [
          0.5245658497727012,
          0.27450870882184836,
          0.4730523842472989,
          0.49123000009351436,
          0.7010305231485765,
          0.4661006638097759,
          0.4945258881900264,
          0.46866073110899326,
          0.5081018933603936,
          0.49099156884262884,
          0.5301855724041328
        ]
      },
      "Cipher": {
        "mean": 0.768946250009295,
        "per_turn": [
          0.8344367582068639,
          0.7704593052476687,
          0.7392218920106107,
          0.8138921990517844,
          0.7160299605237073,
          0.7682769096734681,
          0.7774311183730389,
          0.7881704826192693,
          0.734426768903371,
          0.747117105483168
        ]
      }
    },
    "discrimination": {
      "Lyra": {
        "own_mean": 0.493,
        "cross_mean": 0.507,
        "gap": -0.014
      },
      "Cipher": {
        "own_mean": 0.7689,
        "cross_mean": 0.2311,
        "gap": 0.5379
      }
    }
  },
  "coherence": {
    "per_turn": [
      null,
      0.6724269390106201,
      0.625340461730957,
      0.679451584815979,
      0.671898365020752,
      0.45015639066696167,
      0.6383073925971985,
      0.686579167842865,
      0.6575812101364136,
      0.5557202100753784,
      0.6136230230331421,
      0.5225299000740051,
      0.6361342668533325,
      0.73758864402771,
      0.4355755150318146,
      0.570946991443634,
      0.5781961679458618,
      0.7172114253044128,
      0.7474356889724731,
      0.7991909980773926,
      0.4792962968349457
    ],
    "mean": 0.6237595319747925,
    "min": 0.4355755150318146
  },
  "topic_drift": {
    "per_turn": [
      0.8156116008758545,
      0.6472240686416626,
      0.5459897518157959,
      0.6758009791374207,
      0.6797932386398315,
      0.36565959453582764,
      0.31320735812187195,
      0.47672513127326965,
      0.5217770934104919,
      0.32548344135284424,
      0.4169057011604309,
      0.2746713161468506,
      0.28922659158706665,
      0.22007496654987335,
      0.5499144196510315,
      0.41109931468963623,
      0.6087856292724609,
      0.4040205478668213,
      0.5591468214988708,
      0.5081006288528442,
      0.5774434208869934
    ],
    "mean": 0.4850791245698929,
    "min": 0.22007496654987335,
    "drift_slope": -0.007751794352933956
  },
  "sentiment": {
    "per_turn": [
      0.34,
      0.4555,
      0.3884,
      0.1901,
      0.4767,
      -0.1502,
      0.4698,
      0.7543,
      0.8998,
      0.714,
      0.8645,
      0.765,
      0.9337,
      0.7041,
      -0.0258,
      0.0516,
      0.3612,
      0.6808,
      0.8271,
      0.8591,
      0.9485
    ],
    "by_speaker": {
      "Lyra": [
        0.34,
        0.3884,
        0.4767,
        0.4698,
        0.8998,
        0.8645,
        0.9337,
        -0.0258,
        0.3612,
        0.8271,
        0.9485
      ],
      "Cipher": [
        0.4555,
        0.1901,
        -0.1502,
        0.7543,
        0.714,
        0.765,
        0.7041,
        0.0516,
        0.6808,
        0.8591
      ]
    },
    "mean": 0.5480095238095237,
    "slope": 0.019433376623376627,
    "volatility": 0.32231370537288956
  },
  "diversity": {
    "by_speaker": {
      "Lyra": {
        "semantic_diversity": 0.5338918566703796,
        "ttr": 0.45285714285714285
      },
      "Cipher": {
        "semantic_diversity": 0.606927216053009,
        "ttr": 0.5141903171953256
      }
    },
    "global_ttr": 0.36566589684372597
  }
}