{
  "condition_id": "periso__lyra-persona__t07__r02",
  "topic": "Meaningful climate action and sustained economic growth are fundamentally incompatible",
  "turn_count": 21,
  "persona": {
    "by_speaker": {
      "Lyra": {
        "mean": 0.5734943591237939,
        "per_turn": [
          0.48821095365218414,
          0.5047807298410218,
          0.7642125002544233,
          0.4523052982538665,
          0.5098863226484617,
          0.7764271139743979,
          0.48332123838547286,
          0.7378931692022049,
          0.4982733165602768,
          0.46532682095855216,
          0.6278004866308708
        ]
      },
      "Cipher": {
        "mean": 0.7650214811578543,
        "per_turn": [
          0.7955879564753144,
          0.755702093999676,
          0.7710003228137318,
          0.7602281690063553,
          0.7653324204946206,
          0.7732691056033187,
          0.7534694856089351,
          0.7564185113558201,
          0.7760429985807971,
          0.7431637476399738
        ]
      }
    },
    "discrimination": {
      "Lyra": {
        "own_mean": 0.5735,
        "cross_mean": 0.4265,
        "gap": 0.147
      },
      "Cipher": {
        "own_mean": 0.765,
        "cross_mean": 0.235,
        "gap": 0.53
      }
    }
  },
  "coherence": {
    "per_turn": [
      null,
      0.6485984921455383,
      0.6108779907226562,
      0.7874449491500854,
      0.5446076393127441,
      0.6370224356651306,
      0.7678684592247009,
      0.634083092212677,
      0.7671557068824768,
      0.688367486000061,
      0.6417281627655029,
      0.5891109108924866,
      0.6543848514556885,
      0.6407530307769775,
      0.700467586517334,
      0.595635175704956,
      0.6211390495300293,
      0.6222918033599854,
      0.4918729364871979,
      0.6770550012588501,
      0.0012042969465255737
    ],
    "mean": 0.6160834528505802,
    "min": 0.0012042969465255737
  },
  "topic_drift": {
    "per_turn": [
      0.6865426301956177,
      0.7337215542793274,
      0.5628249049186707,
      0.4917562007904053,
      0.6029983162879944,
      0.39150530099868774,
      0.5038529634475708,
      0.46930161118507385,
      0.4451930522918701,
      0.28863078355789185,
      0.32838138937950134,
      0.28373628854751587,
      0.16921469569206238,
      0.15033148229122162,
      0.24294397234916687,
      0.3272548317909241,
      0.42848432064056396,
      0.22351831197738647,
      0.22601720690727234,
      0.3287251591682434,
      -0.03350294753909111
    ],
    "mean": 0.3738777156741846,
    "min": -0.03350294753909111,
    "drift_slope": -0.025121148075763277
  },
  "sentiment": {
    "per_turn": [
      0.8541,
      0.91,
      0.81,
      0.9145,
      -0.6498,
      0.6162,
      0.9565,
      0.8537,
      0.796,
      0.2498,
      0.5407,
      0.8705,
      0.9509,
      0.4678,
      0.8059,
      0.8881,
      0.9153,
      0.9127,
      0.9201,
      0.808,
      0.9783
    ],
    "by_speaker": {
      "Lyra": [
        0.8541,
        0.81,
        -0.6498,
        0.9565,
        0.796,
        0.5407,
        0.9509,
        0.8059,
        0.9153,
        0.9201,
        0.9783
      ],
      "Cipher": [
        0.91,
        0.9145,
        0.6162,
        0.8537,
        0.2498,
        0.8705,
        0.4678,
        0.8881,
        0.9127,
        0.808
      ]
    },
    "mean": 0.7318714285714285,
    "slope": 0.014432077922077931,
    "volatility": 0.3573703603011429
  },
  "diversity": {
    "by_speaker": {
      "Lyra": {
        "semantic_diversity": 0.6843339204788208,
        "ttr": 0.4476987447698745
      },
      "Cipher": {
        "semantic_diversity": 0.6684958338737488,
        "ttr": 0.5077186963979416
      }
    },
    "global_ttr": 0.3646153846153846
  }
}