{
  "condition_id": "periso__baseline__t03__r02",
  "topic": "The resources spent on space exploration would produce greater good if redirected to Earth's problems",
  "turn_count": 21,
  "persona": {
    "by_speaker": {
      "Lyra": {
        "mean": 0.5082386452443313,
        "per_turn": [
          0.5563260033270083,
          0.4823444636022869,
          0.5131642294839044,
          0.4812742932813042,
          0.4127470603853818,
          0.48391841296788274,
          0.5547379636334024,
          0.5699296717631984,
          0.5759063895489089,
          0.29398872515203867,
          0.6662878845423271
        ]
      },
      "Cipher": {
        "mean": 0.7327576303841767,
        "per_turn": [
          0.7083850801338878,
          0.7513659016024368,
          0.7277183033526714,
          0.8025195714392822,
          0.7963955917511614,
          0.7168990964906433,
          0.6830914109787461,
          0.7444084958513616,
          0.6913405666783962,
          0.7054522855631803
        ]
      }
    },
    "discrimination": {
      "Lyra": {
        "own_mean": 0.5082,
        "cross_mean": 0.4918,
        "gap": 0.0165
      },
      "Cipher": {
        "own_mean": 0.7328,
        "cross_mean": 0.2672,
        "gap": 0.4655
      }
    }
  },
  "coherence": {
    "per_turn": [
      null,
      0.6634141206741333,
      0.6885992288589478,
      0.6298550367355347,
      0.7557286620140076,
      0.650604248046875,
      0.8318969011306763,
      0.7224020957946777,
      0.4648253619670868,
      0.7231972217559814,
      0.6150594353675842,
      0.658860981464386,
      0.619070291519165,
      0.6933338642120361,
      0.7087006568908691,
      0.7065881490707397,
      0.688729465007782,
      0.7512157559394836,
      0.7305487394332886,
      0.5776659250259399,
      0.09532611072063446
    ],
    "mean": 0.6487811125814915,
    "min": 0.09532611072063446
  },
  "topic_drift": {
    "per_turn": [
      0.6834211349487305,
      0.6503788232803345,
      0.5530428886413574,
      0.5963557958602905,
      0.5938912034034729,
      0.5161553025245667,
      0.40230047702789307,
      0.4090867042541504,
      0.18813377618789673,
      0.2563433051109314,
      0.18973834812641144,
      0.2042364478111267,
      0.5198330879211426,
      0.5907331109046936,
      0.4769943952560425,
      0.46375998854637146,
      0.5216649174690247,
      0.4674200117588043,
      0.4012860655784607,
      0.6650494933128357,
      0.01684793084859848
    ],
    "mean": 0.44603205756062553,
    "min": 0.01684793084859848,
    "drift_slope": -0.010247569753752135
  },
  "sentiment": {
    "per_turn": [
      0.872,
      0.7103,
      0.9501,
      0.964,
      0.8536,
      0.7929,
      0.9325,
      0.8271,
      0.9509,
      0.948,
      0.9636,
      0.9178,
      0.8883,
      0.6249,
      0.8625,
      0.9652,
      0.9392,
      0.7717,
      0.8346,
      0.9382,
      0.9516
    ],
    "by_speaker": {
      "Lyra": [
        0.872,
        0.9501,
        0.8536,
        0.9325,
        0.9509,
        0.9636,
        0.8883,
        0.8625,
        0.9392,
        0.8346,
        0.9516
      ],
      "Cipher": [
        0.7103,
        0.964,
        0.7929,
        0.8271,
        0.948,
        0.9178,
        0.6249,
        0.9652,
        0.7717,
        0.9382
      ]
    },
    "mean": 0.879,
    "slope": 0.0011819480519480606,
    "volatility": 0.09030013974571265
  },
  "diversity": {
    "by_speaker": {
      "Lyra": {
        "semantic_diversity": 0.5741025805473328,
        "ttr": 0.4592875318066158
      },
      "Cipher": {
        "semantic_diversity": 0.5126199126243591,
        "ttr": 0.445468509984639
      }
    },
    "global_ttr": 0.336812804453723
  }
}