{
  "condition_id": "periso__lyra-persona__t02__r03",
  "topic": "Universal basic income would reduce workforce participation and innovation over time",
  "turn_count": 21,
  "persona": {
    "by_speaker": {
      "Lyra": {
        "mean": 0.44999874011175367,
        "per_turn": [
          0.4722043074300527,
          0.2338116528126068,
          0.5116181572217806,
          0.46732774572539826,
          0.5015510383687869,
          0.45669298244063267,
          0.39647680874184354,
          0.5204405803355774,
          0.28577978199608944,
          0.6169517158496292,
          0.4871313703068929
        ]
      },
      "Cipher": {
        "mean": 0.7252352866495282,
        "per_turn": [
          0.754297612067593,
          0.768453042144877,
          0.6418144783525261,
          0.7898806357386097,
          0.8123521303416363,
          0.8351934211726428,
          0.763872915247269,
          0.7621230921756319,
          0.7167313689625207,
          0.40763417029197535
        ]
      }
    },
    "discrimination": {
      "Lyra": {
        "own_mean": 0.45,
        "cross_mean": 0.55,
        "gap": -0.1
      },
      "Cipher": {
        "own_mean": 0.7252,
        "cross_mean": 0.2748,
        "gap": 0.4505
      }
    }
  },
  "coherence": {
    "per_turn": [
      null,
      0.4571084976196289,
      0.6454609632492065,
      0.7829214334487915,
      0.5425629019737244,
      0.26858091354370117,
      0.8055427074432373,
      0.9098988175392151,
      0.718342661857605,
      0.7547173500061035,
      0.7785704731941223,
      0.7615665793418884,
      0.6039522290229797,
      0.7403217554092407,
      0.7378742694854736,
      0.8556808233261108,
      0.7095106840133667,
      0.6747361421585083,
      0.5792607665061951,
      0.7240848541259766,
      0.2315010130405426
    ],
    "mean": 0.664109791815281,
    "min": 0.2315010130405426
  },
  "topic_drift": {
    "per_turn": [
      0.6513978242874146,
      0.27430689334869385,
      0.46281135082244873,
      0.49664485454559326,
      0.515988826751709,
      0.3977930545806885,
      0.35047662258148193,
      0.3933546245098114,
      0.3410261273384094,
      0.3201908469200134,
      0.336032897233963,
      0.390150785446167,
      0.4566865861415863,
      0.43888914585113525,
      0.19697952270507812,
      0.2217269390821457,
      0.3072155714035034,
      0.3240879774093628,
      0.285991370677948,
      0.277244508266449,
      0.6900206804275513
    ],
    "mean": 0.38709604811100734,
    "min": 0.19697952270507812,
    "drift_slope": -0.005868655810882522
  },
  "sentiment": {
    "per_turn": [
      0.8666,
      0.8981,
      0.9677,
      0.3071,
      0.877,
      0.7647,
      0.6181,
      -0.795,
      0.8047,
      0.9382,
      0.9558,
      0.9493,
      0.8977,
      0.9657,
      0.9446,
      0.296,
      0.7684,
      0.7845,
      0.9253,
      0.8779,
      0.936
    ],
    "by_speaker": {
      "Lyra": [
        0.8666,
        0.9677,
        0.877,
        0.6181,
        0.8047,
        0.9558,
        0.8977,
        0.9446,
        0.7684,
        0.9253,
        0.936
      ],
      "Cipher": [
        0.8981,
        0.3071,
        0.7647,
        -0.795,
        0.9382,
        0.9493,
        0.9657,
        0.296,
        0.7845,
        0.8779
      ]
    },
    "mean": 0.7404,
    "slope": 0.009486883116883116,
    "volatility": 0.3912094141432255
  },
  "diversity": {
    "by_speaker": {
      "Lyra": {
        "semantic_diversity": 0.5912173390388489,
        "ttr": 0.47514619883040937
      },
      "Cipher": {
        "semantic_diversity": 0.555450975894928,
        "ttr": 0.45085803432137284
      }
    },
    "global_ttr": 0.33811320754716984
  }
}