{
  "condition_id": "periso__lyra-persona__t05__r02",
  "topic": "Genetic editing to prevent hereditary diseases in human embryos should be legally permitted",
  "turn_count": 21,
  "persona": {
    "by_speaker": {
      "Lyra": {
        "mean": 0.4975753547782874,
        "per_turn": [
          0.519562446150752,
          0.44288459000521474,
          0.4729210668920102,
          0.7844140150010704,
          0.5228620954960587,
          0.35491394535830073,
          0.4985266632148491,
          0.5343195685313336,
          0.28459598500413935,
          0.5608173562576895,
          0.497511170649743
        ]
      },
      "Cipher": {
        "mean": 0.681580025440839,
        "per_turn": [
          0.6039327511349738,
          0.7946269496267835,
          0.7674971395446752,
          0.6729702581418744,
          0.655304758167153,
          0.6992702590484752,
          0.7544195564840075,
          0.7421515573892089,
          0.4556499814155698,
          0.6699770434556689
        ]
      }
    },
    "discrimination": {
      "Lyra": {
        "own_mean": 0.4976,
        "cross_mean": 0.5024,
        "gap": -0.0048
      },
      "Cipher": {
        "own_mean": 0.6816,
        "cross_mean": 0.3184,
        "gap": 0.3632
      }
    }
  },
  "coherence": {
    "per_turn": [
      null,
      0.7627885937690735,
      0.7323206663131714,
      0.57191002368927,
      0.6168226003646851,
      0.7526916265487671,
      0.47502559423446655,
      0.6676914691925049,
      0.46571701765060425,
      0.6842563152313232,
      0.7816957235336304,
      0.5939152240753174,
      0.3720884919166565,
      0.6354016065597534,
      0.7909274101257324,
      0.5685878992080688,
      0.8562602996826172,
      0.8365573883056641,
      0.6799756288528442,
      0.7584242224693298,
      0.12189522385597229
    ],
    "mean": 0.6362476512789726,
    "min": 0.12189522385597229
  },
  "topic_drift": {
    "per_turn": [
      0.7927285432815552,
      0.6250438690185547,
      0.7874448299407959,
      0.40748131275177,
      0.5822867751121521,
      0.6733047962188721,
      0.15720677375793457,
      0.16002808511257172,
      0.5989623665809631,
      0.3252788186073303,
      0.22513146698474884,
      0.1318036913871765,
      0.6702924966812134,
      0.43363338708877563,
      0.3239592909812927,
      -0.030983861535787582,
      0.0071163298562169075,
      -0.03067260980606079,
      -0.01838669180870056,
      -0.020382361486554146,
      0.5955671668052673
    ],
    "mean": 0.3522306893109566,
    "min": -0.030983861535787582,
    "drift_slope": -0.029648875745085942
  },
  "sentiment": {
    "per_turn": [
      0.3818,
      -0.1553,
      -0.2263,
      -0.3818,
      0.2263,
      0.8191,
      0.8707,
      0.0516,
      0.8537,
      0.7003,
      0.106,
      0.5043,
      0.9033,
      0.9531,
      0.9432,
      0.91,
      0.9239,
      0.9136,
      0.9153,
      0.813,
      0.9327
    ],
    "by_speaker": {
      "Lyra": [
        0.3818,
        -0.2263,
        0.2263,
        0.8707,
        0.8537,
        0.106,
        0.9033,
        0.9432,
        0.9239,
        0.9153,
        0.9327
      ],
      "Cipher": [
        -0.1553,
        -0.3818,
        0.8191,
        0.0516,
        0.7003,
        0.5043,
        0.9531,
        0.91,
        0.9136,
        0.813
      ]
    },
    "mean": 0.569452380952381,
    "slope": 0.05189883116883116,
    "volatility": 0.43773100417738353
  },
  "diversity": {
    "by_speaker": {
      "Lyra": {
        "semantic_diversity": 0.5995075702667236,
        "ttr": 0.4458161865569273
      },
      "Cipher": {
        "semantic_diversity": 0.6673269271850586,
        "ttr": 0.4458804523424879
      }
    },
    "global_ttr": 0.32863501483679525
  }
}