{
  "condition_id": "periso__baseline__t03__r01",
  "topic": "The resources spent on space exploration would produce greater good if redirected to Earth's problems",
  "turn_count": 21,
  "persona": {
    "by_speaker": {
      "Lyra": {
        "mean": 0.5117383261066113,
        "per_turn": [
          0.5602821676472124,
          0.543442603747591,
          0.5115021076247703,
          0.2700570828288211,
          0.5547652880110823,
          0.49208209860991525,
          0.6173498089671063,
          0.3596496360852491,
          0.5824101655282095,
          0.5342622979805711,
          0.603318330142196
        ]
      },
      "Cipher": {
        "mean": 0.7052923118151782,
        "per_turn": [
          0.7085874760096031,
          0.7227539376719682,
          0.7386701125285898,
          0.7370793000469165,
          0.713396158119143,
          0.7386605936040224,
          0.702977847774507,
          0.6445892914451508,
          0.6576358172023264,
          0.6885725837495539
        ]
      }
    },
    "discrimination": {
      "Lyra": {
        "own_mean": 0.5117,
        "cross_mean": 0.4883,
        "gap": 0.0235
      },
      "Cipher": {
        "own_mean": 0.7053,
        "cross_mean": 0.2947,
        "gap": 0.4106
      }
    }
  },
  "coherence": {
    "per_turn": [
      null,
      0.7738723754882812,
      0.7545676231384277,
      0.7493751049041748,
      0.7887532114982605,
      0.8095883131027222,
      0.7856069207191467,
      0.7764623761177063,
      0.7735358476638794,
      0.8139814734458923,
      0.7768789529800415,
      0.7727372050285339,
      0.6448161602020264,
      0.7792981863021851,
      0.7573583126068115,
      0.7750784158706665,
      0.8070974946022034,
      0.8339064717292786,
      0.7711153030395508,
      0.866201639175415,
      0.42083337903022766
    ],
    "mean": 0.7615532383322716,
    "min": 0.42083337903022766
  },
  "topic_drift": {
    "per_turn": [
      0.805099368095398,
      0.7689241170883179,
      0.5825241208076477,
      0.6651841402053833,
      0.6665077209472656,
      0.6285370588302612,
      0.6939076781272888,
      0.5401831865310669,
      0.5011488795280457,
      0.3969312906265259,
      0.4845481514930725,
      0.43506932258605957,
      0.45538049936294556,
      0.49294978380203247,
      0.3534805178642273,
      0.40882450342178345,
      0.3977625370025635,
      0.45444706082344055,
      0.42354893684387207,
      0.37170493602752686,
      0.3524116277694702
    ],
    "mean": 0.5180512113230569,
    "min": 0.3524116277694702,
    "drift_slope": -0.019632016257806258
  },
  "sentiment": {
    "per_turn": [
      0.9451,
      0.9118,
      0.9393,
      0.8931,
      0.8442,
      0.8537,
      0.9538,
      0.9552,
      0.9678,
      0.9583,
      0.9723,
      0.8537,
      0.9766,
      0.9651,
      0.9568,
      0.4847,
      0.9699,
      0.8612,
      0.9182,
      0.802,
      0.9607
    ],
    "by_speaker": {
      "Lyra": [
        0.9451,
        0.9393,
        0.8442,
        0.9538,
        0.9678,
        0.9723,
        0.9766,
        0.9568,
        0.9699,
        0.9182,
        0.9607
      ],
      "Cipher": [
        0.9118,
        0.8931,
        0.8537,
        0.9552,
        0.9583,
        0.8537,
        0.9651,
        0.4847,
        0.8612,
        0.802
      ]
    },
    "mean": 0.9020714285714284,
    "slope": -0.0030654545454545587,
    "volatility": 0.10602287328621096
  },
  "diversity": {
    "by_speaker": {
      "Lyra": {
        "semantic_diversity": 0.45749226212501526,
        "ttr": 0.3873015873015873
      },
      "Cipher": {
        "semantic_diversity": 0.44129854440689087,
        "ttr": 0.4462279293739968
      }
    },
    "global_ttr": 0.2965561224489796
  }
}