{
  "condition_id": "periso__cipher-persona__t01__r01",
  "topic": "Social media has done more harm than good to mental health and democracy",
  "turn_count": 21,
  "persona": {
    "by_speaker": {
      "Lyra": {
        "mean": 0.3337453567208442,
        "per_turn": [
          0.5914394603063606,
          0.28425091611390196,
          0.3450773454110689,
          0.3463011002688139,
          0.20931010944690095,
          0.18761113550056624,
          0.20186436914425504,
          0.30842950293834087,
          0.3206182035137577,
          0.2749879842202211,
          0.6013087970650991
        ]
      },
      "Cipher": {
        "mean": 0.6950355773481698,
        "per_turn": [
          0.7248483823854636,
          0.6886007225848333,
          0.6485574204968322,
          0.7205118763996967,
          0.7671511684919925,
          0.7649910253339876,
          0.7712116618335842,
          0.4528300284085204,
          0.7089317204644332,
          0.7027217670823536
        ]
      }
    },
    "discrimination": {
      "Lyra": {
        "own_mean": 0.3337,
        "cross_mean": 0.6663,
        "gap": -0.3325
      },
      "Cipher": {
        "own_mean": 0.695,
        "cross_mean": 0.305,
        "gap": 0.3901
      }
    }
  },
  "coherence": {
    "per_turn": [
      null,
      0.7649780511856079,
      0.8528920412063599,
      0.5900079011917114,
      0.7135651111602783,
      0.6995723843574524,
      0.6830997467041016,
      0.5632668733596802,
      0.4987741708755493,
      0.6641260385513306,
      0.6657505035400391,
      0.6878527998924255,
      0.6269000172615051,
      0.8015868663787842,
      0.7036368250846863,
      0.9198877215385437,
      0.6190255880355835,
      0.5487093329429626,
      0.8819473385810852,
      0.7012007832527161,
      0.5809882283210754
    ],
    "mean": 0.6883884161710739,
    "min": 0.4987741708755493
  },
  "topic_drift": {
    "per_turn": [
      0.8231916427612305,
      0.7729986310005188,
      0.7147088646888733,
      0.5216957330703735,
      0.6311464309692383,
      0.5500246286392212,
      0.6433640718460083,
      0.3282184600830078,
      0.19762228429317474,
      0.5210217237472534,
      0.24089697003364563,
      0.29551762342453003,
      0.4793921113014221,
      0.37608593702316284,
      0.3978290259838104,
      0.4421401023864746,
      0.5208077430725098,
      0.20200029015541077,
      0.22359491884708405,
      0.5494757890701294,
      0.6958186626434326
    ],
    "mean": 0.4822643640495482,
    "min": 0.19762228429317474,
    "drift_slope": -0.014485937666583376
  },
  "sentiment": {
    "per_turn": [
      0.1779,
      0.296,
      0.5095,
      0.6369,
      0.7086,
      0.7778,
      0.8732,
      -0.6369,
      0.9327,
      0.5423,
      0.9153,
      0.8968,
      0.9038,
      0.828,
      0.7884,
      0.836,
      0.9472,
      0.6701,
      0.8748,
      0.4927,
      0.9324
    ],
    "by_speaker": {
      "Lyra": [
        0.1779,
        0.5095,
        0.7086,
        0.8732,
        0.9327,
        0.9153,
        0.9038,
        0.7884,
        0.9472,
        0.8748,
        0.9324
      ],
      "Cipher": [
        0.296,
        0.6369,
        0.7778,
        -0.6369,
        0.5423,
        0.8968,
        0.828,
        0.836,
        0.6701,
        0.4927
      ]
    },
    "mean": 0.6620714285714285,
    "slope": 0.024084285714285714,
    "volatility": 0.3590440126129347
  },
  "diversity": {
    "by_speaker": {
      "Lyra": {
        "semantic_diversity": 0.5815485715866089,
        "ttr": 0.4751131221719457
      },
      "Cipher": {
        "semantic_diversity": 0.5849238634109497,
        "ttr": 0.4603448275862069
      }
    },
    "global_ttr": 0.3507642799678198
  }
}