{
  "condition_id": "periso__baseline__t07__r01",
  "topic": "Meaningful climate action and sustained economic growth are fundamentally incompatible",
  "turn_count": 21,
  "persona": {
    "by_speaker": {
      "Lyra": {
        "mean": 0.49425503781290236,
        "per_turn": [
          0.507027793628634,
          0.45790157902255396,
          0.5022257509437199,
          0.47905554469018696,
          0.5142946730455433,
          0.4942899316344298,
          0.45509079123545926,
          0.4952912471601584,
          0.4541901786412502,
          0.5238824689262604,
          0.5535554570137294
        ]
      },
      "Cipher": {
        "mean": 0.7754594086424732,
        "per_turn": [
          0.84907396164062,
          0.7926843620022466,
          0.7896635917820636,
          0.75209842253561,
          0.7545550718006027,
          0.8074444475639362,
          0.7872090740017716,
          0.7315848494580881,
          0.7396002336972057,
          0.7506800719425881
        ]
      }
    },
    "discrimination": {
      "Lyra": {
        "own_mean": 0.4943,
        "cross_mean": 0.5057,
        "gap": -0.0115
      },
      "Cipher": {
        "own_mean": 0.7755,
        "cross_mean": 0.2245,
        "gap": 0.5509
      }
    }
  },
  "coherence": {
    "per_turn": [
      null,
      0.734381914138794,
      0.6491384506225586,
      0.5680826902389526,
      0.4497714042663574,
      0.7474448680877686,
      0.6740981936454773,
      0.7897763252258301,
      0.7497693300247192,
      0.8009681701660156,
      0.7180778384208679,
      0.5979201793670654,
      0.6196273565292358,
      0.6877745389938354,
      0.706916332244873,
      0.6714736819267273,
      0.6067187190055847,
      0.557025671005249,
      0.6991105675697327,
      0.6248434782028198,
      0.43345320224761963
    ],
    "mean": 0.6543186455965042,
    "min": 0.43345320224761963
  },
  "topic_drift": {
    "per_turn": [
      0.7643222212791443,
      0.7544194459915161,
      0.5857381820678711,
      0.42243045568466187,
      0.7440669536590576,
      0.6709595918655396,
      0.57527756690979,
      0.4783437252044678,
      0.4533239006996155,
      0.382580041885376,
      0.3811224102973938,
      0.24414598941802979,
      0.5237205028533936,
      0.5762109160423279,
      0.45243194699287415,
      0.2575262188911438,
      0.4457200765609741,
      0.25714606046676636,
      0.5103243589401245,
      0.4956144094467163,
      0.6098725199699402
    ],
    "mean": 0.5040617854822249,
    "min": 0.24414598941802979,
    "drift_slope": -0.012580147501710175
  },
  "sentiment": {
    "per_turn": [
      0.802,
      0.8966,
      0.6249,
      0.6722,
      0.9217,
      0.958,
      0.8701,
      0.7089,
      0.9578,
      0.8028,
      0.976,
      0.964,
      0.9249,
      0.8555,
      0.9423,
      0.9231,
      0.9432,
      0.9513,
      0.9451,
      0.91,
      0.9648
    ],
    "by_speaker": {
      "Lyra": [
        0.802,
        0.6249,
        0.9217,
        0.8701,
        0.9578,
        0.976,
        0.9249,
        0.9423,
        0.9432,
        0.9451,
        0.9648
      ],
      "Cipher": [
        0.8966,
        0.6722,
        0.958,
        0.7089,
        0.8028,
        0.964,
        0.8555,
        0.9231,
        0.9513,
        0.91
      ]
    },
    "mean": 0.8816761904761905,
    "slope": 0.009145974025974037,
    "volatility": 0.09995245014630423
  },
  "diversity": {
    "by_speaker": {
      "Lyra": {
        "semantic_diversity": 0.4740573763847351,
        "ttr": 0.4565483476132191
      },
      "Cipher": {
        "semantic_diversity": 0.5849072337150574,
        "ttr": 0.47896440129449835
      }
    },
    "global_ttr": 0.33310104529616724
  }
}