{
  "condition_id": "periso__lyra-persona__t04__r03",
  "topic": "Strong government regulation of AI development will cause more harm than good",
  "turn_count": 21,
  "persona": {
    "by_speaker": {
      "Lyra": {
        "mean": 0.4617065971120375,
        "per_turn": [
          0.45043049498875626,
          0.42370790690247206,
          0.6687367904314124,
          0.4493614282631111,
          0.42203187026308764,
          0.46803476774665675,
          0.43366546375530923,
          0.4092232198315652,
          0.46072787882064975,
          0.4285679501540186,
          0.46428479707537346
        ]
      },
      "Cipher": {
        "mean": 0.8084421426854853,
        "per_turn": [
          0.84208681311128,
          0.8293211768747608,
          0.8218773826101434,
          0.8343008161726189,
          0.7841553617126196,
          0.7342742579941288,
          0.8209008512104092,
          0.7983682648852591,
          0.791516426828129,
          0.8276200754555036
        ]
      }
    },
    "discrimination": {
      "Lyra": {
        "own_mean": 0.4617,
        "cross_mean": 0.5383,
        "gap": -0.0766
      },
      "Cipher": {
        "own_mean": 0.8084,
        "cross_mean": 0.1916,
        "gap": 0.6169
      }
    }
  },
  "coherence": {
    "per_turn": [
      null,
      0.7857589721679688,
      0.8054948449134827,
      0.8245762586593628,
      0.6784329414367676,
      0.8433728218078613,
      0.6058412194252014,
      0.6822216510772705,
      0.610723078250885,
      0.6279405355453491,
      0.7741943597793579,
      0.6360085606575012,
      0.6865299344062805,
      0.8127464056015015,
      0.8069019317626953,
      0.7913837432861328,
      0.8254598379135132,
      0.8774020075798035,
      0.851671576499939,
      0.9043411016464233,
      0.6183353662490845
    ],
    "mean": 0.7524668574333191,
    "min": 0.6058412194252014
  },
  "topic_drift": {
    "per_turn": [
      0.8535486459732056,
      0.7786751389503479,
      0.7897733449935913,
      0.720511257648468,
      0.6215084791183472,
      0.6847572326660156,
      0.316497802734375,
      0.3486708998680115,
      0.6580371856689453,
      0.3769832253456116,
      0.36365070939064026,
      0.26728665828704834,
      0.5585096478462219,
      0.5807915329933167,
      0.6692886352539062,
      0.6116775274276733,
      0.6607009768486023,
      0.6531635522842407,
      0.5993720889091492,
      0.5836774110794067,
      0.698684573173523
    ],
    "mean": 0.5902745964981261,
    "min": 0.26728665828704834,
    "drift_slope": -0.0047139405430137405
  },
  "sentiment": {
    "per_turn": [
      0.9272,
      0.1526,
      0.3616,
      0.09,
      0.7535,
      0.8889,
      0.7181,
      0.7351,
      0.9025,
      0.6597,
      0.9661,
      0.9422,
      0.9,
      0.9617,
      0.8763,
      0.9465,
      0.8418,
      0.8834,
      0.875,
      0.891,
      0.9371
    ],
    "by_speaker": {
      "Lyra": [
        0.9272,
        0.3616,
        0.7535,
        0.7181,
        0.9025,
        0.9661,
        0.9,
        0.8763,
        0.8418,
        0.875,
        0.9371
      ],
      "Cipher": [
        0.1526,
        0.09,
        0.8889,
        0.7351,
        0.6597,
        0.9422,
        0.9617,
        0.9465,
        0.8834,
        0.891
      ]
    },
    "mean": 0.7719190476190476,
    "slope": 0.024433116883116873,
    "volatility": 0.250605298881856
  },
  "diversity": {
    "by_speaker": {
      "Lyra": {
        "semantic_diversity": 0.4203041195869446,
        "ttr": 0.456973293768546
      },
      "Cipher": {
        "semantic_diversity": 0.4774990975856781,
        "ttr": 0.48625429553264604
      }
    },
    "global_ttr": 0.34156050955414013
  }
}