{
  "condition_id": "periso__cipher-persona__t00__r03",
  "topic": "AI will eliminate more jobs than it creates within the next decade",
  "turn_count": 21,
  "persona": {
    "by_speaker": {
      "Lyra": {
        "mean": 0.2711281206312398,
        "per_turn": [
          0.4731909422552759,
          0.2467771807439823,
          0.19001471669323416,
          0.20228626745103548,
          0.20934288577862065,
          0.2139894074226806,
          0.23497329017337204,
          0.19813257178124258,
          0.1830823098871947,
          0.2234701667450578,
          0.607149588011942
        ]
      },
      "Cipher": {
        "mean": 0.780797334875686,
        "per_turn": [
          0.7691738535661233,
          0.8059462108396982,
          0.7781378628699211,
          0.7670111181341053,
          0.7827080575978413,
          0.7879251814797188,
          0.7585563239896934,
          0.8101925958500553,
          0.7926254273261155,
          0.7556967171035884
        ]
      }
    },
    "discrimination": {
      "Lyra": {
        "own_mean": 0.2711,
        "cross_mean": 0.7289,
        "gap": -0.4577
      },
      "Cipher": {
        "own_mean": 0.7808,
        "cross_mean": 0.2192,
        "gap": 0.5616
      }
    }
  },
  "coherence": {
    "per_turn": [
      null,
      0.6743679046630859,
      0.5160024166107178,
      0.7004231214523315,
      0.8225603699684143,
      0.5404378771781921,
      0.6567256450653076,
      0.6991299390792847,
      0.7690783143043518,
      0.6524764895439148,
      0.6536042094230652,
      0.48790985345840454,
      0.4808588922023773,
      0.6244417428970337,
      0.6633501648902893,
      0.7163267135620117,
      0.4980033040046692,
      0.6084901690483093,
      0.5001807808876038,
      0.8255483508110046,
      0.09847041219472885
    ],
    "mean": 0.6094193335622549,
    "min": 0.09847041219472885
  },
  "topic_drift": {
    "per_turn": [
      0.7027344107627869,
      0.7208746671676636,
      0.49684402346611023,
      0.543910801410675,
      0.6268851161003113,
      0.5389960408210754,
      0.5327634215354919,
      0.5510845184326172,
      0.5459516048431396,
      0.598039984703064,
      0.5002806186676025,
      0.3655927777290344,
      0.36957478523254395,
      0.23177096247673035,
      0.36544618010520935,
      0.38251638412475586,
      0.5014915466308594,
      0.28467679023742676,
      0.4614165127277374,
      0.473943293094635,
      0.11812575906515121
    ],
    "mean": 0.47204381901593434,
    "min": 0.11812575906515121,
    "drift_slope": -0.018069736659526825
  },
  "sentiment": {
    "per_turn": [
      -0.3182,
      0.6486,
      0.6486,
      0.7622,
      0.9116,
      0.8183,
      0.7906,
      0.8979,
      0.7783,
      0.9084,
      0.8765,
      -0.1154,
      0.6486,
      0.8555,
      0.4215,
      0.7506,
      -0.2732,
      0.9287,
      0.9169,
      0.8511,
      0.8588
    ],
    "by_speaker": {
      "Lyra": [
        -0.3182,
        0.6486,
        0.9116,
        0.7906,
        0.7783,
        0.8765,
        0.6486,
        0.4215,
        -0.2732,
        0.9169,
        0.8588
      ],
      "Cipher": [
        0.6486,
        0.7622,
        0.8183,
        0.8979,
        0.9084,
        -0.1154,
        0.8555,
        0.7506,
        0.9287,
        0.8511
      ]
    },
    "mean": 0.6459952380952382,
    "slope": 0.00853285714285715,
    "volatility": 0.38034015411795147
  },
  "diversity": {
    "by_speaker": {
      "Lyra": {
        "semantic_diversity": 0.5720746517181396,
        "ttr": 0.4934876989869754
      },
      "Cipher": {
        "semantic_diversity": 0.56910240650177,
        "ttr": 0.46164978292329956
      }
    },
    "global_ttr": 0.3668596237337192
  }
}