{
  "condition_id": "periso__baseline__t02__r01",
  "topic": "Universal basic income would reduce workforce participation and innovation over time",
  "turn_count": 21,
  "persona": {
    "by_speaker": {
      "Lyra": {
        "mean": 0.46236117929795423,
        "per_turn": [
          0.4488444717932625,
          0.4436565440781238,
          0.45268228832402446,
          0.4088203560709917,
          0.47435608093228304,
          0.4350130914653574,
          0.4491256632837589,
          0.48234316900006435,
          0.46360966986772395,
          0.507435537843826,
          0.5200860996180805
        ]
      },
      "Cipher": {
        "mean": 0.7943230842229345,
        "per_turn": [
          0.786882963720729,
          0.7778264206959427,
          0.8597091684114196,
          0.7649839623573109,
          0.8331169432007333,
          0.7651000793398063,
          0.8070096433437018,
          0.8284265939760586,
          0.7906271084706815,
          0.7295479587129622
        ]
      }
    },
    "discrimination": {
      "Lyra": {
        "own_mean": 0.4624,
        "cross_mean": 0.5376,
        "gap": -0.0753
      },
      "Cipher": {
        "own_mean": 0.7943,
        "cross_mean": 0.2057,
        "gap": 0.5886
      }
    }
  },
  "coherence": {
    "per_turn": [
      null,
      0.6755517721176147,
      0.8709121346473694,
      0.6990444660186768,
      0.8149794340133667,
      0.5956330895423889,
      0.8440406322479248,
      0.5652370452880859,
      0.7727475762367249,
      0.804074227809906,
      0.8778244256973267,
      0.6368369460105896,
      0.6535017490386963,
      0.5755517482757568,
      0.6026074886322021,
      0.43891581892967224,
      0.6817546486854553,
      0.8186814188957214,
      0.6493762135505676,
      0.7867153882980347,
      0.4280551075935364
    ],
    "mean": 0.6896020665764808,
    "min": 0.4280551075935364
  },
  "topic_drift": {
    "per_turn": [
      0.8226255178451538,
      0.5282506942749023,
      0.5368149876594543,
      0.49027276039123535,
      0.4524504244327545,
      0.47155195474624634,
      0.48371589183807373,
      0.27867650985717773,
      0.49007487297058105,
      0.38758933544158936,
      0.4537458121776581,
      0.4168466031551361,
      0.31543830037117004,
      0.27231451869010925,
      0.21800148487091064,
      0.0643361434340477,
      0.11312717944383621,
      0.2225029468536377,
      0.32593533396720886,
      0.35377568006515503,
      0.6531987190246582
    ],
    "mean": 0.39767836531003314,
    "min": 0.0643361434340477,
    "drift_slope": -0.01597395720226424
  },
  "sentiment": {
    "per_turn": [
      0.8402,
      0.2732,
      0.9432,
      0.9789,
      0.9381,
      0.5574,
      0.4245,
      0.6928,
      0.8777,
      0.6444,
      0.9281,
      0.9022,
      0.9677,
      0.9714,
      0.9722,
      0.5647,
      -0.3612,
      0.9628,
      0.9217,
      0.9437,
      0.9656
    ],
    "by_speaker": {
      "Lyra": [
        0.8402,
        0.9432,
        0.9381,
        0.4245,
        0.8777,
        0.9281,
        0.9677,
        0.9722,
        -0.3612,
        0.9217,
        0.9656
      ],
      "Cipher": [
        0.2732,
        0.9789,
        0.5574,
        0.6928,
        0.6444,
        0.9022,
        0.9714,
        0.5647,
        0.9628,
        0.9437
      ]
    },
    "mean": 0.7575857142857143,
    "slope": 0.003518051948051949,
    "volatility": 0.32083835758942586
  },
  "diversity": {
    "by_speaker": {
      "Lyra": {
        "semantic_diversity": 0.49144604802131653,
        "ttr": 0.4323671497584541
      },
      "Cipher": {
        "semantic_diversity": 0.480417937040329,
        "ttr": 0.4573529411764706
      }
    },
    "global_ttr": 0.33355437665782495
  }
}