{
  "condition_id": "periso__baseline__t05__r01",
  "topic": "Genetic editing to prevent hereditary diseases in human embryos should be legally permitted",
  "turn_count": 21,
  "persona": {
    "by_speaker": {
      "Lyra": {
        "mean": 0.4976128767497172,
        "per_turn": [
          0.4546084029510661,
          0.48289747411730466,
          0.48153094610339187,
          0.43646359021283454,
          0.4949601800070818,
          0.5412106224410969,
          0.5250182539044714,
          0.5152120519766032,
          0.517940816504004,
          0.5038056413185971,
          0.5200936647104373
        ]
      },
      "Cipher": {
        "mean": 0.7400594764357429,
        "per_turn": [
          0.6599638854025687,
          0.7605533576436837,
          0.7979433856515554,
          0.7785256337507582,
          0.7436525649580065,
          0.6858061281433632,
          0.7276059552865328,
          0.7430297309546037,
          0.7460361485653849,
          0.7574779740009719
        ]
      }
    },
    "discrimination": {
      "Lyra": {
        "own_mean": 0.4976,
        "cross_mean": 0.5024,
        "gap": -0.0048
      },
      "Cipher": {
        "own_mean": 0.7401,
        "cross_mean": 0.2599,
        "gap": 0.4801
      }
    }
  },
  "coherence": {
    "per_turn": [
      null,
      0.7056294679641724,
      0.80184006690979,
      0.6032304763793945,
      0.6756094694137573,
      0.5900970697402954,
      0.5800394415855408,
      0.6146076917648315,
      0.5370636582374573,
      0.854432225227356,
      0.8984740376472473,
      0.5566781163215637,
      0.4607124328613281,
      0.7238743305206299,
      0.6661877632141113,
      0.7589641809463501,
      0.8572821617126465,
      0.8827904462814331,
      0.8735511898994446,
      0.9029512405395508,
      0.8196983337402344
    ],
    "mean": 0.7181856900453567,
    "min": 0.4607124328613281
  },
  "topic_drift": {
    "per_turn": [
      0.9099695682525635,
      0.7426982522010803,
      0.739086389541626,
      0.5117945671081543,
      0.5702167749404907,
      0.3597736954689026,
      0.626500129699707,
      0.2735844552516937,
      0.5927714109420776,
      0.662388801574707,
      0.608683705329895,
      0.09363551437854767,
      0.6385767459869385,
      0.4881042242050171,
      0.5871227383613586,
      0.6223205327987671,
      0.6131736040115356,
      0.6468888521194458,
      0.6738070249557495,
      0.677463710308075,
      0.6646931171417236
    ],
    "mean": 0.5858692292656217,
    "min": 0.09363551437854767,
    "drift_slope": -0.0013468415899710407
  },
  "sentiment": {
    "per_turn": [
      0.5859,
      0.3655,
      -0.7096,
      0.2444,
      0.7845,
      0.7311,
      0.9393,
      -0.1675,
      0.9764,
      0.8343,
      0.802,
      0.8173,
      0.8787,
      0.8779,
      0.8204,
      0.91,
      0.9388,
      0.926,
      0.9678,
      0.891,
      0.9732
    ],
    "by_speaker": {
      "Lyra": [
        0.5859,
        -0.7096,
        0.7845,
        0.9393,
        0.9764,
        0.802,
        0.8787,
        0.8204,
        0.9388,
        0.9678,
        0.9732
      ],
      "Cipher": [
        0.3655,
        0.2444,
        0.7311,
        -0.1675,
        0.8343,
        0.8173,
        0.8779,
        0.91,
        0.926,
        0.891
      ]
    },
    "mean": 0.6851142857142858,
    "slope": 0.04033948051948051,
    "volatility": 0.4177285531079156
  },
  "diversity": {
    "by_speaker": {
      "Lyra": {
        "semantic_diversity": 0.30646905303001404,
        "ttr": 0.4
      },
      "Cipher": {
        "semantic_diversity": 0.46608877182006836,
        "ttr": 0.45076923076923076
      }
    },
    "global_ttr": 0.3210144927536232
  }
}