{
  "condition_id": "periso__lyra-persona__t01__r01",
  "topic": "Social media has done more harm than good to mental health and democracy",
  "turn_count": 21,
  "persona": {
    "by_speaker": {
      "Lyra": {
        "mean": 0.5739646383750796,
        "per_turn": [
          0.5812323206393939,
          0.5737055546549474,
          0.7663173710715105,
          0.5327352912628692,
          0.5690036475220583,
          0.5467051783722248,
          0.5014857112032516,
          0.5500390443225609,
          0.49909298850219097,
          0.5739346906603264,
          0.6193592239145409
        ]
      },
      "Cipher": {
        "mean": 0.6846366202773597,
        "per_turn": [
          0.6993164491469962,
          0.6620552393380584,
          0.7449123274558279,
          0.7089946158985438,
          0.7303038422245892,
          0.7390259367029334,
          0.7190682539669648,
          0.7328856841129882,
          0.6953405207378669,
          0.41446333318882744
        ]
      }
    },
    "discrimination": {
      "Lyra": {
        "own_mean": 0.574,
        "cross_mean": 0.426,
        "gap": 0.1479
      },
      "Cipher": {
        "own_mean": 0.6846,
        "cross_mean": 0.3154,
        "gap": 0.3693
      }
    }
  },
  "coherence": {
    "per_turn": [
      null,
      0.7446905374526978,
      0.6780845522880554,
      0.6214168071746826,
      0.6623302698135376,
      0.6284226775169373,
      0.7180700302124023,
      0.4617006480693817,
      0.7184869050979614,
      0.8032187223434448,
      0.5920566320419312,
      0.6805829405784607,
      0.7772372364997864,
      0.6835805773735046,
      0.7552599310874939,
      0.778110682964325,
      0.308469295501709,
      0.2372744232416153,
      0.2099628746509552,
      0.5936535000801086,
      0.24980811774730682
    ],
    "mean": 0.5951208680868149,
    "min": 0.2099628746509552
  },
  "topic_drift": {
    "per_turn": [
      0.7377942800521851,
      0.587031900882721,
      0.5759468078613281,
      0.5109879970550537,
      0.4787823259830475,
      0.23952919244766235,
      0.1970781683921814,
      0.6594306230545044,
      0.6697994470596313,
      0.5926281213760376,
      0.5377706289291382,
      0.5850259065628052,
      0.5665956139564514,
      0.42561113834381104,
      0.42855745553970337,
      0.4845593571662903,
      0.18241514265537262,
      0.6510238647460938,
      0.07211717963218689,
      0.16096507012844086,
      0.08677889406681061
    ],
    "mean": 0.4490680531376884,
    "min": 0.07211717963218689,
    "drift_slope": -0.01810096720983456
  },
  "sentiment": {
    "per_turn": [
      -0.7184,
      -0.2023,
      0.8665,
      0.6691,
      0.3788,
      0.8165,
      0.9186,
      0.5859,
      0.7096,
      0.9187,
      0.7553,
      0.7645,
      0.5979,
      0.8705,
      0.9109,
      0.743,
      0.7543,
      0.6597,
      0.85,
      0.9413,
      0.9686
    ],
    "by_speaker": {
      "Lyra": [
        -0.7184,
        0.8665,
        0.3788,
        0.9186,
        0.7096,
        0.7553,
        0.5979,
        0.9109,
        0.7543,
        0.85,
        0.9686
      ],
      "Cipher": [
        -0.2023,
        0.6691,
        0.8165,
        0.5859,
        0.9187,
        0.7645,
        0.8705,
        0.743,
        0.6597,
        0.9413
      ]
    },
    "mean": 0.6551904761904761,
    "slope": 0.038046103896103904,
    "volatility": 0.3957192666582398
  },
  "diversity": {
    "by_speaker": {
      "Lyra": {
        "semantic_diversity": 0.6751771569252014,
        "ttr": 0.4732510288065844
      },
      "Cipher": {
        "semantic_diversity": 0.5704838037490845,
        "ttr": 0.4940374787052811
      }
    },
    "global_ttr": 0.3731003039513678
  }
}