{
  "condition_id": "periso__cipher-persona__t01__r02",
  "topic": "Social media has done more harm than good to mental health and democracy",
  "turn_count": 21,
  "persona": {
    "by_speaker": {
      "Lyra": {
        "mean": 0.39339802975877913,
        "per_turn": [
          0.6013525811019049,
          0.28769098264330784,
          0.28253343187469665,
          0.5732992936605389,
          0.3679889112195004,
          0.37209548319238206,
          0.33251321632865993,
          0.2742744552434087,
          0.30146238739857434,
          0.345855486612954,
          0.5883120980706429
        ]
      },
      "Cipher": {
        "mean": 0.6896592568893671,
        "per_turn": [
          0.7186805351938383,
          0.6900609673608604,
          0.7545381191489925,
          0.617189874599137,
          0.636124967604498,
          0.681717948638662,
          0.6934833562653165,
          0.703866314095335,
          0.696805522409526,
          0.704124963577506
        ]
      }
    },
    "discrimination": {
      "Lyra": {
        "own_mean": 0.3934,
        "cross_mean": 0.6066,
        "gap": -0.2132
      },
      "Cipher": {
        "own_mean": 0.6897,
        "cross_mean": 0.3103,
        "gap": 0.3793
      }
    }
  },
  "coherence": {
    "per_turn": [
      null,
      0.5935100317001343,
      0.7558308243751526,
      0.6479030847549438,
      0.7454988956451416,
      0.6670516729354858,
      0.6453044414520264,
      0.740044116973877,
      0.7581913471221924,
      0.815986692905426,
      0.7310188412666321,
      0.7923805713653564,
      0.6747118234634399,
      0.6558334827423096,
      0.5500243306159973,
      0.7246039509773254,
      0.720628023147583,
      0.8525987863540649,
      0.748538613319397,
      0.7123080492019653,
      0.31285011768341064
    ],
    "mean": 0.6922408849000931,
    "min": 0.31285011768341064
  },
  "topic_drift": {
    "per_turn": [
      0.8232589364051819,
      0.7016403675079346,
      0.5675370693206787,
      0.5867719054222107,
      0.46466436982154846,
      0.49786001443862915,
      0.6306416988372803,
      0.5593124628067017,
      0.49121445417404175,
      0.40124326944351196,
      0.4981963634490967,
      0.5063278675079346,
      0.4310561716556549,
      0.30776268243789673,
      0.24504058063030243,
      0.20774300396442413,
      0.3253908157348633,
      0.3616790175437927,
      0.3880361318588257,
      0.3276757001876831,
      0.744072675704956
    ],
    "mean": 0.4793869313739595,
    "min": 0.20774300396442413,
    "drift_slope": -0.015282746085098806
  },
  "sentiment": {
    "per_turn": [
      0.2846,
      -0.081,
      -0.3291,
      -0.3459,
      0.9123,
      -0.7119,
      0.4724,
      0.2635,
      0.6249,
      0.7455,
      0.872,
      0.8738,
      0.5788,
      0.85,
      0.6808,
      0.9337,
      0.7684,
      0.4767,
      0.9682,
      0.9042,
      0.9642
    ],
    "by_speaker": {
      "Lyra": [
        0.2846,
        -0.3291,
        0.9123,
        0.4724,
        0.6249,
        0.872,
        0.5788,
        0.6808,
        0.7684,
        0.9682,
        0.9642
      ],
      "Cipher": [
        -0.081,
        -0.3459,
        -0.7119,
        0.2635,
        0.7455,
        0.8738,
        0.85,
        0.9337,
        0.4767,
        0.9042
      ]
    },
    "mean": 0.5098142857142857,
    "slope": 0.05427688311688312,
    "volatility": 0.4807931148838634
  },
  "diversity": {
    "by_speaker": {
      "Lyra": {
        "semantic_diversity": 0.5112108588218689,
        "ttr": 0.47289156626506024
      },
      "Cipher": {
        "semantic_diversity": 0.5149763226509094,
        "ttr": 0.4227129337539432
      }
    },
    "global_ttr": 0.3305084745762712
  }
}