{
  "condition_id": "periso__baseline__t04__r03",
  "topic": "Strong government regulation of AI development will cause more harm than good",
  "turn_count": 21,
  "persona": {
    "by_speaker": {
      "Lyra": {
        "mean": 0.450239579580942,
        "per_turn": [
          0.44229887827837877,
          0.44216364989860124,
          0.4289654249461774,
          0.4146579913884557,
          0.4546728900807715,
          0.43607528049786737,
          0.4837728538410735,
          0.4720593025898714,
          0.4629369120589749,
          0.43952543411168876,
          0.4755067576985019
        ]
      },
      "Cipher": {
        "mean": 0.8069812812828984,
        "per_turn": [
          0.8426589538256968,
          0.7961823807736481,
          0.8432332870585783,
          0.8307591056180371,
          0.8158757783466701,
          0.8095710441902375,
          0.8014743480011097,
          0.7267994160214222,
          0.7913166107364935,
          0.81194188825709
        ]
      }
    },
    "discrimination": {
      "Lyra": {
        "own_mean": 0.4502,
        "cross_mean": 0.5498,
        "gap": -0.0995
      },
      "Cipher": {
        "own_mean": 0.807,
        "cross_mean": 0.193,
        "gap": 0.614
      }
    }
  },
  "coherence": {
    "per_turn": [
      null,
      0.5614351034164429,
      0.5153898000717163,
      0.7469364404678345,
      0.7687200307846069,
      0.746566891670227,
      0.806145191192627,
      0.6192573308944702,
      0.6362950801849365,
      0.7420310974121094,
      0.812515914440155,
      0.5373656749725342,
      0.6269575357437134,
      0.8202913999557495,
      0.7229486703872681,
      0.6569926738739014,
      0.6155520677566528,
      0.8734933733940125,
      0.8287868499755859,
      0.7727704048156738,
      0.6134923696517944
    ],
    "mean": 0.7011971950531006,
    "min": 0.5153898000717163
  },
  "topic_drift": {
    "per_turn": [
      0.7911492586135864,
      0.5649949908256531,
      0.7576096653938293,
      0.7935662865638733,
      0.7700375318527222,
      0.700345516204834,
      0.6337946653366089,
      0.47842830419540405,
      0.6804911494255066,
      0.6513285040855408,
      0.63849937915802,
      0.48437124490737915,
      0.6058108806610107,
      0.5990438461303711,
      0.5739565491676331,
      0.4036175608634949,
      0.6258676052093506,
      0.6637545824050903,
      0.7262839674949646,
      0.6894688606262207,
      0.7358512282371521
    ],
    "mean": 0.6461081703503927,
    "min": 0.4036175608634949,
    "drift_slope": -0.0040707609870217
  },
  "sentiment": {
    "per_turn": [
      0.9349,
      0.755,
      0.4245,
      -0.8803,
      0.2821,
      0.5341,
      0.2023,
      -0.6486,
      0.9485,
      0.9698,
      0.9686,
      -0.2285,
      0.8385,
      0.3291,
      0.9698,
      0.9319,
      0.8537,
      0.8957,
      0.9711,
      0.9515,
      0.9274
    ],
    "by_speaker": {
      "Lyra": [
        0.9349,
        0.4245,
        0.2821,
        0.2023,
        0.9485,
        0.9686,
        0.8385,
        0.9698,
        0.8537,
        0.9711,
        0.9274
      ],
      "Cipher": [
        0.755,
        -0.8803,
        0.5341,
        -0.6486,
        0.9698,
        -0.2285,
        0.3291,
        0.9319,
        0.8957,
        0.9515
      ]
    },
    "mean": 0.568147619047619,
    "slope": 0.0370151948051948,
    "volatility": 0.5406106499832235
  },
  "diversity": {
    "by_speaker": {
      "Lyra": {
        "semantic_diversity": 0.35412275791168213,
        "ttr": 0.4269938650306748
      },
      "Cipher": {
        "semantic_diversity": 0.47887107729911804,
        "ttr": 0.4601910828025478
      }
    },
    "global_ttr": 0.3333333333333333
  }
}