{
  "condition_id": "periso__baseline__t05__r02",
  "topic": "Genetic editing to prevent hereditary diseases in human embryos should be legally permitted",
  "turn_count": 21,
  "persona": {
    "by_speaker": {
      "Lyra": {
        "mean": 0.4541146316873707,
        "per_turn": [
          0.3939802073982398,
          0.39765570834290476,
          0.39065620226751585,
          0.44782728644331043,
          0.4806723914775013,
          0.4781308185652572,
          0.4941793822164068,
          0.4967583816100847,
          0.44660691580752687,
          0.4710395125561239,
          0.49775414187620615
        ]
      },
      "Cipher": {
        "mean": 0.8037353871520928,
        "per_turn": [
          0.8157412554070067,
          1.0164127574720245,
          0.8191061661226089,
          0.78046172956949,
          0.6884846587151725,
          0.8331279183113995,
          0.7943736350853785,
          0.7218396299814781,
          0.8027400132008983,
          0.7650661076554717
        ]
      }
    },
    "discrimination": {
      "Lyra": {
        "own_mean": 0.4541,
        "cross_mean": 0.5459,
        "gap": -0.0918
      },
      "Cipher": {
        "own_mean": 0.8037,
        "cross_mean": 0.1963,
        "gap": 0.6075
      }
    }
  },
  "coherence": {
    "per_turn": [
      null,
      0.577113151550293,
      0.705420970916748,
      0.5094741582870483,
      0.6120898723602295,
      0.4309309124946594,
      0.6473129987716675,
      0.32635554671287537,
      0.6632102727890015,
      0.6242994070053101,
      0.6303916573524475,
      0.7719051241874695,
      0.7901033163070679,
      0.8031697869300842,
      0.711895763874054,
      0.5276540517807007,
      0.43058913946151733,
      0.8250632882118225,
      0.8669158220291138,
      0.7814122438430786,
      0.64385586977005
    ],
    "mean": 0.643958167731762,
    "min": 0.32635554671287537
  },
  "topic_drift": {
    "per_turn": [
      0.9129857420921326,
      0.5732229948043823,
      0.5924428105354309,
      0.31299132108688354,
      0.5001851320266724,
      0.3148939609527588,
      0.17719785869121552,
      0.4821058511734009,
      0.6630404591560364,
      0.46709635853767395,
      0.6543542146682739,
      0.7056357860565186,
      0.7370504140853882,
      0.6477597951889038,
      0.617870032787323,
      0.28247788548469543,
      0.6631391048431396,
      0.6315677165985107,
      0.6133487224578857,
      0.562666654586792,
      0.7375737428665161
    ],
    "mean": 0.5642669789847874,
    "min": 0.17719785869121552,
    "drift_slope": 0.005207803032614959
  },
  "sentiment": {
    "per_turn": [
      0.743,
      0.1531,
      0.765,
      0.3939,
      0.5267,
      0.4767,
      0.9186,
      0.1557,
      -0.743,
      0.8555,
      0.6527,
      -0.162,
      0.4173,
      0.743,
      0.5106,
      0.8674,
      0.9382,
      -0.2803,
      0.9779,
      0.9231,
      0.9559
    ],
    "by_speaker": {
      "Lyra": [
        0.743,
        0.765,
        0.5267,
        0.9186,
        -0.743,
        0.6527,
        0.4173,
        0.5106,
        0.9382,
        0.9779,
        0.9559
      ],
      "Cipher": [
        0.1531,
        0.3939,
        0.4767,
        0.1557,
        0.8555,
        -0.162,
        0.743,
        0.8674,
        -0.2803,
        0.9231
      ]
    },
    "mean": 0.5137619047619046,
    "slope": 0.015452337662337655,
    "volatility": 0.4526128362089764
  },
  "diversity": {
    "by_speaker": {
      "Lyra": {
        "semantic_diversity": 0.43562570214271545,
        "ttr": 0.4650856389986825
      },
      "Cipher": {
        "semantic_diversity": 0.5487765669822693,
        "ttr": 0.5148148148148148
      }
    },
    "global_ttr": 0.38183217859892227
  }
}