{
  "condition_id": "periso__baseline__t06__r03",
  "topic": "Remote work has weakened organisational culture more than it has empowered individuals",
  "turn_count": 21,
  "persona": {
    "by_speaker": {
      "Lyra": {
        "mean": 0.5116493386096723,
        "per_turn": [
          0.5926079999847929,
          0.5378547775660667,
          0.5964284882810253,
          0.5282291193436792,
          0.5124247529717794,
          0.5093416244236988,
          0.46435245532375247,
          0.22941077125766532,
          0.5356245483050786,
          0.5770782831770174,
          0.5447899040718396
        ]
      },
      "Cipher": {
        "mean": 0.7368720407233955,
        "per_turn": [
          0.7751143210580166,
          0.6766069350974765,
          0.6757400897050077,
          0.779027017864617,
          0.7491154394218609,
          0.8085788494838577,
          0.7727992411704823,
          0.6990936616661507,
          0.6857434039997312,
          0.7469014477667554
        ]
      }
    },
    "discrimination": {
      "Lyra": {
        "own_mean": 0.5116,
        "cross_mean": 0.4884,
        "gap": 0.0233
      },
      "Cipher": {
        "own_mean": 0.7369,
        "cross_mean": 0.2631,
        "gap": 0.4737
      }
    }
  },
  "coherence": {
    "per_turn": [
      null,
      0.7201968431472778,
      0.8545423150062561,
      0.4740254580974579,
      0.5999979376792908,
      0.7192217111587524,
      0.6515638828277588,
      0.5355076193809509,
      0.7102898359298706,
      0.7716127634048462,
      0.6075093150138855,
      0.7119642496109009,
      0.6374133229255676,
      0.5443143844604492,
      0.839046835899353,
      0.5003435611724854,
      0.8604637384414673,
      0.615959107875824,
      0.7130758762359619,
      0.5686286091804504,
      0.3713260591030121
    ],
    "mean": 0.650350171327591,
    "min": 0.3713260591030121
  },
  "topic_drift": {
    "per_turn": [
      0.7510817050933838,
      0.8383042812347412,
      0.8423764705657959,
      0.39084386825561523,
      0.5945767164230347,
      0.6378335952758789,
      0.6060938835144043,
      0.34638741612434387,
      0.3913964331150055,
      0.203387051820755,
      0.22300170361995697,
      0.20352703332901,
      0.28460824489593506,
      0.5123120546340942,
      0.551554799079895,
      0.5085182785987854,
      0.4189230799674988,
      0.3284730911254883,
      0.3965385854244232,
      0.30627894401550293,
      0.751933753490448
    ],
    "mean": 0.48037861855257125,
    "min": 0.203387051820755,
    "drift_slope": -0.01352899128740484
  },
  "sentiment": {
    "per_turn": [
      0.25,
      -0.1431,
      0.624,
      0.8151,
      0.7783,
      0.3184,
      0.8847,
      0.8934,
      0.7783,
      0.9568,
      0.9163,
      0.9144,
      0.9313,
      0.431,
      0.9228,
      0.7003,
      0.9623,
      0.5423,
      0.9152,
      0.9531,
      0.8687
    ],
    "by_speaker": {
      "Lyra": [
        0.25,
        0.624,
        0.7783,
        0.8847,
        0.7783,
        0.9163,
        0.9313,
        0.9228,
        0.9623,
        0.9152,
        0.8687
      ],
      "Cipher": [
        -0.1431,
        0.8151,
        0.3184,
        0.8934,
        0.9568,
        0.9144,
        0.431,
        0.7003,
        0.5423,
        0.9531
      ]
    },
    "mean": 0.7244571428571429,
    "slope": 0.02404558441558442,
    "volatility": 0.2858470496302401
  },
  "diversity": {
    "by_speaker": {
      "Lyra": {
        "semantic_diversity": 0.5374233722686768,
        "ttr": 0.43278301886792453
      },
      "Cipher": {
        "semantic_diversity": 0.6441351175308228,
        "ttr": 0.4279346210995542
      }
    },
    "global_ttr": 0.31821170282708744
  }
}