{
  "condition_id": "periso__cipher-persona__t06__r01",
  "topic": "Remote work has weakened organisational culture more than it has empowered individuals",
  "turn_count": 21,
  "persona": {
    "by_speaker": {
      "Lyra": {
        "mean": 0.3520949317656688,
        "per_turn": [
          0.4972142453891983,
          0.2680742854401688,
          0.38595057341301864,
          0.32759807543670694,
          0.3658901146501412,
          0.22986912443588675,
          0.2278210446947165,
          0.28136726708789556,
          0.33223509895798564,
          0.3867641211839124,
          0.5702602987327261
        ]
      },
      "Cipher": {
        "mean": 0.6860492533436062,
        "per_turn": [
          0.7427900046210469,
          0.670095432166583,
          0.6218750310668025,
          0.6270027352908496,
          0.6298931695166601,
          0.741763972864051,
          0.7493979045541832,
          0.6739713242111864,
          0.662670160129442,
          0.7410327990152571
        ]
      }
    },
    "discrimination": {
      "Lyra": {
        "own_mean": 0.3521,
        "cross_mean": 0.6479,
        "gap": -0.2958
      },
      "Cipher": {
        "own_mean": 0.686,
        "cross_mean": 0.314,
        "gap": 0.3721
      }
    }
  },
  "coherence": {
    "per_turn": [
      null,
      0.7544401288032532,
      0.7782431244850159,
      0.7283329963684082,
      0.5912015438079834,
      0.7894904613494873,
      0.700104296207428,
      0.7603968381881714,
      0.8393224477767944,
      0.8017312288284302,
      0.6294119358062744,
      0.5540125370025635,
      0.7096890807151794,
      0.5889679789543152,
      0.8590517044067383,
      0.32509520649909973,
      0.6002628207206726,
      0.776192843914032,
      0.8229924440383911,
      0.7636330127716064,
      0.5808262825012207
    ],
    "mean": 0.6976699456572533,
    "min": 0.32509520649909973
  },
  "topic_drift": {
    "per_turn": [
      0.7873724699020386,
      0.8115447759628296,
      0.7203699350357056,
      0.7108744978904724,
      0.5175381898880005,
      0.5199562311172485,
      0.5700206756591797,
      0.4479410946369171,
      0.5144510269165039,
      0.5685925483703613,
      0.6028429269790649,
      0.4945788085460663,
      0.5403384566307068,
      0.8709220290184021,
      0.8189451694488525,
      0.2875005900859833,
      0.5292438268661499,
      0.6363246440887451,
      0.5888205766677856,
      0.6896615028381348,
      0.6303809285163879
    ],
    "mean": 0.6122962335745493,
    "min": 0.2875005900859833,
    "drift_slope": -0.004013962598590112
  },
  "sentiment": {
    "per_turn": [
      0.4588,
      -0.704,
      0.7884,
      0.6381,
      -0.0644,
      0.6705,
      0.5106,
      0.7259,
      0.6361,
      -0.0036,
      0.631,
      0.0387,
      0.1531,
      0.6983,
      0.34,
      0.1381,
      0.7783,
      0.8176,
      0.872,
      0.8062,
      0.9001
    ],
    "by_speaker": {
      "Lyra": [
        0.4588,
        0.7884,
        -0.0644,
        0.5106,
        0.6361,
        0.631,
        0.1531,
        0.34,
        0.7783,
        0.872,
        0.9001
      ],
      "Cipher": [
        -0.704,
        0.6381,
        0.6705,
        0.7259,
        -0.0036,
        0.0387,
        0.6983,
        0.1381,
        0.8176,
        0.8062
      ]
    },
    "mean": 0.4680857142857143,
    "slope": 0.026799220779220784,
    "volatility": 0.3976001524452547
  },
  "diversity": {
    "by_speaker": {
      "Lyra": {
        "semantic_diversity": 0.4340023696422577,
        "ttr": 0.4393241167434716
      },
      "Cipher": {
        "semantic_diversity": 0.44630759954452515,
        "ttr": 0.42604501607717044
      }
    },
    "global_ttr": 0.31814611154752553
  }
}