{
  "condition_id": "periso__cipher-persona__t06__r02",
  "topic": "Remote work has weakened organisational culture more than it has empowered individuals",
  "turn_count": 21,
  "persona": {
    "by_speaker": {
      "Lyra": {
        "mean": 0.3540100942691612,
        "per_turn": [
          0.24566197672647236,
          0.266322780417086,
          0.3863038287987056,
          0.5602314307549492,
          0.3633161312410954,
          0.28252338459979065,
          0.28432716861491125,
          0.295685213501268,
          0.3128357483956605,
          0.5415620355240749,
          0.3553413383867592
        ]
      },
      "Cipher": {
        "mean": 0.6611957887580395,
        "per_turn": [
          0.7559721216771633,
          0.5806335507197516,
          0.6121993760826432,
          0.5900908387842829,
          0.5879726376540069,
          0.7354419435842762,
          0.6738637092699783,
          0.6785371866966904,
          0.7054517844760594,
          0.6917947386355426
        ]
      }
    },
    "discrimination": {
      "Lyra": {
        "own_mean": 0.354,
        "cross_mean": 0.646,
        "gap": -0.292
      },
      "Cipher": {
        "own_mean": 0.6612,
        "cross_mean": 0.3388,
        "gap": 0.3224
      }
    }
  },
  "coherence": {
    "per_turn": [
      null,
      0.7278376817703247,
      0.6662188172340393,
      0.5252265930175781,
      0.7904369831085205,
      0.8808470964431763,
      0.6118000149726868,
      0.6674438118934631,
      0.8286342620849609,
      0.7568950653076172,
      0.6445410251617432,
      0.4520922303199768,
      0.8596544861793518,
      0.7567387223243713,
      0.7815204858779907,
      0.6202736496925354,
      0.6310597062110901,
      0.43361538648605347,
      0.7204656600952148,
      0.7921358942985535,
      0.6664701700210571
    ],
    "mean": 0.6906953871250152,
    "min": 0.43361538648605347
  },
  "topic_drift": {
    "per_turn": [
      0.7648147940635681,
      0.8395058512687683,
      0.6689808368682861,
      0.415632426738739,
      0.3959701657295227,
      0.40526217222213745,
      0.35876455903053284,
      0.19859406352043152,
      0.2432757467031479,
      0.22380280494689941,
      0.19556757807731628,
      0.6211866140365601,
      0.558556318283081,
      0.6052734851837158,
      0.7284227013587952,
      0.587539792060852,
      0.771289587020874,
      0.21866467595100403,
      0.6723658442497253,
      0.4281339645385742,
      0.6143169403076172
    ],
    "mean": 0.5007581391504833,
    "min": 0.19556757807731628,
    "drift_slope": 0.0004297411674028825
  },
  "sentiment": {
    "per_turn": [
      0.2748,
      0.836,
      0.8899,
      0.0387,
      0.8417,
      0.6597,
      0.9641,
      0.4497,
      0.3114,
      0.9418,
      0.8625,
      0.7783,
      0.128,
      0.0516,
      0.5719,
      0.9259,
      0.5795,
      0.7906,
      0.6562,
      0.8176,
      0.955
    ],
    "by_speaker": {
      "Lyra": [
        0.2748,
        0.8899,
        0.8417,
        0.9641,
        0.3114,
        0.8625,
        0.128,
        0.5719,
        0.5795,
        0.6562,
        0.955
      ],
      "Cipher": [
        0.836,
        0.0387,
        0.6597,
        0.4497,
        0.9418,
        0.7783,
        0.0516,
        0.9259,
        0.7906,
        0.8176
      ]
    },
    "mean": 0.6345190476190476,
    "slope": 0.00843441558441559,
    "volatility": 0.3005782437063088
  },
  "diversity": {
    "by_speaker": {
      "Lyra": {
        "semantic_diversity": 0.5230984091758728,
        "ttr": 0.45251396648044695
      },
      "Cipher": {
        "semantic_diversity": 0.5886107683181763,
        "ttr": 0.4597156398104265
      }
    },
    "global_ttr": 0.3306152705707932
  }
}