{
  "condition_id": "periso__baseline__t01__r02",
  "topic": "Social media has done more harm than good to mental health and democracy",
  "turn_count": 21,
  "persona": {
    "by_speaker": {
      "Lyra": {
        "mean": 0.5159429176363396,
        "per_turn": [
          0.5956399970403471,
          0.5290467510807144,
          0.6282660358048575,
          0.5930882972914786,
          0.5205563317637865,
          0.48055084615196486,
          0.477640717568674,
          0.5389546768415965,
          0.4875526391183386,
          0.22751913976993704,
          0.5965566615680404
        ]
      },
      "Cipher": {
        "mean": 0.7413983713793076,
        "per_turn": [
          0.7472110756632963,
          0.6578688178592956,
          0.6695764962937063,
          0.7860949615292986,
          0.7832877015999558,
          0.7315260002339751,
          0.7410607420993927,
          0.7524328256872177,
          0.7699259465679349,
          0.7749991462590031
        ]
      }
    },
    "discrimination": {
      "Lyra": {
        "own_mean": 0.5159,
        "cross_mean": 0.4841,
        "gap": 0.0319
      },
      "Cipher": {
        "own_mean": 0.7414,
        "cross_mean": 0.2586,
        "gap": 0.4828
      }
    }
  },
  "coherence": {
    "per_turn": [
      null,
      0.6762222051620483,
      0.8543606996536255,
      0.6889489889144897,
      0.7928231358528137,
      0.7006165981292725,
      0.8282262086868286,
      0.3431982398033142,
      0.7066184282302856,
      0.4609832167625427,
      0.6406664848327637,
      0.7628116607666016,
      0.6403909921646118,
      0.5628446936607361,
      0.6547530889511108,
      0.5493451356887817,
      0.5812814235687256,
      0.44098472595214844,
      0.7861154079437256,
      0.8159469962120056,
      0.1375488042831421
    ],
    "mean": 0.6312343567609787,
    "min": 0.1375488042831421
  },
  "topic_drift": {
    "per_turn": [
      0.7818890810012817,
      0.7848644852638245,
      0.7313740849494934,
      0.6890341639518738,
      0.7504545450210571,
      0.6771789789199829,
      0.6630882024765015,
      0.21914982795715332,
      0.4430701732635498,
      0.2100493162870407,
      0.3512117564678192,
      0.4417393207550049,
      0.19000014662742615,
      0.19506043195724487,
      0.2565859854221344,
      0.1721145212650299,
      0.17152263224124908,
      0.1867370307445526,
      0.13560685515403748,
      0.12609341740608215,
      0.6270318031311035
    ],
    "mean": 0.4192312742982592,
    "min": 0.12609341740608215,
    "drift_slope": -0.030819962376897984
  },
  "sentiment": {
    "per_turn": [
      0.7558,
      0.2716,
      -0.5106,
      0.8402,
      0.8059,
      0.5315,
      0.4215,
      0.765,
      0.8591,
      0.85,
      0.9231,
      0.6757,
      0.9225,
      0.928,
      0.9582,
      0.8807,
      0.3612,
      0.3919,
      0.765,
      0.7876,
      0.9709
    ],
    "by_speaker": {
      "Lyra": [
        0.7558,
        -0.5106,
        0.8059,
        0.4215,
        0.8591,
        0.9231,
        0.9225,
        0.9582,
        0.3612,
        0.765,
        0.9709
      ],
      "Cipher": [
        0.2716,
        0.8402,
        0.5315,
        0.765,
        0.85,
        0.6757,
        0.928,
        0.8807,
        0.3919,
        0.7876
      ]
    },
    "mean": 0.6740380952380952,
    "slope": 0.020165974025974028,
    "volatility": 0.3361598251911765
  },
  "diversity": {
    "by_speaker": {
      "Lyra": {
        "semantic_diversity": 0.6105002164840698,
        "ttr": 0.49111675126903553
      },
      "Cipher": {
        "semantic_diversity": 0.6193748116493225,
        "ttr": 0.45768025078369906
      }
    },
    "global_ttr": 0.37237026647966337
  }
}