{
  "condition_id": "periso__baseline__t03__r03",
  "topic": "The resources spent on space exploration would produce greater good if redirected to Earth's problems",
  "turn_count": 21,
  "persona": {
    "by_speaker": {
      "Lyra": {
        "mean": 0.553777237961856,
        "per_turn": [
          0.5749374024915079,
          0.5317559406728531,
          0.5501986397349434,
          0.5124226988342503,
          0.5535205695810952,
          0.5603617833777248,
          0.5287343797848922,
          0.5168338021496169,
          0.5835220762052883,
          0.5073114527953724,
          0.6719508719528711
        ]
      },
      "Cipher": {
        "mean": 0.7151474885128793,
        "per_turn": [
          0.7376665756452137,
          0.7201037466188411,
          0.7318219713479438,
          0.7048237944600271,
          0.7259698145018381,
          0.6966396569079254,
          0.7195790044503346,
          0.6734854066977907,
          0.753947491749452,
          0.6874374227494272
        ]
      }
    },
    "discrimination": {
      "Lyra": {
        "own_mean": 0.5538,
        "cross_mean": 0.4462,
        "gap": 0.1076
      },
      "Cipher": {
        "own_mean": 0.7151,
        "cross_mean": 0.2849,
        "gap": 0.4303
      }
    }
  },
  "coherence": {
    "per_turn": [
      null,
      0.553514838218689,
      0.811379075050354,
      0.5947933197021484,
      0.6652482748031616,
      0.6833348274230957,
      0.7343121767044067,
      0.5517865419387817,
      0.5469707250595093,
      0.7143137454986572,
      0.6851072311401367,
      0.8304697275161743,
      0.7296022176742554,
      0.3894357681274414,
      0.6632059216499329,
      0.5846399068832397,
      0.7478375434875488,
      0.48781782388687134,
      0.873307466506958,
      0.4834599494934082,
      0.43001314997673035
    ],
    "mean": 0.638027511537075,
    "min": 0.3894357681274414
  },
  "topic_drift": {
    "per_turn": [
      0.5899816751480103,
      0.593555212020874,
      0.5437281727790833,
      0.47138291597366333,
      0.5927501320838928,
      0.5883318185806274,
      0.6798097491264343,
      0.45777761936187744,
      0.5923453569412231,
      0.6053957939147949,
      0.5489739179611206,
      0.5986548066139221,
      0.4436385929584503,
      0.3149928152561188,
      0.22606833279132843,
      0.601736843585968,
      0.413688600063324,
      0.21675992012023926,
      0.3238760828971863,
      0.5310875177383423,
      0.16930419206619263
    ],
    "mean": 0.4811352413325083,
    "min": 0.16930419206619263,
    "drift_slope": -0.015409065492741465
  },
  "sentiment": {
    "per_turn": [
      0.6249,
      0.9,
      -0.8991,
      0.7684,
      -0.4657,
      0.7016,
      0.8516,
      0.84,
      0.765,
      0.8126,
      0.9139,
      0.936,
      0.9485,
      0.9595,
      0.9382,
      0.8788,
      0.8014,
      0.9612,
      0.9552,
      0.9081,
      0.9674
    ],
    "by_speaker": {
      "Lyra": [
        0.6249,
        -0.8991,
        -0.4657,
        0.8516,
        0.765,
        0.9139,
        0.9485,
        0.9382,
        0.8014,
        0.9552,
        0.9674
      ],
      "Cipher": [
        0.9,
        0.7684,
        0.7016,
        0.84,
        0.8126,
        0.936,
        0.9595,
        0.8788,
        0.9612,
        0.9081
      ]
    },
    "mean": 0.7174999999999999,
    "slope": 0.038137402597402593,
    "volatility": 0.46787496803557005
  },
  "diversity": {
    "by_speaker": {
      "Lyra": {
        "semantic_diversity": 0.5176202058792114,
        "ttr": 0.41037735849056606
      },
      "Cipher": {
        "semantic_diversity": 0.4854263365268707,
        "ttr": 0.4334828101644245
      }
    },
    "global_ttr": 0.3071852340145023
  }
}