{
  "condition_id": "periso__cipher-persona__t05__r02",
  "topic": "Genetic editing to prevent hereditary diseases in human embryos should be legally permitted",
  "turn_count": 21,
  "persona": {
    "by_speaker": {
      "Lyra": {
        "mean": 0.2822341614866235,
        "per_turn": [
          0.4582059182007368,
          0.2386073125572498,
          0.14022444129129344,
          0.2738667756750806,
          0.23517613014896305,
          0.2791342230105413,
          0.20196691031002295,
          0.23116394454868755,
          0.2279756664340188,
          0.3101516366725313,
          0.5081028175037328
        ]
      },
      "Cipher": {
        "mean": 0.7204130652981958,
        "per_turn": [
          0.7556318918492404,
          0.8016137679162549,
          0.8056148800763182,
          0.5808611038962054,
          0.5366382015523985,
          0.6805503275135942,
          0.7940945636123221,
          0.8146650790721937,
          0.6841191477054132,
          0.7503416897880175
        ]
      }
    },
    "discrimination": {
      "Lyra": {
        "own_mean": 0.2822,
        "cross_mean": 0.7178,
        "gap": -0.4355
      },
      "Cipher": {
        "own_mean": 0.7204,
        "cross_mean": 0.2796,
        "gap": 0.4408
      }
    }
  },
  "coherence": {
    "per_turn": [
      null,
      0.6021382212638855,
      0.6992121934890747,
      0.8220260143280029,
      0.6949400901794434,
      0.603919267654419,
      0.6498602032661438,
      0.7084335088729858,
      0.7104251384735107,
      0.6781120896339417,
      0.5928959250450134,
      0.6488819122314453,
      0.5919981002807617,
      0.7804876565933228,
      0.8018569350242615,
      0.4778566360473633,
      0.7757548093795776,
      0.5711327791213989,
      0.7734628915786743,
      0.8027713894844055,
      0.5248225331306458
    ],
    "mean": 0.6755494147539138,
    "min": 0.4778566360473633
  },
  "topic_drift": {
    "per_turn": [
      0.7839803695678711,
      0.6584568023681641,
      0.6999956369400024,
      0.8143593072891235,
      0.5823988914489746,
      0.629604697227478,
      0.5969195365905762,
      0.48347118496894836,
      0.48895812034606934,
      0.5271186828613281,
      0.4105854630470276,
      0.5107327103614807,
      0.6620746850967407,
      0.5278109312057495,
      0.5103625059127808,
      0.29548799991607666,
      0.25577491521835327,
      0.5642319917678833,
      0.48785528540611267,
      0.6218801736831665,
      0.5647905468940735
    ],
    "mean": 0.5560404970532372,
    "min": 0.25577491521835327,
    "drift_slope": -0.012315312956834766
  },
  "sentiment": {
    "per_turn": [
      0.5859,
      -0.4076,
      -0.1531,
      0.8074,
      0.8967,
      0.3182,
      0.8909,
      0.9618,
      0.359,
      0.705,
      0.8074,
      0.8591,
      -0.7982,
      0.4108,
      0.9403,
      0.9246,
      0.9707,
      0.8957,
      0.9273,
      0.9169,
      0.9694
    ],
    "by_speaker": {
      "Lyra": [
        0.5859,
        -0.1531,
        0.8967,
        0.8909,
        0.359,
        0.8074,
        -0.7982,
        0.9403,
        0.9707,
        0.9273,
        0.9694
      ],
      "Cipher": [
        -0.4076,
        0.8074,
        0.3182,
        0.9618,
        0.705,
        0.8591,
        0.4108,
        0.9246,
        0.8957,
        0.9169
      ]
    },
    "mean": 0.6089619047619048,
    "slope": 0.032307922077922074,
    "volatility": 0.48633495362782775
  },
  "diversity": {
    "by_speaker": {
      "Lyra": {
        "semantic_diversity": 0.4936610758304596,
        "ttr": 0.4533715925394548
      },
      "Cipher": {
        "semantic_diversity": 0.4736776053905487,
        "ttr": 0.4568106312292359
      }
    },
    "global_ttr": 0.3333333333333333
  }
}