{
  "condition_id": "periso__cipher-persona__t00__r01",
  "topic": "AI will eliminate more jobs than it creates within the next decade",
  "turn_count": 21,
  "persona": {
    "by_speaker": {
      "Lyra": {
        "mean": 0.2508202958150042,
        "per_turn": [
          0.4731909422552759,
          0.18839596332922218,
          0.2397442138246764,
          0.19807343729981394,
          0.17222736090760893,
          0.151423111176313,
          0.1980085892990995,
          0.22161461242978825,
          0.19512151413504183,
          0.20208508628493277,
          0.5191384230232736
        ]
      },
      "Cipher": {
        "mean": 0.7953631262504364,
        "per_turn": [
          0.7822820711054705,
          0.7773713721816287,
          0.8063800021653565,
          0.7908343767921697,
          0.8050292258455669,
          0.8342755297478808,
          0.785705150633968,
          0.7816250536515138,
          0.8010341482271064,
          0.7890943321537023
        ]
      }
    },
    "discrimination": {
      "Lyra": {
        "own_mean": 0.2508,
        "cross_mean": 0.7492,
        "gap": -0.4984
      },
      "Cipher": {
        "own_mean": 0.7954,
        "cross_mean": 0.2046,
        "gap": 0.5907
      }
    }
  },
  "coherence": {
    "per_turn": [
      null,
      0.5743752717971802,
      0.6397743225097656,
      0.6068253517150879,
      0.779559850692749,
      0.5617453455924988,
      0.8182460069656372,
      0.4956037998199463,
      0.5919598340988159,
      0.5753766894340515,
      0.6588466763496399,
      0.7457794547080994,
      0.7495242357254028,
      0.6541110277175903,
      0.826086163520813,
      0.6809637546539307,
      0.7910021543502808,
      0.5971001982688904,
      0.7176316976547241,
      0.6955841779708862,
      0.5975263714790344
    ],
    "mean": 0.6678811192512513,
    "min": 0.4956037998199463
  },
  "topic_drift": {
    "per_turn": [
      0.7027344107627869,
      0.760404646396637,
      0.6016712188720703,
      0.6327848434448242,
      0.5268903374671936,
      0.5874812602996826,
      0.49101635813713074,
      0.26218101382255554,
      0.4101680517196655,
      0.3492946922779083,
      0.40838944911956787,
      0.49252402782440186,
      0.47603392601013184,
      0.4440993666648865,
      0.4077620208263397,
      0.31430551409721375,
      0.3028712272644043,
      0.2327408790588379,
      0.40044164657592773,
      0.41492754220962524,
      0.48612967133522034
    ],
    "mean": 0.4621358144850958,
    "min": 0.2327408790588379,
    "drift_slope": -0.015464649688113829
  },
  "sentiment": {
    "per_turn": [
      -0.3182,
      0.5439,
      0.6369,
      0.7351,
      0.7906,
      0.8591,
      0.8873,
      0.8442,
      0.6858,
      0.6369,
      0.7717,
      0.8522,
      0.4367,
      0.6757,
      0.5267,
      0.5499,
      0.765,
      0.8591,
      0.5994,
      0.836,
      0.9036
    ],
    "by_speaker": {
      "Lyra": [
        -0.3182,
        0.6369,
        0.7906,
        0.8873,
        0.6858,
        0.7717,
        0.4367,
        0.5267,
        0.765,
        0.5994,
        0.9036
      ],
      "Cipher": [
        0.5439,
        0.7351,
        0.8591,
        0.8442,
        0.6369,
        0.8522,
        0.6757,
        0.5499,
        0.8591,
        0.836
      ]
    },
    "mean": 0.6703619047619048,
    "slope": 0.014914935064935082,
    "volatility": 0.2574451221711245
  },
  "diversity": {
    "by_speaker": {
      "Lyra": {
        "semantic_diversity": 0.5090557932853699,
        "ttr": 0.45375722543352603
      },
      "Cipher": {
        "semantic_diversity": 0.5734627842903137,
        "ttr": 0.4556765163297045
      }
    },
    "global_ttr": 0.34831460674157305
  }
}