{
  "condition_id": "periso__baseline__t04__r01",
  "topic": "Strong government regulation of AI development will cause more harm than good",
  "turn_count": 21,
  "persona": {
    "by_speaker": {
      "Lyra": {
        "mean": 0.4424224206263661,
        "per_turn": [
          0.44229887827837877,
          0.4232063584435235,
          0.467663686239453,
          0.4457080361864555,
          0.4168717486626837,
          0.4478965513133054,
          0.44004174979322586,
          0.42596203498705965,
          0.4519163606814848,
          0.4532975374519487,
          0.4517836848525084
        ]
      },
      "Cipher": {
        "mean": 0.8173123448316127,
        "per_turn": [
          0.8230601998566847,
          0.8487818550991997,
          0.86076695383096,
          0.8228969275871563,
          0.8119660574512734,
          0.8304615327990147,
          0.8177365697842073,
          0.7704943755875333,
          0.8065108668702193,
          0.7804481094498792
        ]
      }
    },
    "discrimination": {
      "Lyra": {
        "own_mean": 0.4424,
        "cross_mean": 0.5576,
        "gap": -0.1152
      },
      "Cipher": {
        "own_mean": 0.8173,
        "cross_mean": 0.1827,
        "gap": 0.6346
      }
    }
  },
  "coherence": {
    "per_turn": [
      null,
      0.5745959281921387,
      0.6763638257980347,
      0.7690013647079468,
      0.8026756644248962,
      0.7815938591957092,
      0.8315573930740356,
      0.7915431261062622,
      0.720958411693573,
      0.8158251047134399,
      0.8857925534248352,
      0.8135814666748047,
      0.8725881576538086,
      0.7452319264411926,
      0.7784400582313538,
      0.5924065113067627,
      0.622301459312439,
      0.8519983887672424,
      0.864625096321106,
      0.8206766843795776,
      0.7133843898773193
    ],
    "mean": 0.7662570685148239,
    "min": 0.5745959281921387
  },
  "topic_drift": {
    "per_turn": [
      0.7911492586135864,
      0.5537531971931458,
      0.7418307065963745,
      0.7228575348854065,
      0.6380772590637207,
      0.7501119375228882,
      0.7572563886642456,
      0.7220587134361267,
      0.7873278856277466,
      0.7701285481452942,
      0.6873629689216614,
      0.7930198311805725,
      0.7735693454742432,
      0.67138671875,
      0.5780683159828186,
      0.38310927152633667,
      0.7512649297714233,
      0.7544035911560059,
      0.68815678358078,
      0.7025372982025146,
      0.7243852615356445
    ],
    "mean": 0.7019912259919303,
    "min": 0.38310927152633667,
    "drift_slope": -0.002034329129503916
  },
  "sentiment": {
    "per_turn": [
      0.9349,
      0.3071,
      0.9418,
      0.6124,
      0.5574,
      0.6097,
      0.5051,
      0.8722,
      0.9371,
      0.6076,
      0.8316,
      0.7964,
      0.9397,
      0.6597,
      0.8705,
      0.8818,
      0.9451,
      0.8979,
      0.9325,
      -0.3612,
      0.9215
    ],
    "by_speaker": {
      "Lyra": [
        0.9349,
        0.9418,
        0.5574,
        0.5051,
        0.9371,
        0.8316,
        0.9397,
        0.8705,
        0.9451,
        0.9325,
        0.9215
      ],
      "Cipher": [
        0.3071,
        0.6124,
        0.6097,
        0.8722,
        0.6076,
        0.7964,
        0.6597,
        0.8818,
        0.8979,
        -0.3612
      ]
    },
    "mean": 0.723847619047619,
    "slope": 0.0006236363636363724,
    "volatility": 0.30086731392686905
  },
  "diversity": {
    "by_speaker": {
      "Lyra": {
        "semantic_diversity": 0.28268298506736755,
        "ttr": 0.39169909208819714
      },
      "Cipher": {
        "semantic_diversity": 0.3343232572078705,
        "ttr": 0.48032786885245904
      }
    },
    "global_ttr": 0.32440260680666183
  }
}