{
  "condition_id": "periso__baseline__t07__r02",
  "topic": "Meaningful climate action and sustained economic growth are fundamentally incompatible",
  "turn_count": 21,
  "persona": {
    "by_speaker": {
      "Lyra": {
        "mean": 0.47405319444504923,
        "per_turn": [
          0.4930075242228241,
          0.42413573901927637,
          0.5069798659390037,
          0.4515919009702436,
          0.4462644118420005,
          0.4650223714570093,
          0.44482030891059743,
          0.4942268504654595,
          0.49061614617795446,
          0.4878171272274007,
          0.5101028926637721
        ]
      },
      "Cipher": {
        "mean": 0.781385322576263,
        "per_turn": [
          0.8203207340504101,
          0.7896565083175335,
          0.7824074157421779,
          0.8215945923747137,
          0.7640994036827382,
          0.7986226808552658,
          0.7846540284002665,
          0.7476999378379054,
          0.741930953809177,
          0.7628669706924429
        ]
      }
    },
    "discrimination": {
      "Lyra": {
        "own_mean": 0.4741,
        "cross_mean": 0.5259,
        "gap": -0.0519
      },
      "Cipher": {
        "own_mean": 0.7814,
        "cross_mean": 0.2186,
        "gap": 0.5628
      }
    }
  },
  "coherence": {
    "per_turn": [
      null,
      0.7559270858764648,
      0.7479655146598816,
      0.6362940073013306,
      0.7026580572128296,
      0.5752770900726318,
      0.7165898680686951,
      0.6970157623291016,
      0.7801569700241089,
      0.8489058017730713,
      0.7536159157752991,
      0.7328431606292725,
      0.6676859259605408,
      0.817804217338562,
      0.8376773595809937,
      0.8772545456886292,
      0.6660771369934082,
      0.6300426721572876,
      0.6747007369995117,
      0.9078296422958374,
      0.6086311340332031
    ],
    "mean": 0.7317476302385331,
    "min": 0.5752770900726318
  },
  "topic_drift": {
    "per_turn": [
      0.8229309320449829,
      0.7659128904342651,
      0.6974829435348511,
      0.4159819483757019,
      0.31998300552368164,
      0.6476331949234009,
      0.6001516580581665,
      0.37833938002586365,
      0.5929865837097168,
      0.5399429798126221,
      0.5179310441017151,
      0.4401686489582062,
      0.33490878343582153,
      0.4318959712982178,
      0.5476815700531006,
      0.5819838047027588,
      0.5409072041511536,
      0.4612135589122772,
      0.5532474517822266,
      0.5605558156967163,
      0.8386068344116211
    ],
    "mean": 0.5519260097117651,
    "min": 0.31998300552368164,
    "drift_slope": -0.0028526747768575613
  },
  "sentiment": {
    "per_turn": [
      0.9423,
      0.9516,
      0.91,
      0.886,
      0.9531,
      0.8689,
      0.9349,
      0.967,
      0.96,
      0.975,
      0.9451,
      0.8402,
      0.9829,
      0.9776,
      0.9274,
      0.962,
      0.9808,
      0.1406,
      0.9661,
      0.9855,
      0.9612
    ],
    "by_speaker": {
      "Lyra": [
        0.9423,
        0.91,
        0.9531,
        0.9349,
        0.96,
        0.9451,
        0.9829,
        0.9274,
        0.9808,
        0.9661,
        0.9612
      ],
      "Cipher": [
        0.9516,
        0.886,
        0.8689,
        0.967,
        0.975,
        0.8402,
        0.9776,
        0.962,
        0.1406,
        0.9855
      ]
    },
    "mean": 0.9056285714285716,
    "slope": -0.004844675324675328,
    "volatility": 0.1751927187627471
  },
  "diversity": {
    "by_speaker": {
      "Lyra": {
        "semantic_diversity": 0.44386380910873413,
        "ttr": 0.42473745624270715
      },
      "Cipher": {
        "semantic_diversity": 0.46688753366470337,
        "ttr": 0.4245562130177515
      }
    },
    "global_ttr": 0.31180691454664056
  }
}