{
  "condition_id": "periso__cipher-persona__t04__r03",
  "topic": "Strong government regulation of AI development will cause more harm than good",
  "turn_count": 21,
  "persona": {
    "by_speaker": {
      "Lyra": {
        "mean": 0.24384898035033434,
        "per_turn": [
          0.43106394067119913,
          0.30228698628414874,
          0.15735642401210326,
          0.12564589164874587,
          0.1721023450804263,
          0.19695196619213604,
          0.23837709260481532,
          0.20818397346737783,
          0.17039007675785486,
          0.19208983956279557,
          0.4878902475720748
        ]
      },
      "Cipher": {
        "mean": 0.815424951869127,
        "per_turn": [
          0.846434825871389,
          0.8235902081171864,
          0.851441580038724,
          0.8271974063634797,
          0.823677416352567,
          0.7570262277358372,
          0.7789112799748842,
          0.8195367969430218,
          0.8229001071952434,
          0.8035336700989375
        ]
      }
    },
    "discrimination": {
      "Lyra": {
        "own_mean": 0.2438,
        "cross_mean": 0.7562,
        "gap": -0.5123
      },
      "Cipher": {
        "own_mean": 0.8154,
        "cross_mean": 0.1846,
        "gap": 0.6308
      }
    }
  },
  "coherence": {
    "per_turn": [
      null,
      0.8416215777397156,
      0.7191585302352905,
      0.706876814365387,
      0.7155890464782715,
      0.8644653558731079,
      0.8173877000808716,
      0.5946364998817444,
      0.7356586456298828,
      0.6799089312553406,
      0.816748857498169,
      0.5693648457527161,
      0.7416085600852966,
      0.7042145133018494,
      0.5364123582839966,
      0.7616064548492432,
      0.8118540048599243,
      0.679983913898468,
      0.769938051700592,
      0.7949143052101135,
      0.6024109721183777
    ],
    "mean": 0.723217996954918,
    "min": 0.5364123582839966
  },
  "topic_drift": {
    "per_turn": [
      0.8771183490753174,
      0.8134959936141968,
      0.5826046466827393,
      0.6687347292900085,
      0.6393597722053528,
      0.6425846815109253,
      0.6450060606002808,
      0.4239872097969055,
      0.5238154530525208,
      0.6965607404708862,
      0.6164563894271851,
      0.31313133239746094,
      0.5978553891181946,
      0.6077295541763306,
      0.4113331437110901,
      0.6993727684020996,
      0.5646505355834961,
      0.7306235432624817,
      0.615830659866333,
      0.6483755707740784,
      0.5411331653594971
    ],
    "mean": 0.6123695089703515,
    "min": 0.31313133239746094,
    "drift_slope": -0.006402642850752005
  },
  "sentiment": {
    "per_turn": [
      0.553,
      0.9152,
      0.9252,
      0.9794,
      0.7351,
      0.7269,
      -0.4404,
      0.228,
      0.8648,
      0.128,
      0.5423,
      0.743,
      0.9468,
      0.9126,
      -0.5859,
      0.872,
      0.4404,
      0.8612,
      0.7227,
      0.8439,
      0.9523
    ],
    "by_speaker": {
      "Lyra": [
        0.553,
        0.9252,
        0.7351,
        -0.4404,
        0.8648,
        0.5423,
        0.9468,
        -0.5859,
        0.4404,
        0.7227,
        0.9523
      ],
      "Cipher": [
        0.9152,
        0.9794,
        0.7269,
        0.228,
        0.128,
        0.743,
        0.9126,
        0.872,
        0.8612,
        0.8439
      ]
    },
    "mean": 0.6126904761904761,
    "slope": 0.0027428571428571406,
    "volatility": 0.43152099425256896
  },
  "diversity": {
    "by_speaker": {
      "Lyra": {
        "semantic_diversity": 0.45853784680366516,
        "ttr": 0.47103658536585363
      },
      "Cipher": {
        "semantic_diversity": 0.3814094662666321,
        "ttr": 0.45840130505709625
      }
    },
    "global_ttr": 0.338849487785658
  }
}