{
  "condition_id": "periso__lyra-persona__t05__r03",
  "topic": "Genetic editing to prevent hereditary diseases in human embryos should be legally permitted",
  "turn_count": 21,
  "persona": {
    "by_speaker": {
      "Lyra": {
        "mean": 0.49855543227216503,
        "per_turn": [
          0.4416130757919472,
          0.5069966799130634,
          0.7163951139969515,
          0.4398372392297048,
          0.5067398590788412,
          0.48042866980911,
          0.5168608021194406,
          0.5203947946202607,
          0.25354597791118993,
          0.5864422523553166,
          0.5148552901679896
        ]
      },
      "Cipher": {
        "mean": 0.7506893267846763,
        "per_turn": [
          0.780011819553101,
          0.7841865779811077,
          0.8077804035584839,
          0.7918831764886338,
          0.780290272832615,
          0.7307602128106888,
          0.726833339439378,
          0.7585119900978963,
          0.7895558192248823,
          0.5570796558599755
        ]
      }
    },
    "discrimination": {
      "Lyra": {
        "own_mean": 0.4986,
        "cross_mean": 0.5014,
        "gap": -0.0029
      },
      "Cipher": {
        "own_mean": 0.7507,
        "cross_mean": 0.2493,
        "gap": 0.5014
      }
    }
  },
  "coherence": {
    "per_turn": [
      null,
      0.8460590839385986,
      0.39378559589385986,
      0.6696450710296631,
      0.7053251266479492,
      0.6509602069854736,
      0.4090445637702942,
      0.6925157308578491,
      0.7364386320114136,
      0.6368032097816467,
      0.524364173412323,
      0.4228512644767761,
      0.38164907693862915,
      0.47287458181381226,
      0.47121918201446533,
      0.4529098868370056,
      0.6742229461669922,
      0.5047516822814941,
      0.6587350368499756,
      0.7438918352127075,
      0.12805932760238647
    ],
    "mean": 0.5588053107261658,
    "min": 0.12805932760238647
  },
  "topic_drift": {
    "per_turn": [
      0.8729881644248962,
      0.7834869027137756,
      0.2941993474960327,
      0.4884338974952698,
      0.6156519651412964,
      0.5561954975128174,
      0.30100560188293457,
      0.5838735103607178,
      0.6353312134742737,
      0.4947497248649597,
      0.6645060777664185,
      0.10580715537071228,
      0.5824713706970215,
      0.044646140187978745,
      0.5377153158187866,
      0.011886436492204666,
      0.05524325370788574,
      0.1086806207895279,
      0.08090154081583023,
      0.04014594852924347,
      0.5955953598022461
    ],
    "mean": 0.40254833549261093,
    "min": 0.011886436492204666,
    "drift_slope": -0.027374227412722316
  },
  "sentiment": {
    "per_turn": [
      0.4767,
      0.4118,
      0.7964,
      -0.5881,
      0.8367,
      0.9485,
      0.4588,
      0.5699,
      0.9408,
      0.7793,
      0.9287,
      0.9524,
      0.5803,
      0.8689,
      0.9567,
      0.8198,
      0.8979,
      0.8625,
      0.8774,
      0.9571,
      0.8957
    ],
    "by_speaker": {
      "Lyra": [
        0.4767,
        0.7964,
        0.8367,
        0.4588,
        0.9408,
        0.9287,
        0.5803,
        0.9567,
        0.8979,
        0.8774,
        0.8957
      ],
      "Cipher": [
        0.4118,
        -0.5881,
        0.9485,
        0.5699,
        0.7793,
        0.9524,
        0.8689,
        0.8198,
        0.8625,
        0.9571
      ]
    },
    "mean": 0.725152380952381,
    "slope": 0.028525064935064945,
    "volatility": 0.3414603743573123
  },
  "diversity": {
    "by_speaker": {
      "Lyra": {
        "semantic_diversity": 0.5709605813026428,
        "ttr": 0.5260663507109005
      },
      "Cipher": {
        "semantic_diversity": 0.7000473737716675,
        "ttr": 0.5379426644182125
      }
    },
    "global_ttr": 0.3931484502446982
  }
}