{
  "condition_id": "periso__lyra-persona__t07__r01",
  "topic": "Meaningful climate action and sustained economic growth are fundamentally incompatible",
  "turn_count": 21,
  "persona": {
    "by_speaker": {
      "Lyra": {
        "mean": 0.47969102567409383,
        "per_turn": [
          0.47559315141920266,
          0.4288564342927572,
          0.48004869695371183,
          0.46553876931542293,
          0.4789191728253378,
          0.5270204281642912,
          0.2724132720363062,
          0.7593611186304084,
          0.24338681003639775,
          0.5483489335303335,
          0.5971144952108622
        ]
      },
      "Cipher": {
        "mean": 0.7281848564187493,
        "per_turn": [
          0.8128587288773319,
          0.782784685688922,
          0.7561008021604188,
          0.7760157410534907,
          0.7562269974059393,
          0.7447072088899993,
          0.7741656490908435,
          0.7230707200186689,
          0.47056771561355787,
          0.6853503153883214
        ]
      }
    },
    "discrimination": {
      "Lyra": {
        "own_mean": 0.4797,
        "cross_mean": 0.5203,
        "gap": -0.0406
      },
      "Cipher": {
        "own_mean": 0.7282,
        "cross_mean": 0.2718,
        "gap": 0.4564
      }
    }
  },
  "coherence": {
    "per_turn": [
      null,
      0.8461724519729614,
      0.7095756530761719,
      0.6805953979492188,
      0.8039723634719849,
      0.485901415348053,
      0.6117889881134033,
      0.6030584573745728,
      0.5822737812995911,
      0.45481449365615845,
      0.729469895362854,
      0.6510487794876099,
      0.6881941556930542,
      0.7114753723144531,
      0.666121780872345,
      0.7321381568908691,
      0.7255781888961792,
      0.6950268745422363,
      0.7263932824134827,
      0.6075373291969299,
      0.3406592309474945
    ],
    "mean": 0.6525898024439811,
    "min": 0.3406592309474945
  },
  "topic_drift": {
    "per_turn": [
      0.7385392189025879,
      0.6965560913085938,
      0.6173688173294067,
      0.45210695266723633,
      0.4412202537059784,
      0.38189414143562317,
      0.5846453905105591,
      0.3868792653083801,
      0.41459524631500244,
      0.739267110824585,
      0.6517974138259888,
      0.40594470500946045,
      0.38491135835647583,
      0.6236966848373413,
      0.5979128479957581,
      0.5490500926971436,
      0.4696313142776489,
      0.453011691570282,
      0.61424720287323,
      0.23037487268447876,
      0.04706355556845665
    ],
    "mean": 0.49908162990496274,
    "min": 0.04706355556845665,
    "drift_slope": -0.012664869243835471
  },
  "sentiment": {
    "per_turn": [
      0.8126,
      0.7003,
      0.8373,
      0.5023,
      0.4689,
      0.8689,
      0.8047,
      0.7579,
      0.8442,
      0.8462,
      0.9402,
      -0.4767,
      0.9136,
      0.9246,
      0.9284,
      0.8885,
      0.9468,
      0.8977,
      0.9538,
      0.8562,
      0.8885
    ],
    "by_speaker": {
      "Lyra": [
        0.8126,
        0.8373,
        0.4689,
        0.8047,
        0.8442,
        0.9402,
        0.9136,
        0.9284,
        0.9468,
        0.9538,
        0.8885
      ],
      "Cipher": [
        0.7003,
        0.5023,
        0.8689,
        0.7579,
        0.8462,
        -0.4767,
        0.9246,
        0.8885,
        0.8977,
        0.8562
      ]
    },
    "mean": 0.7668999999999999,
    "slope": 0.011218311688311678,
    "volatility": 0.3059312979209859
  },
  "diversity": {
    "by_speaker": {
      "Lyra": {
        "semantic_diversity": 0.5913748145103455,
        "ttr": 0.4893939393939394
      },
      "Cipher": {
        "semantic_diversity": 0.5918325781822205,
        "ttr": 0.47703180212014135
      }
    },
    "global_ttr": 0.3694942903752039
  }
}