{
  "condition_id": "periso__cipher-persona__t05__r03",
  "topic": "Genetic editing to prevent hereditary diseases in human embryos should be legally permitted",
  "turn_count": 21,
  "persona": {
    "by_speaker": {
      "Lyra": {
        "mean": 0.2942162161134103,
        "per_turn": [
          0.45536541647456696,
          0.22125015682728635,
          0.22397221300593495,
          0.23960322425266403,
          0.2982670373886349,
          0.2281228503358507,
          0.2065124605701556,
          0.2839897281628707,
          0.28945357351864254,
          0.2594014548723945,
          0.5304402618385122
        ]
      },
      "Cipher": {
        "mean": 0.7563336156412328,
        "per_turn": [
          0.7846975382640948,
          0.7875468393526683,
          0.7741528065977206,
          0.7291837645316657,
          0.7543447991738564,
          0.8210113918028149,
          0.7304115178110195,
          0.7291064755482317,
          0.7076009032689029,
          0.7452801200613532
        ]
      }
    },
    "discrimination": {
      "Lyra": {
        "own_mean": 0.2942,
        "cross_mean": 0.7058,
        "gap": -0.4116
      },
      "Cipher": {
        "own_mean": 0.7563,
        "cross_mean": 0.2437,
        "gap": 0.5127
      }
    }
  },
  "coherence": {
    "per_turn": [
      null,
      0.7083727717399597,
      0.7983250021934509,
      0.7155274152755737,
      0.7775053381919861,
      0.7417117357254028,
      0.8646137714385986,
      0.7751160264015198,
      0.43207940459251404,
      0.4170469045639038,
      0.6724293231964111,
      0.5853879451751709,
      0.6492850184440613,
      0.638788104057312,
      0.77326500415802,
      0.7561182975769043,
      0.890838623046875,
      0.8458982706069946,
      0.8220152854919434,
      0.8148986101150513,
      0.6493216753005981
    ],
    "mean": 0.7164272263646125,
    "min": 0.4170469045639038
  },
  "topic_drift": {
    "per_turn": [
      0.7719770669937134,
      0.7979962825775146,
      0.6478893756866455,
      0.7113425731658936,
      0.6803233623504639,
      0.6869443655014038,
      0.5766499042510986,
      0.6199734210968018,
      0.20530878007411957,
      0.691169023513794,
      0.46878767013549805,
      0.2747870087623596,
      0.6073923110961914,
      0.5529307126998901,
      0.6209591031074524,
      0.5941377878189087,
      0.48509663343429565,
      0.38948243856430054,
      0.548111081123352,
      0.6079162359237671,
      0.43786609172821045
    ],
    "mean": 0.5703352966478893,
    "min": 0.20530878007411957,
    "drift_slope": -0.012174775344984873
  },
  "sentiment": {
    "per_turn": [
      0.5859,
      -0.2732,
      -0.8338,
      0.4767,
      0.7227,
      0.6256,
      0.8271,
      -0.4215,
      0.9138,
      0.1027,
      0.1279,
      0.558,
      0.8689,
      0.8555,
      0.714,
      0.5338,
      0.8923,
      0.9518,
      0.8779,
      0.8807,
      0.9771
    ],
    "by_speaker": {
      "Lyra": [
        0.5859,
        -0.8338,
        0.7227,
        0.8271,
        0.9138,
        0.1279,
        0.8689,
        0.714,
        0.8923,
        0.8779,
        0.9771
      ],
      "Cipher": [
        -0.2732,
        0.4767,
        0.6256,
        -0.4215,
        0.1027,
        0.558,
        0.8555,
        0.5338,
        0.9518,
        0.8807
      ]
    },
    "mean": 0.5220904761904761,
    "slope": 0.04625857142857142,
    "volatility": 0.4903718607486149
  },
  "diversity": {
    "by_speaker": {
      "Lyra": {
        "semantic_diversity": 0.47419658303260803,
        "ttr": 0.42017879948914433
      },
      "Cipher": {
        "semantic_diversity": 0.3952990174293518,
        "ttr": 0.4688995215311005
      }
    },
    "global_ttr": 0.33404255319148934
  }
}