{
  "condition_id": "periso__lyra-persona__t02__r02",
  "topic": "Universal basic income would reduce workforce participation and innovation over time",
  "turn_count": 21,
  "persona": {
    "by_speaker": {
      "Lyra": {
        "mean": 0.5515308962667024,
        "per_turn": [
          0.4749671737056811,
          0.5051049366006133,
          0.5090524237432996,
          0.7447870080203073,
          0.4739861555451685,
          0.50756407992568,
          0.49000266599099007,
          0.4619167472976844,
          0.5212790026320943,
          0.769361392577654,
          0.6088182728945537
        ]
      },
      "Cipher": {
        "mean": 0.7596667433088709,
        "per_turn": [
          0.7783734454653418,
          0.7848015971006581,
          0.7897503043606888,
          0.7593094126621296,
          0.7223815967117185,
          0.7505611737722131,
          0.7648211171464132,
          0.7373962684275516,
          0.7563389513844243,
          0.7529335660575691
        ]
      }
    },
    "discrimination": {
      "Lyra": {
        "own_mean": 0.5515,
        "cross_mean": 0.4485,
        "gap": 0.1031
      },
      "Cipher": {
        "own_mean": 0.7597,
        "cross_mean": 0.2403,
        "gap": 0.5193
      }
    }
  },
  "coherence": {
    "per_turn": [
      null,
      0.72613126039505,
      0.7034085988998413,
      0.7537469863891602,
      0.7428920865058899,
      0.7603001594543457,
      0.7721875309944153,
      0.6789684295654297,
      0.751710057258606,
      0.7959229350090027,
      0.6858460307121277,
      0.7678579092025757,
      0.8082799911499023,
      0.7765995264053345,
      0.7040526866912842,
      0.6875408887863159,
      0.768485426902771,
      0.7391051054000854,
      0.5204392075538635,
      0.8571892380714417,
      0.1902148723602295
    ],
    "mean": 0.7095439463853837,
    "min": 0.1902148723602295
  },
  "topic_drift": {
    "per_turn": [
      0.8001383543014526,
      0.8545846343040466,
      0.6270731687545776,
      0.663353681564331,
      0.6790196299552917,
      0.6932875514030457,
      0.4610765874385834,
      0.32179686427116394,
      0.27837151288986206,
      0.3709176182746887,
      0.29640352725982666,
      0.28786933422088623,
      0.2556532323360443,
      0.24654625356197357,
      0.20853552222251892,
      0.2790522575378418,
      0.271337628364563,
      0.24636210501194,
      0.5821351408958435,
      0.7029879689216614,
      -0.016982655972242355
    ],
    "mean": 0.4337866627389476,
    "min": -0.016982655972242355,
    "drift_slope": -0.02428012307394634
  },
  "sentiment": {
    "per_turn": [
      0.3506,
      0.765,
      0.9516,
      0.9422,
      0.9166,
      0.9194,
      0.9353,
      0.9853,
      0.9843,
      0.2617,
      0.8995,
      0.5994,
      0.9088,
      0.8615,
      0.9733,
      0.7992,
      0.8852,
      0.802,
      0.9543,
      0.8537,
      0.9712
    ],
    "by_speaker": {
      "Lyra": [
        0.3506,
        0.9516,
        0.9166,
        0.9353,
        0.9843,
        0.8995,
        0.9088,
        0.9733,
        0.8852,
        0.9543,
        0.9712
      ],
      "Cipher": [
        0.765,
        0.9422,
        0.9194,
        0.9853,
        0.2617,
        0.5994,
        0.8615,
        0.7992,
        0.802,
        0.8537
      ]
    },
    "mean": 0.8342904761904761,
    "slope": 0.006782337662337652,
    "volatility": 0.19333934614154435
  },
  "diversity": {
    "by_speaker": {
      "Lyra": {
        "semantic_diversity": 0.6315906047821045,
        "ttr": 0.4513157894736842
      },
      "Cipher": {
        "semantic_diversity": 0.5589174032211304,
        "ttr": 0.45339652448657186
      }
    },
    "global_ttr": 0.33524766690595836
  }
}