{
  "condition_id": "periso__cipher-persona__t05__r01",
  "topic": "Genetic editing to prevent hereditary diseases in human embryos should be legally permitted",
  "turn_count": 21,
  "persona": {
    "by_speaker": {
      "Lyra": {
        "mean": 0.2562692110718516,
        "per_turn": [
          0.4551476396437669,
          0.20360526155385306,
          0.17715027774186554,
          0.213558013549796,
          0.23882182595428963,
          0.25380626266298595,
          0.25040068558654605,
          0.2317408736808628,
          0.24032140506790184,
          0.2825491639231829,
          0.2718599124253166
        ]
      },
      "Cipher": {
        "mean": 0.7745516958479662,
        "per_turn": [
          0.779039938275959,
          0.7911477038581683,
          0.8084444397676323,
          0.7783408863232452,
          0.7452128126660863,
          0.7853684066891877,
          0.8042536333584798,
          0.7905182553647105,
          0.7311125852045142,
          0.7320782969716788
        ]
      }
    },
    "discrimination": {
      "Lyra": {
        "own_mean": 0.2563,
        "cross_mean": 0.7437,
        "gap": -0.4875
      },
      "Cipher": {
        "own_mean": 0.7746,
        "cross_mean": 0.2254,
        "gap": 0.5491
      }
    }
  },
  "coherence": {
    "per_turn": [
      null,
      0.6268872022628784,
      0.8193830847740173,
      0.7965604662895203,
      0.4697222113609314,
      0.4189996123313904,
      0.6944922208786011,
      0.47232452034950256,
      0.6255090832710266,
      0.6952886581420898,
      0.3712742328643799,
      0.8183621168136597,
      0.6610394716262817,
      0.6700180768966675,
      0.628875732421875,
      0.6138620376586914,
      0.7283772230148315,
      0.4579143524169922,
      0.5009152889251709,
      0.5457273721694946,
      0.8440050482749939
    ],
    "mean": 0.6229769006371498,
    "min": 0.3712742328643799
  },
  "topic_drift": {
    "per_turn": [
      0.7865705490112305,
      0.6565889120101929,
      0.6872488856315613,
      0.6428571343421936,
      0.29875946044921875,
      0.5789945125579834,
      0.7126491069793701,
      0.20391598343849182,
      0.09300874173641205,
      0.11175474524497986,
      0.11354778707027435,
      0.14059603214263916,
      0.10225653648376465,
      0.148005872964859,
      0.02593286894261837,
      0.1224241703748703,
      0.1337279975414276,
      0.5509740114212036,
      0.3355574607849121,
      0.6652959585189819,
      0.5810884237289429
    ],
    "mean": 0.3662740548274347,
    "min": 0.02593286894261837,
    "drift_slope": -0.015030480505197083
  },
  "sentiment": {
    "per_turn": [
      -0.2023,
      0.5883,
      0.6968,
      0.4588,
      0.3612,
      0.2547,
      -0.8338,
      0.9001,
      0.6486,
      0.0,
      0.9654,
      0.952,
      0.9423,
      0.8947,
      0.9274,
      0.9237,
      0.8225,
      0.9231,
      0.8957,
      0.7184,
      0.9501
    ],
    "by_speaker": {
      "Lyra": [
        -0.2023,
        0.6968,
        0.3612,
        -0.8338,
        0.6486,
        0.9654,
        0.9423,
        0.9274,
        0.8225,
        0.8957,
        0.9501
      ],
      "Cipher": [
        0.5883,
        0.4588,
        0.2547,
        0.9001,
        0.0,
        0.952,
        0.8947,
        0.9237,
        0.9231,
        0.7184
      ]
    },
    "mean": 0.6089380952380953,
    "slope": 0.041840259740259754,
    "volatility": 0.458114771932797
  },
  "diversity": {
    "by_speaker": {
      "Lyra": {
        "semantic_diversity": 0.6718471050262451,
        "ttr": 0.49201741654571846
      },
      "Cipher": {
        "semantic_diversity": 0.6168311238288879,
        "ttr": 0.5074135090609555
      }
    },
    "global_ttr": 0.37191358024691357
  }
}