{
  "condition_id": "periso__cipher-persona__t04__r02",
  "topic": "Strong government regulation of AI development will cause more harm than good",
  "turn_count": 21,
  "persona": {
    "by_speaker": {
      "Lyra": {
        "mean": 0.2971819507405502,
        "per_turn": [
          0.43191403785287075,
          0.17766720115853418,
          0.17102977507436262,
          0.383581358205106,
          0.18362775078674112,
          0.19420170552662738,
          0.18834865786763672,
          0.3596040077156332,
          0.4745922532392026,
          0.21006937552137347,
          0.4943653351979645
        ]
      },
      "Cipher": {
        "mean": 0.7846072838415314,
        "per_turn": [
          0.8309331704420255,
          0.8064341887487125,
          0.8187119496523353,
          0.838870766050252,
          0.7911375797414111,
          0.831282450609408,
          0.5332469432088418,
          0.7958324881953605,
          0.8012583950101921,
          0.7983649067567757
        ]
      }
    },
    "discrimination": {
      "Lyra": {
        "own_mean": 0.2972,
        "cross_mean": 0.7028,
        "gap": -0.4056
      },
      "Cipher": {
        "own_mean": 0.7846,
        "cross_mean": 0.2154,
        "gap": 0.5692
      }
    }
  },
  "coherence": {
    "per_turn": [
      null,
      0.8543221950531006,
      0.8263285160064697,
      0.7792850732803345,
      0.8412481546401978,
      0.7790516018867493,
      0.7532802820205688,
      0.8417079448699951,
      0.7316027879714966,
      0.7958657741546631,
      0.6477071046829224,
      0.701858401298523,
      0.5933147668838501,
      0.7454364895820618,
      0.5376793146133423,
      0.6642053127288818,
      0.7595962882041931,
      0.7482427358627319,
      0.6578799486160278,
      0.8088639974594116,
      0.37162190675735474
    ],
    "mean": 0.7219549298286438,
    "min": 0.37162190675735474
  },
  "topic_drift": {
    "per_turn": [
      0.8712500333786011,
      0.8420852422714233,
      0.7680754065513611,
      0.8046683669090271,
      0.7903182506561279,
      0.7674661874771118,
      0.6535497307777405,
      0.6749653816223145,
      0.6371926069259644,
      0.6519954204559326,
      0.6214375495910645,
      0.7196985483169556,
      0.4915524423122406,
      0.5689998865127563,
      0.32868069410324097,
      0.6146906018257141,
      0.34721219539642334,
      0.28778454661369324,
      0.39330175518989563,
      0.5192345976829529,
      0.5381919145584106
    ],
    "mean": 0.6139214932918549,
    "min": 0.28778454661369324,
    "drift_slope": -0.023527372773591564
  },
  "sentiment": {
    "per_turn": [
      0.6879,
      0.8553,
      0.9538,
      -0.9505,
      0.8462,
      0.8658,
      0.2886,
      0.7458,
      0.8365,
      -0.5719,
      0.7918,
      0.6486,
      0.8735,
      0.8225,
      0.2617,
      0.49,
      0.3687,
      0.7035,
      0.705,
      -0.1613,
      0.92
    ],
    "by_speaker": {
      "Lyra": [
        0.6879,
        0.9538,
        0.8462,
        0.2886,
        0.8365,
        0.7918,
        0.8735,
        0.2617,
        0.3687,
        0.705,
        0.92
      ],
      "Cipher": [
        0.8553,
        -0.9505,
        0.8658,
        0.7458,
        -0.5719,
        0.6486,
        0.8225,
        0.49,
        0.7035,
        -0.1613
      ]
    },
    "mean": 0.5229285714285714,
    "slope": -0.0007374025974025772,
    "volatility": 0.49777513774303955
  },
  "diversity": {
    "by_speaker": {
      "Lyra": {
        "semantic_diversity": 0.5130158066749573,
        "ttr": 0.47714285714285715
      },
      "Cipher": {
        "semantic_diversity": 0.39127108454704285,
        "ttr": 0.4565916398713826
      }
    },
    "global_ttr": 0.3524962178517398
  }
}