{
  "condition_id": "periso__cipher-persona__t04__r01",
  "topic": "Strong government regulation of AI development will cause more harm than good",
  "turn_count": 21,
  "persona": {
    "by_speaker": {
      "Lyra": {
        "mean": 0.2684510881696464,
        "per_turn": [
          0.47260567367345074,
          0.37849860290480714,
          0.19250925223342397,
          0.14131709676021226,
          0.2270584746645817,
          0.24970314697420665,
          0.22240250294619715,
          0.16740497239698823,
          0.21136932351483537,
          0.2039705312783488,
          0.4861223925190583
        ]
      },
      "Cipher": {
        "mean": 0.7976113798342584,
        "per_turn": [
          0.838165434634462,
          0.8652122383438383,
          0.8085850823195442,
          0.8019924856451266,
          0.7464763769495425,
          0.6550688830251126,
          0.8093170072772989,
          0.8569996034750971,
          0.7744753511715938,
          0.8198213355009688
        ]
      }
    },
    "discrimination": {
      "Lyra": {
        "own_mean": 0.2685,
        "cross_mean": 0.7315,
        "gap": -0.4631
      },
      "Cipher": {
        "own_mean": 0.7976,
        "cross_mean": 0.2024,
        "gap": 0.5952
      }
    }
  },
  "coherence": {
    "per_turn": [
      null,
      0.6187421083450317,
      0.7954578995704651,
      0.8120119571685791,
      0.841301679611206,
      0.8643742203712463,
      0.5376187562942505,
      0.6094998717308044,
      0.6545899510383606,
      0.500984787940979,
      0.6456717848777771,
      0.5480243563652039,
      0.6098325848579407,
      0.5075846910476685,
      0.6380521655082703,
      0.4159783720970154,
      0.42251381278038025,
      0.5462414026260376,
      0.5607222318649292,
      0.5942162275314331,
      0.3247620463371277
    ],
    "mean": 0.6024090453982354,
    "min": 0.3247620463371277
  },
  "topic_drift": {
    "per_turn": [
      0.7818343639373779,
      0.6421831846237183,
      0.7125576138496399,
      0.7640512585639954,
      0.7150239944458008,
      0.6929599046707153,
      0.3954663872718811,
      0.3575950264930725,
      0.24623805284500122,
      0.2688645124435425,
      0.3192964792251587,
      0.20091697573661804,
      0.1991666704416275,
      0.15074396133422852,
      0.14274904131889343,
      0.2578413486480713,
      0.43148815631866455,
      0.28839319944381714,
      0.6458755731582642,
      0.5306215882301331,
      0.5617124438285828
    ],
    "mean": 0.4431228446108954,
    "min": 0.14274904131889343,
    "drift_slope": -0.01654371038659826
  },
  "sentiment": {
    "per_turn": [
      0.8689,
      0.7818,
      0.6542,
      0.8316,
      0.8201,
      0.6597,
      -0.2263,
      -0.128,
      0.3804,
      0.8248,
      -0.0258,
      0.9571,
      0.4767,
      -0.1531,
      0.7469,
      0.7494,
      -0.0772,
      -0.0772,
      -0.1531,
      0.7184,
      0.9531
    ],
    "by_speaker": {
      "Lyra": [
        0.8689,
        0.6542,
        0.8201,
        -0.2263,
        0.3804,
        -0.0258,
        0.4767,
        0.7469,
        -0.0772,
        -0.1531,
        0.9531
      ],
      "Cipher": [
        0.7818,
        0.8316,
        0.6597,
        -0.128,
        0.8248,
        0.9571,
        -0.1531,
        0.7494,
        -0.0772,
        0.7184
      ]
    },
    "mean": 0.4563047619047619,
    "slope": -0.01732662337662339,
    "volatility": 0.4287472820696199
  },
  "diversity": {
    "by_speaker": {
      "Lyra": {
        "semantic_diversity": 0.632995069026947,
        "ttr": 0.5421686746987951
      },
      "Cipher": {
        "semantic_diversity": 0.6301224827766418,
        "ttr": 0.5234521575984991
      }
    },
    "global_ttr": 0.41921005385996407
  }
}