{
  "condition_id": "periso__cipher-persona__t03__r01",
  "topic": "The resources spent on space exploration would produce greater good if redirected to Earth's problems",
  "turn_count": 21,
  "persona": {
    "by_speaker": {
      "Lyra": {
        "mean": 0.35975944546570165,
        "per_turn": [
          0.5499681352914162,
          0.3025789306381991,
          0.5487394868920809,
          0.5011697130630133,
          0.26616320068048127,
          0.2592196058345295,
          0.27366509616718654,
          0.3078631592571387,
          0.3238892398189267,
          0.29844243416921135,
          0.3256548983105346
        ]
      },
      "Cipher": {
        "mean": 0.7191764312469606,
        "per_turn": [
          0.7528920511278582,
          0.7179547245258047,
          0.7036704503316656,
          0.7687582589001297,
          0.7026865677587735,
          0.7546831238481666,
          0.7059887633461684,
          0.6877805592110662,
          0.692487458034927,
          0.7048623553850464
        ]
      }
    },
    "discrimination": {
      "Lyra": {
        "own_mean": 0.3598,
        "cross_mean": 0.6402,
        "gap": -0.2805
      },
      "Cipher": {
        "own_mean": 0.7192,
        "cross_mean": 0.2808,
        "gap": 0.4384
      }
    }
  },
  "coherence": {
    "per_turn": [
      null,
      0.5971887707710266,
      0.7216594815254211,
      0.7103567719459534,
      0.7369763255119324,
      0.6270171999931335,
      0.6652812957763672,
      0.5984965562820435,
      0.6030508279800415,
      0.7043605446815491,
      0.8421112298965454,
      0.4569440484046936,
      0.571770429611206,
      0.347739577293396,
      0.6549570560455322,
      0.8477510809898376,
      0.5502336621284485,
      0.7256478071212769,
      0.6972144842147827,
      0.7095683813095093,
      0.7118996381759644
    ],
    "mean": 0.6540112584829331,
    "min": 0.347739577293396
  },
  "topic_drift": {
    "per_turn": [
      0.6233636736869812,
      0.7487466335296631,
      0.6178375482559204,
      0.6415107846260071,
      0.5352143049240112,
      0.4200216233730316,
      0.31515535712242126,
      0.3490959405899048,
      0.4847525954246521,
      0.4353289008140564,
      0.4911932349205017,
      0.3909216523170471,
      0.2838016748428345,
      0.1675071120262146,
      0.2460658997297287,
      0.181601881980896,
      0.5556671619415283,
      0.22208057343959808,
      0.16646002233028412,
      0.28964000940322876,
      0.23792098462581635
    ],
    "mean": 0.40018512237639653,
    "min": 0.16646002233028412,
    "drift_slope": -0.021909393718490357
  },
  "sentiment": {
    "per_turn": [
      0.7269,
      0.8522,
      0.9082,
      0.431,
      0.2983,
      0.8406,
      0.9274,
      -0.0015,
      0.2023,
      -0.5267,
      0.5859,
      0.9136,
      0.8934,
      0.5023,
      0.8051,
      0.4767,
      -0.2287,
      0.8519,
      0.5725,
      0.765,
      0.9042
    ],
    "by_speaker": {
      "Lyra": [
        0.7269,
        0.9082,
        0.2983,
        0.9274,
        0.2023,
        0.5859,
        0.8934,
        0.8051,
        -0.2287,
        0.5725,
        0.9042
      ],
      "Cipher": [
        0.8522,
        0.431,
        0.8406,
        -0.0015,
        -0.5267,
        0.9136,
        0.5023,
        0.4767,
        0.8519,
        0.765
      ]
    },
    "mean": 0.5571714285714287,
    "slope": 0.0001455844155844079,
    "volatility": 0.39835476070225345
  },
  "diversity": {
    "by_speaker": {
      "Lyra": {
        "semantic_diversity": 0.5495836734771729,
        "ttr": 0.4568452380952381
      },
      "Cipher": {
        "semantic_diversity": 0.6097251176834106,
        "ttr": 0.4671163575042159
      }
    },
    "global_ttr": 0.33992094861660077
  }
}