{
  "condition_id": "periso__lyra-persona__t04__r02",
  "topic": "Strong government regulation of AI development will cause more harm than good",
  "turn_count": 21,
  "persona": {
    "by_speaker": {
      "Lyra": {
        "mean": 0.4565156903357772,
        "per_turn": [
          0.47936773318833387,
          0.4359584175677913,
          0.6153070317911874,
          0.4929466565388668,
          0.3942552364941804,
          0.44699643471538236,
          0.45723966200274685,
          0.4474317626536133,
          0.4475637195160522,
          0.18840047132189885,
          0.6162054679034954
        ]
      },
      "Cipher": {
        "mean": 0.8126753231275368,
        "per_turn": [
          0.8415259913496909,
          0.8862582107355446,
          0.8074274422760344,
          0.8143254826356096,
          0.8557719120427045,
          0.8090791655765662,
          0.7895229194340189,
          0.7619073875044526,
          0.7809936555734552,
          0.7799410641472907
        ]
      }
    },
    "discrimination": {
      "Lyra": {
        "own_mean": 0.4565,
        "cross_mean": 0.5435,
        "gap": -0.087
      },
      "Cipher": {
        "own_mean": 0.8127,
        "cross_mean": 0.1873,
        "gap": 0.6254
      }
    }
  },
  "coherence": {
    "per_turn": [
      null,
      0.7841265797615051,
      0.7875375151634216,
      0.8011345863342285,
      0.6209379434585571,
      0.6130214929580688,
      0.7218232750892639,
      0.7346490621566772,
      0.7483135461807251,
      0.8208759427070618,
      0.6798898577690125,
      0.6977895498275757,
      0.6949223875999451,
      0.7819961309432983,
      0.7507626414299011,
      0.7596462368965149,
      0.8527936935424805,
      0.7910953760147095,
      0.6776398420333862,
      0.7964715957641602,
      0.06474196910858154
    ],
    "mean": 0.7090084612369537,
    "min": 0.06474196910858154
  },
  "topic_drift": {
    "per_turn": [
      0.8325524926185608,
      0.8286495208740234,
      0.7959340214729309,
      0.7923585772514343,
      0.4076145589351654,
      0.4145660400390625,
      0.44790974259376526,
      0.590347945690155,
      0.6858368515968323,
      0.6927526593208313,
      0.5719162225723267,
      0.5795519948005676,
      0.38279131054878235,
      0.4124058485031128,
      0.5347977876663208,
      0.5716695785522461,
      0.6609148979187012,
      0.584063708782196,
      0.6769489049911499,
      0.6236479878425598,
      0.09092361479997635
    ],
    "mean": 0.5799121079700333,
    "min": 0.09092361479997635,
    "drift_slope": -0.013339602231205294
  },
  "sentiment": {
    "per_turn": [
      0.6914,
      0.4211,
      0.6465,
      0.8492,
      0.8583,
      0.7523,
      0.8834,
      0.8674,
      0.6124,
      0.743,
      0.9505,
      0.8036,
      0.9423,
      0.8793,
      0.9118,
      0.9493,
      0.9596,
      0.8922,
      0.8812,
      0.9597,
      0.9441
    ],
    "by_speaker": {
      "Lyra": [
        0.6914,
        0.6465,
        0.8583,
        0.8834,
        0.6124,
        0.9505,
        0.9423,
        0.9118,
        0.9596,
        0.8812,
        0.9441
      ],
      "Cipher": [
        0.4211,
        0.8492,
        0.7523,
        0.8674,
        0.743,
        0.8036,
        0.8793,
        0.9493,
        0.8922,
        0.9597
      ]
    },
    "mean": 0.828504761904762,
    "slope": 0.015604545454545461,
    "volatility": 0.13640283992362118
  },
  "diversity": {
    "by_speaker": {
      "Lyra": {
        "semantic_diversity": 0.5599232316017151,
        "ttr": 0.4623338257016248
      },
      "Cipher": {
        "semantic_diversity": 0.4485630989074707,
        "ttr": 0.45145631067961167
      }
    },
    "global_ttr": 0.34517374517374516
  }
}